SET IDENTITY_INSERT [dbo].[dubbDomain] ON
INSERT INTO [dbo].[dubbDomain] ([domainIntno], [domainName], [domainCode], [domainValue], [userMessage], [valueUsage], [langCode], [sortOrder], [minAccessLevel], [status]) VALUES (1, N'langCode', N'en', N'English', NULL, N'USR', N'en', 1, 0, 1)
INSERT INTO [dbo].[dubbDomain] ([domainIntno], [domainName], [domainCode], [domainValue], [userMessage], [valueUsage], [langCode], [sortOrder], [minAccessLevel], [status]) VALUES (2, N'langCode', N'ar', N'Arabic', NULL, N'USR', N'en', 2, 0, 1)
INSERT INTO [dbo].[dubbDomain] ([domainIntno], [domainName], [domainCode], [domainValue], [userMessage], [valueUsage], [langCode], [sortOrder], [minAccessLevel], [status]) VALUES (3, N'langCode', N'en', N'انكليزي', NULL, N'USR', N'ar', 1, 0, 1)
INSERT INTO [dbo].[dubbDomain] ([domainIntno], [domainName], [domainCode], [domainValue], [userMessage], [valueUsage], [langCode], [sortOrder], [minAccessLevel], [status]) VALUES (4, N'langCode', N'ar', N'عربي', NULL, N'USR', N'ar', 2, 0, 1)
INSERT INTO [dbo].[dubbDomain] ([domainIntno], [domainName], [domainCode], [domainValue], [userMessage], [valueUsage], [langCode], [sortOrder], [minAccessLevel], [status]) VALUES (5, N'contactParty', N'01', N'Client', NULL, N'USR', N'en', 1, 0, 1)
INSERT INTO [dbo].[dubbDomain] ([domainIntno], [domainName], [domainCode], [domainValue], [userMessage], [valueUsage], [langCode], [sortOrder], [minAccessLevel], [status]) VALUES (6, N'contactParty', N'02', N'Translation', NULL, N'USR', N'en', 2, 0, 1)
INSERT INTO [dbo].[dubbDomain] ([domainIntno], [domainName], [domainCode], [domainValue], [userMessage], [valueUsage], [langCode], [sortOrder], [minAccessLevel], [status]) VALUES (7, N'contactParty', N'03', N'Adaptation', NULL, N'USR', N'en', 3, 0, 1)
INSERT INTO [dbo].[dubbDomain] ([domainIntno], [domainName], [domainCode], [domainValue], [userMessage], [valueUsage], [langCode], [sortOrder], [minAccessLevel], [status]) VALUES (8, N'contactParty', N'04', N'Music & Sound Effects', NULL, N'USR', N'en', 4, 0, 1)
INSERT INTO [dbo].[dubbDomain] ([domainIntno], [domainName], [domainCode], [domainValue], [userMessage], [valueUsage], [langCode], [sortOrder], [minAccessLevel], [status]) VALUES (9, N'contactParty', N'01', N'الزبون', NULL, N'USR', N'ar', 1, 0, 1)
INSERT INTO [dbo].[dubbDomain] ([domainIntno], [domainName], [domainCode], [domainValue], [userMessage], [valueUsage], [langCode], [sortOrder], [minAccessLevel], [status]) VALUES (10, N'contactParty', N'02', N'الترجمة', NULL, N'USR', N'ar', 2, 0, 1)
INSERT INTO [dbo].[dubbDomain] ([domainIntno], [domainName], [domainCode], [domainValue], [userMessage], [valueUsage], [langCode], [sortOrder], [minAccessLevel], [status]) VALUES (11, N'contactParty', N'03', N'الإعداد', NULL, N'USR', N'ar', 3, 0, 1)
INSERT INTO [dbo].[dubbDomain] ([domainIntno], [domainName], [domainCode], [domainValue], [userMessage], [valueUsage], [langCode], [sortOrder], [minAccessLevel], [status]) VALUES (12, N'contactParty', N'04', N'موسيقى و مؤثرات صوتية', NULL, N'USR', N'ar', 4, 0, 1)
INSERT INTO [dbo].[dubbDomain] ([domainIntno], [domainName], [domainCode], [domainValue], [userMessage], [valueUsage], [langCode], [sortOrder], [minAccessLevel], [status]) VALUES (13, N'agreementType', N'01', N'Agreement', NULL, N'USR', N'en', 1, 0, 1)
INSERT INTO [dbo].[dubbDomain] ([domainIntno], [domainName], [domainCode], [domainValue], [userMessage], [valueUsage], [langCode], [sortOrder], [minAccessLevel], [status]) VALUES (15, N'agreementType', N'02', N'Agreement Contract', NULL, N'USR', N'en', 2, 0, 1)
INSERT INTO [dbo].[dubbDomain] ([domainIntno], [domainName], [domainCode], [domainValue], [userMessage], [valueUsage], [langCode], [sortOrder], [minAccessLevel], [status]) VALUES (16, N'agreementType', N'03', N'Stand-Alone Contract', NULL, N'USR', N'en', 3, 0, 1)
INSERT INTO [dbo].[dubbDomain] ([domainIntno], [domainName], [domainCode], [domainValue], [userMessage], [valueUsage], [langCode], [sortOrder], [minAccessLevel], [status]) VALUES (17, N'agreementType', N'04', N'single Order', NULL, N'USR', N'en', 4, 0, 1)
INSERT INTO [dbo].[dubbDomain] ([domainIntno], [domainName], [domainCode], [domainValue], [userMessage], [valueUsage], [langCode], [sortOrder], [minAccessLevel], [status]) VALUES (18, N'agreementType', N'05', N'Amendement', NULL, N'USR', N'en', 5, 0, 1)
INSERT INTO [dbo].[dubbDomain] ([domainIntno], [domainName], [domainCode], [domainValue], [userMessage], [valueUsage], [langCode], [sortOrder], [minAccessLevel], [status]) VALUES (19, N'agreementType', N'01', N'اتفاقية', NULL, N'USR', N'ar', 1, 0, 1)
INSERT INTO [dbo].[dubbDomain] ([domainIntno], [domainName], [domainCode], [domainValue], [userMessage], [valueUsage], [langCode], [sortOrder], [minAccessLevel], [status]) VALUES (20, N'agreementType', N'02', N'عقد تابع لاتفاقية', NULL, N'USR', N'ar', 2, 0, 1)
INSERT INTO [dbo].[dubbDomain] ([domainIntno], [domainName], [domainCode], [domainValue], [userMessage], [valueUsage], [langCode], [sortOrder], [minAccessLevel], [status]) VALUES (21, N'agreementType', N'03', N'عقد مستقل', NULL, N'USR', N'ar', 3, 0, 1)
INSERT INTO [dbo].[dubbDomain] ([domainIntno], [domainName], [domainCode], [domainValue], [userMessage], [valueUsage], [langCode], [sortOrder], [minAccessLevel], [status]) VALUES (22, N'agreementType', N'04', N'طلبية منفردة', NULL, N'USR', N'ar', 4, 0, 1)
INSERT INTO [dbo].[dubbDomain] ([domainIntno], [domainName], [domainCode], [domainValue], [userMessage], [valueUsage], [langCode], [sortOrder], [minAccessLevel], [status]) VALUES (23, N'agreementType', N'05', N'إضافات', NULL, N'USR', N'ar', 5, 0, 1)
INSERT INTO [dbo].[dubbDomain] ([domainIntno], [domainName], [domainCode], [domainValue], [userMessage], [valueUsage], [langCode], [sortOrder], [minAccessLevel], [status]) VALUES (24, N'workType', N'01', N'Series', NULL, N'USR', N'en', 1, 0, 1)
INSERT INTO [dbo].[dubbDomain] ([domainIntno], [domainName], [domainCode], [domainValue], [userMessage], [valueUsage], [langCode], [sortOrder], [minAccessLevel], [status]) VALUES (25, N'workType', N'02', N'Documentary', NULL, N'USR', N'en', 2, 0, 1)
INSERT INTO [dbo].[dubbDomain] ([domainIntno], [domainName], [domainCode], [domainValue], [userMessage], [valueUsage], [langCode], [sortOrder], [minAccessLevel], [status]) VALUES (26, N'workType', N'03', N'Movie', NULL, N'USR', N'en', 3, 0, 1)
INSERT INTO [dbo].[dubbDomain] ([domainIntno], [domainName], [domainCode], [domainValue], [userMessage], [valueUsage], [langCode], [sortOrder], [minAccessLevel], [status]) VALUES (27, N'workType', N'04', N'Publicity', NULL, N'USR', N'en', 4, 0, 1)
INSERT INTO [dbo].[dubbDomain] ([domainIntno], [domainName], [domainCode], [domainValue], [userMessage], [valueUsage], [langCode], [sortOrder], [minAccessLevel], [status]) VALUES (28, N'workType', N'01', N'مسلسل', NULL, N'USR', N'ar', 1, 0, 1)
INSERT INTO [dbo].[dubbDomain] ([domainIntno], [domainName], [domainCode], [domainValue], [userMessage], [valueUsage], [langCode], [sortOrder], [minAccessLevel], [status]) VALUES (29, N'workType', N'02', N'وثائقي', NULL, N'USR', N'ar', 2, 0, 1)
INSERT INTO [dbo].[dubbDomain] ([domainIntno], [domainName], [domainCode], [domainValue], [userMessage], [valueUsage], [langCode], [sortOrder], [minAccessLevel], [status]) VALUES (30, N'workType', N'03', N'فيلم', NULL, N'USR', N'ar', 3, 0, 1)
INSERT INTO [dbo].[dubbDomain] ([domainIntno], [domainName], [domainCode], [domainValue], [userMessage], [valueUsage], [langCode], [sortOrder], [minAccessLevel], [status]) VALUES (31, N'workType', N'04', N'دعاية', NULL, N'USR', N'ar', 4, 0, 1)
INSERT INTO [dbo].[dubbDomain] ([domainIntno], [domainName], [domainCode], [domainValue], [userMessage], [valueUsage], [langCode], [sortOrder], [minAccessLevel], [status]) VALUES (32, N'durationUom', N'01', N'Year', NULL, N'USR', N'en', 1, 0, 1)
INSERT INTO [dbo].[dubbDomain] ([domainIntno], [domainName], [domainCode], [domainValue], [userMessage], [valueUsage], [langCode], [sortOrder], [minAccessLevel], [status]) VALUES (33, N'durationUom', N'02', N'Month', NULL, N'USR', N'en', 2, 0, 1)
INSERT INTO [dbo].[dubbDomain] ([domainIntno], [domainName], [domainCode], [domainValue], [userMessage], [valueUsage], [langCode], [sortOrder], [minAccessLevel], [status]) VALUES (34, N'durationUom', N'01', N'سنة', NULL, N'USR', N'ar', 1, 0, 1)
INSERT INTO [dbo].[dubbDomain] ([domainIntno], [domainName], [domainCode], [domainValue], [userMessage], [valueUsage], [langCode], [sortOrder], [minAccessLevel], [status]) VALUES (35, N'durationUom', N'02', N'شهر', NULL, N'USR', N'ar', 2, 0, 1)
INSERT INTO [dbo].[dubbDomain] ([domainIntno], [domainName], [domainCode], [domainValue], [userMessage], [valueUsage], [langCode], [sortOrder], [minAccessLevel], [status]) VALUES (36, N'salutation', N'01', N'Mr.', NULL, N'USR', N'en', 1, 0, 1)
INSERT INTO [dbo].[dubbDomain] ([domainIntno], [domainName], [domainCode], [domainValue], [userMessage], [valueUsage], [langCode], [sortOrder], [minAccessLevel], [status]) VALUES (37, N'salutation', N'02', N'Mrs.', NULL, N'USR', N'en', 2, 0, 1)
INSERT INTO [dbo].[dubbDomain] ([domainIntno], [domainName], [domainCode], [domainValue], [userMessage], [valueUsage], [langCode], [sortOrder], [minAccessLevel], [status]) VALUES (38, N'salutation', N'03', N'Ms.', NULL, N'USR', N'en', 3, 0, 1)
INSERT INTO [dbo].[dubbDomain] ([domainIntno], [domainName], [domainCode], [domainValue], [userMessage], [valueUsage], [langCode], [sortOrder], [minAccessLevel], [status]) VALUES (39, N'salutation', N'04', N'Dr.', NULL, N'USR', N'en', 4, 0, 1)
INSERT INTO [dbo].[dubbDomain] ([domainIntno], [domainName], [domainCode], [domainValue], [userMessage], [valueUsage], [langCode], [sortOrder], [minAccessLevel], [status]) VALUES (40, N'salutation', N'01', N'سيد', NULL, N'USR', N'ar', 1, 0, 1)
INSERT INTO [dbo].[dubbDomain] ([domainIntno], [domainName], [domainCode], [domainValue], [userMessage], [valueUsage], [langCode], [sortOrder], [minAccessLevel], [status]) VALUES (41, N'salutation', N'02', N'سيدة', NULL, N'USR', N'ar', 2, 0, 1)
INSERT INTO [dbo].[dubbDomain] ([domainIntno], [domainName], [domainCode], [domainValue], [userMessage], [valueUsage], [langCode], [sortOrder], [minAccessLevel], [status]) VALUES (42, N'salutation', N'03', N'مؤنث غير محدد', NULL, N'USR', N'ar', 3, 0, 1)
INSERT INTO [dbo].[dubbDomain] ([domainIntno], [domainName], [domainCode], [domainValue], [userMessage], [valueUsage], [langCode], [sortOrder], [minAccessLevel], [status]) VALUES (43, N'salutation', N'04', N'دكتور', NULL, N'USR', N'ar', 4, 0, 1)
INSERT INTO [dbo].[dubbDomain] ([domainIntno], [domainName], [domainCode], [domainValue], [userMessage], [valueUsage], [langCode], [sortOrder], [minAccessLevel], [status]) VALUES (44, N'specsType', N'01', N'Video Specifications', NULL, N'USR', N'en', 1, 0, 1)
INSERT INTO [dbo].[dubbDomain] ([domainIntno], [domainName], [domainCode], [domainValue], [userMessage], [valueUsage], [langCode], [sortOrder], [minAccessLevel], [status]) VALUES (45, N'specsType', N'02', N'Audio Specifications', NULL, N'USR', N'en', 2, 0, 1)
INSERT INTO [dbo].[dubbDomain] ([domainIntno], [domainName], [domainCode], [domainValue], [userMessage], [valueUsage], [langCode], [sortOrder], [minAccessLevel], [status]) VALUES (46, N'specsType', N'01', N'صورة', NULL, N'USR', N'ar', 1, 0, 1)
INSERT INTO [dbo].[dubbDomain] ([domainIntno], [domainName], [domainCode], [domainValue], [userMessage], [valueUsage], [langCode], [sortOrder], [minAccessLevel], [status]) VALUES (47, N'specsType', N'02', N'صوت', NULL, N'USR', N'ar', 2, 0, 1)
INSERT INTO [dbo].[dubbDomain] ([domainIntno], [domainName], [domainCode], [domainValue], [userMessage], [valueUsage], [langCode], [sortOrder], [minAccessLevel], [status]) VALUES (48, N'clientStatus', N'01', N'Active', NULL, N'USR', N'en', 1, 0, 1)
INSERT INTO [dbo].[dubbDomain] ([domainIntno], [domainName], [domainCode], [domainValue], [userMessage], [valueUsage], [langCode], [sortOrder], [minAccessLevel], [status]) VALUES (49, N'clientStatus', N'02', N'Suspended', NULL, N'USR', N'en', 2, 0, 1)
INSERT INTO [dbo].[dubbDomain] ([domainIntno], [domainName], [domainCode], [domainValue], [userMessage], [valueUsage], [langCode], [sortOrder], [minAccessLevel], [status]) VALUES (50, N'clientStatus', N'03', N'Inactive', NULL, N'USR', N'en', 3, 0, 1)
INSERT INTO [dbo].[dubbDomain] ([domainIntno], [domainName], [domainCode], [domainValue], [userMessage], [valueUsage], [langCode], [sortOrder], [minAccessLevel], [status]) VALUES (51, N'clientStatus', N'01', N'فعال', NULL, N'USR', N'ar', 1, 0, 1)
INSERT INTO [dbo].[dubbDomain] ([domainIntno], [domainName], [domainCode], [domainValue], [userMessage], [valueUsage], [langCode], [sortOrder], [minAccessLevel], [status]) VALUES (52, N'clientStatus', N'02', N'معلق', NULL, N'USR', N'ar', 2, 0, 1)
INSERT INTO [dbo].[dubbDomain] ([domainIntno], [domainName], [domainCode], [domainValue], [userMessage], [valueUsage], [langCode], [sortOrder], [minAccessLevel], [status]) VALUES (53, N'clientStatus', N'03', N'غير فعال', NULL, N'USR', N'ar', 3, 0, 1)
INSERT INTO [dbo].[dubbDomain] ([domainIntno], [domainName], [domainCode], [domainValue], [userMessage], [valueUsage], [langCode], [sortOrder], [minAccessLevel], [status]) VALUES (54, N'agreementStatus', N'01', N'Active', NULL, N'USR', N'en', 1, 0, 1)
INSERT INTO [dbo].[dubbDomain] ([domainIntno], [domainName], [domainCode], [domainValue], [userMessage], [valueUsage], [langCode], [sortOrder], [minAccessLevel], [status]) VALUES (55, N'agreementStatus', N'02', N'Suspended', NULL, N'USR', N'en', 2, 0, 1)
INSERT INTO [dbo].[dubbDomain] ([domainIntno], [domainName], [domainCode], [domainValue], [userMessage], [valueUsage], [langCode], [sortOrder], [minAccessLevel], [status]) VALUES (56, N'agreementStatus', N'03', N'Endorsed', NULL, N'USR', N'en', 3, 0, 1)
INSERT INTO [dbo].[dubbDomain] ([domainIntno], [domainName], [domainCode], [domainValue], [userMessage], [valueUsage], [langCode], [sortOrder], [minAccessLevel], [status]) VALUES (57, N'agreementStatus', N'04', N'Canceled', NULL, N'USR', N'en', 4, 0, 1)
INSERT INTO [dbo].[dubbDomain] ([domainIntno], [domainName], [domainCode], [domainValue], [userMessage], [valueUsage], [langCode], [sortOrder], [minAccessLevel], [status]) VALUES (60, N'specsType', N'03', N'Other  Specifications', NULL, N'USR', N'en', 3, 0, 1)
INSERT INTO [dbo].[dubbDomain] ([domainIntno], [domainName], [domainCode], [domainValue], [userMessage], [valueUsage], [langCode], [sortOrder], [minAccessLevel], [status]) VALUES (61, N'specsType', N'03', N'مواصفات أخرى', NULL, N'USR', N'ar', 3, 0, 1)
INSERT INTO [dbo].[dubbDomain] ([domainIntno], [domainName], [domainCode], [domainValue], [userMessage], [valueUsage], [langCode], [sortOrder], [minAccessLevel], [status]) VALUES (62, N'videoSpecsSubtype', N'01', N'File Extension', NULL, N'USR', N'en', 1, 0, 1)
INSERT INTO [dbo].[dubbDomain] ([domainIntno], [domainName], [domainCode], [domainValue], [userMessage], [valueUsage], [langCode], [sortOrder], [minAccessLevel], [status]) VALUES (63, N'videoSpecsSubtype', N'02', N'File Format', NULL, N'USR', N'en', 2, 0, 1)
INSERT INTO [dbo].[dubbDomain] ([domainIntno], [domainName], [domainCode], [domainValue], [userMessage], [valueUsage], [langCode], [sortOrder], [minAccessLevel], [status]) VALUES (64, N'videoSpecsSubtype', N'03', N'Codec', NULL, N'USR', N'en', 3, 0, 1)
INSERT INTO [dbo].[dubbDomain] ([domainIntno], [domainName], [domainCode], [domainValue], [userMessage], [valueUsage], [langCode], [sortOrder], [minAccessLevel], [status]) VALUES (65, N'videoSpecsSubtype', N'04', N'Video Depth', NULL, N'USR', N'en', 4, 0, 1)
INSERT INTO [dbo].[dubbDomain] ([domainIntno], [domainName], [domainCode], [domainValue], [userMessage], [valueUsage], [langCode], [sortOrder], [minAccessLevel], [status]) VALUES (66, N'videoSpecsSubtype', N'05', N'Standard', NULL, N'USR', N'en', 5, 0, 1)
INSERT INTO [dbo].[dubbDomain] ([domainIntno], [domainName], [domainCode], [domainValue], [userMessage], [valueUsage], [langCode], [sortOrder], [minAccessLevel], [status]) VALUES (67, N'videoSpecsSubtype', N'06', N'Data Rate / Bitrate', NULL, N'USR', N'en', 6, 0, 1)
INSERT INTO [dbo].[dubbDomain] ([domainIntno], [domainName], [domainCode], [domainValue], [userMessage], [valueUsage], [langCode], [sortOrder], [minAccessLevel], [status]) VALUES (68, N'videoSpecsSubtype', N'07', N'Bitrate Mode', NULL, N'USR', N'en', 7, 0, 1)
INSERT INTO [dbo].[dubbDomain] ([domainIntno], [domainName], [domainCode], [domainValue], [userMessage], [valueUsage], [langCode], [sortOrder], [minAccessLevel], [status]) VALUES (69, N'videoSpecsSubtype', N'08', N'Frame Size', NULL, N'USR', N'en', 8, 0, 1)
INSERT INTO [dbo].[dubbDomain] ([domainIntno], [domainName], [domainCode], [domainValue], [userMessage], [valueUsage], [langCode], [sortOrder], [minAccessLevel], [status]) VALUES (70, N'videoSpecsSubtype', N'09', N'Frame Rate', NULL, N'USR', N'en', 9, 0, 1)
INSERT INTO [dbo].[dubbDomain] ([domainIntno], [domainName], [domainCode], [domainValue], [userMessage], [valueUsage], [langCode], [sortOrder], [minAccessLevel], [status]) VALUES (71, N'videoSpecsSubtype', N'10', N'Chroma Sampling', NULL, N'USR', N'en', 10, 0, 1)
INSERT INTO [dbo].[dubbDomain] ([domainIntno], [domainName], [domainCode], [domainValue], [userMessage], [valueUsage], [langCode], [sortOrder], [minAccessLevel], [status]) VALUES (72, N'videoSpecsSubtype', N'11', N'Bit Depth', NULL, N'USR', N'en', 11, 0, 1)
INSERT INTO [dbo].[dubbDomain] ([domainIntno], [domainName], [domainCode], [domainValue], [userMessage], [valueUsage], [langCode], [sortOrder], [minAccessLevel], [status]) VALUES (73, N'videoSpecsSubtype', N'12', N'Aspect Ratio', NULL, N'USR', N'en', 12, 0, 1)
INSERT INTO [dbo].[dubbDomain] ([domainIntno], [domainName], [domainCode], [domainValue], [userMessage], [valueUsage], [langCode], [sortOrder], [minAccessLevel], [status]) VALUES (74, N'videoSpecsSubtype', N'13', N'Color Space', NULL, N'USR', N'en', 13, 0, 1)
INSERT INTO [dbo].[dubbDomain] ([domainIntno], [domainName], [domainCode], [domainValue], [userMessage], [valueUsage], [langCode], [sortOrder], [minAccessLevel], [status]) VALUES (75, N'videoSpecsSubtype', N'14', N'Scan Type', NULL, N'USR', N'en', 14, 0, 1)
INSERT INTO [dbo].[dubbDomain] ([domainIntno], [domainName], [domainCode], [domainValue], [userMessage], [valueUsage], [langCode], [sortOrder], [minAccessLevel], [status]) VALUES (76, N'audioSpecsSubtype', N'01', N'Fille Extension', NULL, N'USR', N'en', 1, 0, 1)
INSERT INTO [dbo].[dubbDomain] ([domainIntno], [domainName], [domainCode], [domainValue], [userMessage], [valueUsage], [langCode], [sortOrder], [minAccessLevel], [status]) VALUES (77, N'audioSpecsSubtype', N'02', N'File Format', NULL, N'USR', N'en', 2, 0, 1)
INSERT INTO [dbo].[dubbDomain] ([domainIntno], [domainName], [domainCode], [domainValue], [userMessage], [valueUsage], [langCode], [sortOrder], [minAccessLevel], [status]) VALUES (78, N'audioSpecsSubtype', N'03', N'Bit Depth', NULL, N'USR', N'en', 3, 0, 1)
INSERT INTO [dbo].[dubbDomain] ([domainIntno], [domainName], [domainCode], [domainValue], [userMessage], [valueUsage], [langCode], [sortOrder], [minAccessLevel], [status]) VALUES (79, N'audioSpecsSubtype', N'04', N'Bitrate Mode', NULL, N'USR', N'en', 4, 0, 1)
INSERT INTO [dbo].[dubbDomain] ([domainIntno], [domainName], [domainCode], [domainValue], [userMessage], [valueUsage], [langCode], [sortOrder], [minAccessLevel], [status]) VALUES (80, N'audioSpecsSubtype', N'05', N'Bitrate', NULL, N'USR', N'en', 5, 0, 1)
INSERT INTO [dbo].[dubbDomain] ([domainIntno], [domainName], [domainCode], [domainValue], [userMessage], [valueUsage], [langCode], [sortOrder], [minAccessLevel], [status]) VALUES (81, N'audioSpecsSubtype', N'06', N'Sampling Rate', NULL, N'USR', N'en', 6, 0, 1)
INSERT INTO [dbo].[dubbDomain] ([domainIntno], [domainName], [domainCode], [domainValue], [userMessage], [valueUsage], [langCode], [sortOrder], [minAccessLevel], [status]) VALUES (82, N'audioSpecsSubtype', N'07', N'Channels', NULL, N'USR', N'en', 7, 0, 1)
INSERT INTO [dbo].[dubbDomain] ([domainIntno], [domainName], [domainCode], [domainValue], [userMessage], [valueUsage], [langCode], [sortOrder], [minAccessLevel], [status]) VALUES (83, N'audioSpecsSubtype', N'08', N'Mixing', NULL, N'USR', N'en', 8, 0, 1)
INSERT INTO [dbo].[dubbDomain] ([domainIntno], [domainName], [domainCode], [domainValue], [userMessage], [valueUsage], [langCode], [sortOrder], [minAccessLevel], [status]) VALUES (84, N'audioSpecsSubtype', N'09', N'Output Type', NULL, N'USR', N'en', 9, 0, 1)
INSERT INTO [dbo].[dubbDomain] ([domainIntno], [domainName], [domainCode], [domainValue], [userMessage], [valueUsage], [langCode], [sortOrder], [minAccessLevel], [status]) VALUES (85, N'otherSpecsSubtype', N'01', N'others', NULL, N'USR', N'en', 1, 0, 1)
INSERT INTO [dbo].[dubbDomain] ([domainIntno], [domainName], [domainCode], [domainValue], [userMessage], [valueUsage], [langCode], [sortOrder], [minAccessLevel], [status]) VALUES (86, N'workNationality', N'01', N'Turkish', NULL, N'USR', N'en', 1, 0, 1)
INSERT INTO [dbo].[dubbDomain] ([domainIntno], [domainName], [domainCode], [domainValue], [userMessage], [valueUsage], [langCode], [sortOrder], [minAccessLevel], [status]) VALUES (87, N'workNationality', N'02', N'Hindi', NULL, N'USR', N'en', 2, 0, 1)
INSERT INTO [dbo].[dubbDomain] ([domainIntno], [domainName], [domainCode], [domainValue], [userMessage], [valueUsage], [langCode], [sortOrder], [minAccessLevel], [status]) VALUES (88, N'workNationality', N'03', N'Mexican', NULL, N'USR', N'en', 3, 0, 1)
INSERT INTO [dbo].[dubbDomain] ([domainIntno], [domainName], [domainCode], [domainValue], [userMessage], [valueUsage], [langCode], [sortOrder], [minAccessLevel], [status]) VALUES (89, N'workNationality', N'04', N'Korian', NULL, N'USR', N'en', 4, 0, 1)
INSERT INTO [dbo].[dubbDomain] ([domainIntno], [domainName], [domainCode], [domainValue], [userMessage], [valueUsage], [langCode], [sortOrder], [minAccessLevel], [status]) VALUES (90, N'workNationality', N'05', N'Brazilian', NULL, N'USR', N'en', 5, 0, 1)
INSERT INTO [dbo].[dubbDomain] ([domainIntno], [domainName], [domainCode], [domainValue], [userMessage], [valueUsage], [langCode], [sortOrder], [minAccessLevel], [status]) VALUES (91, N'originalLanguage', N'01', N'Native', NULL, N'USR', N'en', 1, 0, 1)
INSERT INTO [dbo].[dubbDomain] ([domainIntno], [domainName], [domainCode], [domainValue], [userMessage], [valueUsage], [langCode], [sortOrder], [minAccessLevel], [status]) VALUES (92, N'originalLanguage', N'02', N'English', NULL, N'USR', N'en', 2, 0, 1)
INSERT INTO [dbo].[dubbDomain] ([domainIntno], [domainName], [domainCode], [domainValue], [userMessage], [valueUsage], [langCode], [sortOrder], [minAccessLevel], [status]) VALUES (93, N'originalLanguage', N'03', N'Spanish', NULL, N'USR', N'en', 3, 0, 1)
INSERT INTO [dbo].[dubbDomain] ([domainIntno], [domainName], [domainCode], [domainValue], [userMessage], [valueUsage], [langCode], [sortOrder], [minAccessLevel], [status]) VALUES (94, N'originalLanguage', N'04', N'Urdu', NULL, N'USR', N'en', 4, 0, 1)
INSERT INTO [dbo].[dubbDomain] ([domainIntno], [domainName], [domainCode], [domainValue], [userMessage], [valueUsage], [langCode], [sortOrder], [minAccessLevel], [status]) VALUES (95, N'workStatus', N'01', N'Active', NULL, N'USR', N'en', 1, 0, 1)
INSERT INTO [dbo].[dubbDomain] ([domainIntno], [domainName], [domainCode], [domainValue], [userMessage], [valueUsage], [langCode], [sortOrder], [minAccessLevel], [status]) VALUES (96, N'workStatus', N'02', N'Suspended', NULL, N'USR', N'en', 2, 0, 1)
INSERT INTO [dbo].[dubbDomain] ([domainIntno], [domainName], [domainCode], [domainValue], [userMessage], [valueUsage], [langCode], [sortOrder], [minAccessLevel], [status]) VALUES (97, N'workStatus', N'03', N'Endorsed', NULL, N'USR', N'en', 3, 0, 1)
INSERT INTO [dbo].[dubbDomain] ([domainIntno], [domainName], [domainCode], [domainValue], [userMessage], [valueUsage], [langCode], [sortOrder], [minAccessLevel], [status]) VALUES (98, N'workStatus', N'04', N'Canceled', NULL, N'USR', N'en', 4, 0, 1)
INSERT INTO [dbo].[dubbDomain] ([domainIntno], [domainName], [domainCode], [domainValue], [userMessage], [valueUsage], [langCode], [sortOrder], [minAccessLevel], [status]) VALUES (99, N'characterType', N'01', N'Hero', NULL, N'USR', N'en', 1, 0, 1)
INSERT INTO [dbo].[dubbDomain] ([domainIntno], [domainName], [domainCode], [domainValue], [userMessage], [valueUsage], [langCode], [sortOrder], [minAccessLevel], [status]) VALUES (100, N'characterType', N'02', N'Primary', NULL, N'USR', N'en', 2, 0, 1)
INSERT INTO [dbo].[dubbDomain] ([domainIntno], [domainName], [domainCode], [domainValue], [userMessage], [valueUsage], [langCode], [sortOrder], [minAccessLevel], [status]) VALUES (101, N'characterType', N'03', N'Secondary', NULL, N'USR', N'en', 3, 0, 1)
INSERT INTO [dbo].[dubbDomain] ([domainIntno], [domainName], [domainCode], [domainValue], [userMessage], [valueUsage], [langCode], [sortOrder], [minAccessLevel], [status]) VALUES (103, N'characterGender', N'01', N'Male', NULL, N'USR', N'en', 1, 0, 1)
INSERT INTO [dbo].[dubbDomain] ([domainIntno], [domainName], [domainCode], [domainValue], [userMessage], [valueUsage], [langCode], [sortOrder], [minAccessLevel], [status]) VALUES (104, N'characterGender', N'02', N'Female', NULL, N'USR', N'en', 2, 0, 1)
INSERT INTO [dbo].[dubbDomain] ([domainIntno], [domainName], [domainCode], [domainValue], [userMessage], [valueUsage], [langCode], [sortOrder], [minAccessLevel], [status]) VALUES (105, N'titleType', N'01', N'Production Manager', NULL, N'USR', N'en', 1, 0, 1)
INSERT INTO [dbo].[dubbDomain] ([domainIntno], [domainName], [domainCode], [domainValue], [userMessage], [valueUsage], [langCode], [sortOrder], [minAccessLevel], [status]) VALUES (106, N'titleType', N'03', N'Sound Technician', NULL, N'USR', N'en', 3, 0, 1)
INSERT INTO [dbo].[dubbDomain] ([domainIntno], [domainName], [domainCode], [domainValue], [userMessage], [valueUsage], [langCode], [sortOrder], [minAccessLevel], [status]) VALUES (107, N'empType', N'01', N'Studio', NULL, N'USR', N'en', 1, 0, 1)
INSERT INTO [dbo].[dubbDomain] ([domainIntno], [domainName], [domainCode], [domainValue], [userMessage], [valueUsage], [langCode], [sortOrder], [minAccessLevel], [status]) VALUES (108, N'empType', N'03', N'Translation', NULL, N'USR', N'en', 2, 0, 1)
INSERT INTO [dbo].[dubbDomain] ([domainIntno], [domainName], [domainCode], [domainValue], [userMessage], [valueUsage], [langCode], [sortOrder], [minAccessLevel], [status]) VALUES (109, N'workPartyType', N'01', N'Voice Actor', NULL, N'USR', N'en', 1, 0, 1)
INSERT INTO [dbo].[dubbDomain] ([domainIntno], [domainName], [domainCode], [domainValue], [userMessage], [valueUsage], [langCode], [sortOrder], [minAccessLevel], [status]) VALUES (110, N'workPartyType', N'02', N'Technician', NULL, N'USR', N'en', 2, 0, 1)
INSERT INTO [dbo].[dubbDomain] ([domainIntno], [domainName], [domainCode], [domainValue], [userMessage], [valueUsage], [langCode], [sortOrder], [minAccessLevel], [status]) VALUES (111, N'chargeUom', N'01', N'Episode', NULL, N'USR', N'en', 1, 0, 1)
INSERT INTO [dbo].[dubbDomain] ([domainIntno], [domainName], [domainCode], [domainValue], [userMessage], [valueUsage], [langCode], [sortOrder], [minAccessLevel], [status]) VALUES (112, N'chargeUom', N'02', N'Scene', NULL, N'USR', N'en', 2, 0, 1)
INSERT INTO [dbo].[dubbDomain] ([domainIntno], [domainName], [domainCode], [domainValue], [userMessage], [valueUsage], [langCode], [sortOrder], [minAccessLevel], [status]) VALUES (113, N'chargeUom', N'03', N'Hour', NULL, N'USR', N'en', 3, 0, 1)
INSERT INTO [dbo].[dubbDomain] ([domainIntno], [domainName], [domainCode], [domainValue], [userMessage], [valueUsage], [langCode], [sortOrder], [minAccessLevel], [status]) VALUES (114, N'currencyCode', N'01', N'SYP', NULL, N'USR', N'en', 1, 0, 1)
INSERT INTO [dbo].[dubbDomain] ([domainIntno], [domainName], [domainCode], [domainValue], [userMessage], [valueUsage], [langCode], [sortOrder], [minAccessLevel], [status]) VALUES (115, N'currencyCode', N'02', N'USD', NULL, N'USR', N'en', 2, 0, 1)
INSERT INTO [dbo].[dubbDomain] ([domainIntno], [domainName], [domainCode], [domainValue], [userMessage], [valueUsage], [langCode], [sortOrder], [minAccessLevel], [status]) VALUES (116, N'currencyCode', N'03', N'EUR', NULL, N'USR', N'en', 3, 0, 1)
INSERT INTO [dbo].[dubbDomain] ([domainIntno], [domainName], [domainCode], [domainValue], [userMessage], [valueUsage], [langCode], [sortOrder], [minAccessLevel], [status]) VALUES (117, N'mediaType', N'01', N'Master', NULL, N'USR', N'en', 1, 0, 1)
INSERT INTO [dbo].[dubbDomain] ([domainIntno], [domainName], [domainCode], [domainValue], [userMessage], [valueUsage], [langCode], [sortOrder], [minAccessLevel], [status]) VALUES (118, N'mediaType', N'02', N'Script', NULL, N'USR', N'en', 2, 0, 1)
INSERT INTO [dbo].[dubbDomain] ([domainIntno], [domainName], [domainCode], [domainValue], [userMessage], [valueUsage], [langCode], [sortOrder], [minAccessLevel], [status]) VALUES (119, N'mediaType', N'03', N'Low-Res', NULL, N'USR', N'en', 3, 0, 1)
INSERT INTO [dbo].[dubbDomain] ([domainIntno], [domainName], [domainCode], [domainValue], [userMessage], [valueUsage], [langCode], [sortOrder], [minAccessLevel], [status]) VALUES (120, N'checkType', N'02', N'Pixel', NULL, N'USR', N'en', 2, 0, 1)
INSERT INTO [dbo].[dubbDomain] ([domainIntno], [domainName], [domainCode], [domainValue], [userMessage], [valueUsage], [langCode], [sortOrder], [minAccessLevel], [status]) VALUES (121, N'checkType', N'03', N'Low Quality Format', NULL, N'USR', N'en', 3, 0, 1)
INSERT INTO [dbo].[dubbDomain] ([domainIntno], [domainName], [domainCode], [domainValue], [userMessage], [valueUsage], [langCode], [sortOrder], [minAccessLevel], [status]) VALUES (122, N'checkType', N'04', N'Black Intervals', NULL, N'USR', N'en', 4, 0, 1)
INSERT INTO [dbo].[dubbDomain] ([domainIntno], [domainName], [domainCode], [domainValue], [userMessage], [valueUsage], [langCode], [sortOrder], [minAccessLevel], [status]) VALUES (123, N'checkType', N'05', N'Repeating Scenes', NULL, N'USR', N'en', 5, 0, 1)
INSERT INTO [dbo].[dubbDomain] ([domainIntno], [domainName], [domainCode], [domainValue], [userMessage], [valueUsage], [langCode], [sortOrder], [minAccessLevel], [status]) VALUES (125, N'checkType', N'06', N'Wrong Output', NULL, N'USR', N'en', 6, 0, 1)
INSERT INTO [dbo].[dubbDomain] ([domainIntno], [domainName], [domainCode], [domainValue], [userMessage], [valueUsage], [langCode], [sortOrder], [minAccessLevel], [status]) VALUES (126, N'checkType', N'07', N'Sound Mismatch', NULL, N'USR', N'en', 7, 0, 1)
INSERT INTO [dbo].[dubbDomain] ([domainIntno], [domainName], [domainCode], [domainValue], [userMessage], [valueUsage], [langCode], [sortOrder], [minAccessLevel], [status]) VALUES (127, N'checkType', N'08', N'Format Transfer Problems', NULL, N'USR', N'en', 8, 0, 1)
INSERT INTO [dbo].[dubbDomain] ([domainIntno], [domainName], [domainCode], [domainValue], [userMessage], [valueUsage], [langCode], [sortOrder], [minAccessLevel], [status]) VALUES (128, N'checkType', N'09', N'Missing ME', NULL, N'USR', N'en', 9, 0, 1)
INSERT INTO [dbo].[dubbDomain] ([domainIntno], [domainName], [domainCode], [domainValue], [userMessage], [valueUsage], [langCode], [sortOrder], [minAccessLevel], [status]) VALUES (130, N'priority', N'01', N'Low', N'Can Wait', N'USR', N'en', 1, 0, 1)
INSERT INTO [dbo].[dubbDomain] ([domainIntno], [domainName], [domainCode], [domainValue], [userMessage], [valueUsage], [langCode], [sortOrder], [minAccessLevel], [status]) VALUES (131, N'priority', N'02', N'Normal', N'Schedule As per receiving order', N'USR', N'en', 2, 0, 1)
INSERT INTO [dbo].[dubbDomain] ([domainIntno], [domainName], [domainCode], [domainValue], [userMessage], [valueUsage], [langCode], [sortOrder], [minAccessLevel], [status]) VALUES (132, N'priority', N'03', N'High', N'Immediate Delivery', N'USR', N'en', 3, 0, 1)
INSERT INTO [dbo].[dubbDomain] ([domainIntno], [domainName], [domainCode], [domainValue], [userMessage], [valueUsage], [langCode], [sortOrder], [minAccessLevel], [status]) VALUES (133, N'orderStatus', N'01', N'New', NULL, N'USR', N'en', 1, 0, 1)
INSERT INTO [dbo].[dubbDomain] ([domainIntno], [domainName], [domainCode], [domainValue], [userMessage], [valueUsage], [langCode], [sortOrder], [minAccessLevel], [status]) VALUES (134, N'orderStatus', N'02', N'Accepted', NULL, N'USR', N'en', 2, 0, 1)
INSERT INTO [dbo].[dubbDomain] ([domainIntno], [domainName], [domainCode], [domainValue], [userMessage], [valueUsage], [langCode], [sortOrder], [minAccessLevel], [status]) VALUES (135, N'orderStatus', N'04', N'Rejected', NULL, N'USR', N'en', 4, 0, 1)
INSERT INTO [dbo].[dubbDomain] ([domainIntno], [domainName], [domainCode], [domainValue], [userMessage], [valueUsage], [langCode], [sortOrder], [minAccessLevel], [status]) VALUES (136, N'orderStatus', N'05', N'Endorsed', NULL, N'USR', N'en', 5, 0, 1)
INSERT INTO [dbo].[dubbDomain] ([domainIntno], [domainName], [domainCode], [domainValue], [userMessage], [valueUsage], [langCode], [sortOrder], [minAccessLevel], [status]) VALUES (143, N'checkType', N'01', N'Count Check', NULL, N'USR', N'en', 1, 0, 1)
INSERT INTO [dbo].[dubbDomain] ([domainIntno], [domainName], [domainCode], [domainValue], [userMessage], [valueUsage], [langCode], [sortOrder], [minAccessLevel], [status]) VALUES (150, N'studio', N'01', N'Studio 01', NULL, N'USR', N'en', 1, 0, 1)
INSERT INTO [dbo].[dubbDomain] ([domainIntno], [domainName], [domainCode], [domainValue], [userMessage], [valueUsage], [langCode], [sortOrder], [minAccessLevel], [status]) VALUES (151, N'studio', N'02', N'studio 02', NULL, N'USR', N'en', 2, 0, 1)
INSERT INTO [dbo].[dubbDomain] ([domainIntno], [domainName], [domainCode], [domainValue], [userMessage], [valueUsage], [langCode], [sortOrder], [minAccessLevel], [status]) VALUES (152, N'studio', N'03', N'studio 03', NULL, N'USR', N'en', 3, 0, 1)
INSERT INTO [dbo].[dubbDomain] ([domainIntno], [domainName], [domainCode], [domainValue], [userMessage], [valueUsage], [langCode], [sortOrder], [minAccessLevel], [status]) VALUES (153, N'studio', N'04', N'studio 04', NULL, N'USR', N'en', 4, 0, 1)
INSERT INTO [dbo].[dubbDomain] ([domainIntno], [domainName], [domainCode], [domainValue], [userMessage], [valueUsage], [langCode], [sortOrder], [minAccessLevel], [status]) VALUES (154, N'studio', N'05', N'studio 05', NULL, N'USR', N'en', 5, 0, 1)
INSERT INTO [dbo].[dubbDomain] ([domainIntno], [domainName], [domainCode], [domainValue], [userMessage], [valueUsage], [langCode], [sortOrder], [minAccessLevel], [status]) VALUES (155, N'studio', N'06', N'studio 06', NULL, N'USR', N'en', 6, 0, 1)
INSERT INTO [dbo].[dubbDomain] ([domainIntno], [domainName], [domainCode], [domainValue], [userMessage], [valueUsage], [langCode], [sortOrder], [minAccessLevel], [status]) VALUES (156, N'dubbingTrnHdrStatus', N'01', N'Initiated', NULL, N'USR', N'en', 1, 0, 1)
INSERT INTO [dbo].[dubbDomain] ([domainIntno], [domainName], [domainCode], [domainValue], [userMessage], [valueUsage], [langCode], [sortOrder], [minAccessLevel], [status]) VALUES (157, N'dubbingTrnHdrStatus', N'02', N'Published', NULL, N'USR', N'en', 2, 0, 1)
INSERT INTO [dbo].[dubbDomain] ([domainIntno], [domainName], [domainCode], [domainValue], [userMessage], [valueUsage], [langCode], [sortOrder], [minAccessLevel], [status]) VALUES (158, N'dubbingTrnHdrStatus', N'03', N'Canceled', NULL, N'USR', N'en', 3, 0, 1)
INSERT INTO [dbo].[dubbDomain] ([domainIntno], [domainName], [domainCode], [domainValue], [userMessage], [valueUsage], [langCode], [sortOrder], [minAccessLevel], [status]) VALUES (159, N'dubbingTrnHdrStatus', N'04', N'Endorsed', NULL, N'USR', N'en', 4, 0, 1)
INSERT INTO [dbo].[dubbDomain] ([domainIntno], [domainName], [domainCode], [domainValue], [userMessage], [valueUsage], [langCode], [sortOrder], [minAccessLevel], [status]) VALUES (160, N'titleType', N'02', N'Supervisor', NULL, N'USR', N'en', 2, 0, 1)
INSERT INTO [dbo].[dubbDomain] ([domainIntno], [domainName], [domainCode], [domainValue], [userMessage], [valueUsage], [langCode], [sortOrder], [minAccessLevel], [status]) VALUES (161, N'titleType', N'04', N'Translation & Adaptation', NULL, N'USR', N'en', 4, 0, 1)
INSERT INTO [dbo].[dubbDomain] ([domainIntno], [domainName], [domainCode], [domainValue], [userMessage], [valueUsage], [langCode], [sortOrder], [minAccessLevel], [status]) VALUES (162, N'titleType', N'05', N'Translation', NULL, N'USR', N'en', 5, 0, 1)
INSERT INTO [dbo].[dubbDomain] ([domainIntno], [domainName], [domainCode], [domainValue], [userMessage], [valueUsage], [langCode], [sortOrder], [minAccessLevel], [status]) VALUES (163, N'titleType', N'06', N'Adaptation', NULL, N'USR', N'en', 6, 0, 1)
INSERT INTO [dbo].[dubbDomain] ([domainIntno], [domainName], [domainCode], [domainValue], [userMessage], [valueUsage], [langCode], [sortOrder], [minAccessLevel], [status]) VALUES (164, N'empType', N'04', N'Adaptation', NULL, N'USR', N'en', 3, 0, 1)
INSERT INTO [dbo].[dubbDomain] ([domainIntno], [domainName], [domainCode], [domainValue], [userMessage], [valueUsage], [langCode], [sortOrder], [minAccessLevel], [status]) VALUES (165, N'workPartyType', N'03', N'Contractor', NULL, N'USR', N'en', 3, 0, 1)
INSERT INTO [dbo].[dubbDomain] ([domainIntno], [domainName], [domainCode], [domainValue], [userMessage], [valueUsage], [langCode], [sortOrder], [minAccessLevel], [status]) VALUES (180, N'rating', N'01', N'Outstanding', NULL, N'USR', N'en', 1, 0, 1)
INSERT INTO [dbo].[dubbDomain] ([domainIntno], [domainName], [domainCode], [domainValue], [userMessage], [valueUsage], [langCode], [sortOrder], [minAccessLevel], [status]) VALUES (181, N'rating', N'02', N'Above Average', NULL, N'USR', N'en', 2, 0, 1)
INSERT INTO [dbo].[dubbDomain] ([domainIntno], [domainName], [domainCode], [domainValue], [userMessage], [valueUsage], [langCode], [sortOrder], [minAccessLevel], [status]) VALUES (182, N'rating', N'03', N'Below Average', NULL, N'USR', N'en', 3, 0, 1)
INSERT INTO [dbo].[dubbDomain] ([domainIntno], [domainName], [domainCode], [domainValue], [userMessage], [valueUsage], [langCode], [sortOrder], [minAccessLevel], [status]) VALUES (183, N'rating', N'04', N'Poor', NULL, N'USR', N'en', 4, 0, 1)
INSERT INTO [dbo].[dubbDomain] ([domainIntno], [domainName], [domainCode], [domainValue], [userMessage], [valueUsage], [langCode], [sortOrder], [minAccessLevel], [status]) VALUES (186, N'activityType', N'01', N'Translation', NULL, N'USR', N'en', 1, 0, 1)
INSERT INTO [dbo].[dubbDomain] ([domainIntno], [domainName], [domainCode], [domainValue], [userMessage], [valueUsage], [langCode], [sortOrder], [minAccessLevel], [status]) VALUES (187, N'activityType', N'02', N'Adaptation', NULL, N'USR', N'en', 2, 0, 1)
INSERT INTO [dbo].[dubbDomain] ([domainIntno], [domainName], [domainCode], [domainValue], [userMessage], [valueUsage], [langCode], [sortOrder], [minAccessLevel], [status]) VALUES (188, N'activityType', N'03', N'Discharging', NULL, N'USR', N'en', 3, 0, 1)
INSERT INTO [dbo].[dubbDomain] ([domainIntno], [domainName], [domainCode], [domainValue], [userMessage], [valueUsage], [langCode], [sortOrder], [minAccessLevel], [status]) VALUES (189, N'activityType', N'04', N'Dubbing Supervision', NULL, N'USR', N'en', 4, 0, 1)
INSERT INTO [dbo].[dubbDomain] ([domainIntno], [domainName], [domainCode], [domainValue], [userMessage], [valueUsage], [langCode], [sortOrder], [minAccessLevel], [status]) VALUES (191, N'dubbSheetStartRow', N'01', N'3', NULL, N'SYS', N'en', 1, 0, 1)
INSERT INTO [dbo].[dubbDomain] ([domainIntno], [domainName], [domainCode], [domainValue], [userMessage], [valueUsage], [langCode], [sortOrder], [minAccessLevel], [status]) VALUES (192, N'dubbSheetStartCol', N'01', N'4', NULL, N'SYS', N'en', 1, 0, 1)
INSERT INTO [dbo].[dubbDomain] ([domainIntno], [domainName], [domainCode], [domainValue], [userMessage], [valueUsage], [langCode], [sortOrder], [minAccessLevel], [status]) VALUES (193, N'costCenterType', N'01', N'Voice Actors', NULL, N'USR', N'en', 1, 0, 1)
INSERT INTO [dbo].[dubbDomain] ([domainIntno], [domainName], [domainCode], [domainValue], [userMessage], [valueUsage], [langCode], [sortOrder], [minAccessLevel], [status]) VALUES (194, N'costCenterType', N'02', N'Studio Team', NULL, N'USR', N'en', 2, 0, 1)
INSERT INTO [dbo].[dubbDomain] ([domainIntno], [domainName], [domainCode], [domainValue], [userMessage], [valueUsage], [langCode], [sortOrder], [minAccessLevel], [status]) VALUES (195, N'costCenterType', N'03', N'Translation', NULL, N'USR', N'en', 3, 0, 1)
INSERT INTO [dbo].[dubbDomain] ([domainIntno], [domainName], [domainCode], [domainValue], [userMessage], [valueUsage], [langCode], [sortOrder], [minAccessLevel], [status]) VALUES (196, N'costCenterType', N'04', N'Adaptation', NULL, N'USR', N'en', 4, 0, 1)
INSERT INTO [dbo].[dubbDomain] ([domainIntno], [domainName], [domainCode], [domainValue], [userMessage], [valueUsage], [langCode], [sortOrder], [minAccessLevel], [status]) VALUES (198, N'orderStatus', N'06', N'Canceled', NULL, N'USR', N'en', 6, 0, 1)
INSERT INTO [dbo].[dubbDomain] ([domainIntno], [domainName], [domainCode], [domainValue], [userMessage], [valueUsage], [langCode], [sortOrder], [minAccessLevel], [status]) VALUES (199, N'orderStatus', N'03', N'Active', NULL, N'USR', N'en', 3, 0, 1)
INSERT INTO [dbo].[dubbDomain] ([domainIntno], [domainName], [domainCode], [domainValue], [userMessage], [valueUsage], [langCode], [sortOrder], [minAccessLevel], [status]) VALUES (200, N'activityType', N'05', N'ME', NULL, N'USR', N'en', 5, 0, 1)
INSERT INTO [dbo].[dubbDomain] ([domainIntno], [domainName], [domainCode], [domainValue], [userMessage], [valueUsage], [langCode], [sortOrder], [minAccessLevel], [status]) VALUES (201, N'orderItemStatus', N'01', N'Upload Approved', NULL, N'USR', N'en', 1, 0, 1)
INSERT INTO [dbo].[dubbDomain] ([domainIntno], [domainName], [domainCode], [domainValue], [userMessage], [valueUsage], [langCode], [sortOrder], [minAccessLevel], [status]) VALUES (202, N'orderItemStatus', N'02', N'Shipment Approved', NULL, N'USR', N'en', 2, 0, 1)
INSERT INTO [dbo].[dubbDomain] ([domainIntno], [domainName], [domainCode], [domainValue], [userMessage], [valueUsage], [langCode], [sortOrder], [minAccessLevel], [status]) VALUES (203, N'orderItemStatus', N'03', N'Rejected', NULL, N'USR', N'en', 3, 0, 1)
INSERT INTO [dbo].[dubbDomain] ([domainIntno], [domainName], [domainCode], [domainValue], [userMessage], [valueUsage], [langCode], [sortOrder], [minAccessLevel], [status]) VALUES (204, N'orderItemStatus', N'04', N'Active', NULL, N'USR', N'en', 4, 0, 1)
INSERT INTO [dbo].[dubbDomain] ([domainIntno], [domainName], [domainCode], [domainValue], [userMessage], [valueUsage], [langCode], [sortOrder], [minAccessLevel], [status]) VALUES (205, N'orderItemStatus', N'05', N'Canceled', NULL, N'USR', N'en', 5, 0, 1)
INSERT INTO [dbo].[dubbDomain] ([domainIntno], [domainName], [domainCode], [domainValue], [userMessage], [valueUsage], [langCode], [sortOrder], [minAccessLevel], [status]) VALUES (206, N'orderItemStatus', N'06', N'Endorsed', NULL, N'USR', N'en', 6, 0, 1)
INSERT INTO [dbo].[dubbDomain] ([domainIntno], [domainName], [domainCode], [domainValue], [userMessage], [valueUsage], [langCode], [sortOrder], [minAccessLevel], [status]) VALUES (207, N'trnType', N'01', N'Start Translation', NULL, N'USR', N'en', 1, 0, 1)
INSERT INTO [dbo].[dubbDomain] ([domainIntno], [domainName], [domainCode], [domainValue], [userMessage], [valueUsage], [langCode], [sortOrder], [minAccessLevel], [status]) VALUES (208, N'trnType', N'02', N'End Translation', NULL, N'USR', N'en', 2, 0, 1)
INSERT INTO [dbo].[dubbDomain] ([domainIntno], [domainName], [domainCode], [domainValue], [userMessage], [valueUsage], [langCode], [sortOrder], [minAccessLevel], [status]) VALUES (224, N'carrierType', N'01', N'Airline', NULL, N'USR', N'en', 1, 0, 1)
INSERT INTO [dbo].[dubbDomain] ([domainIntno], [domainName], [domainCode], [domainValue], [userMessage], [valueUsage], [langCode], [sortOrder], [minAccessLevel], [status]) VALUES (225, N'carrierType', N'02', N'Courier', NULL, N'USR', N'en', 2, 0, 1)
INSERT INTO [dbo].[dubbDomain] ([domainIntno], [domainName], [domainCode], [domainValue], [userMessage], [valueUsage], [langCode], [sortOrder], [minAccessLevel], [status]) VALUES (229, N'claimType', N'02', N'Shipped Media', NULL, N'USR', N'en', 2, 0, 1)
INSERT INTO [dbo].[dubbDomain] ([domainIntno], [domainName], [domainCode], [domainValue], [userMessage], [valueUsage], [langCode], [sortOrder], [minAccessLevel], [status]) VALUES (230, N'claimType', N'01', N'Uploaded Media', NULL, N'USR', N'en', 1, 0, 1)
INSERT INTO [dbo].[dubbDomain] ([domainIntno], [domainName], [domainCode], [domainValue], [userMessage], [valueUsage], [langCode], [sortOrder], [minAccessLevel], [status]) VALUES (236, N'settings', N'fdw', N'Saturday', N'First Day of the Week', N'SYS', N'en', 1, 0, 1)
INSERT INTO [dbo].[dubbDomain] ([domainIntno], [domainName], [domainCode], [domainValue], [userMessage], [valueUsage], [langCode], [sortOrder], [minAccessLevel], [status]) VALUES (238, N'empType', N'02', N'Translation & Adaptation', NULL, N'USR', N'en', 4, 0, 1)
INSERT INTO [dbo].[dubbDomain] ([domainIntno], [domainName], [domainCode], [domainValue], [userMessage], [valueUsage], [langCode], [sortOrder], [minAccessLevel], [status]) VALUES (239, N'empType', N'05', N'Contractor', NULL, N'USR', N'en', 5, 0, 1)
INSERT INTO [dbo].[dubbDomain] ([domainIntno], [domainName], [domainCode], [domainValue], [userMessage], [valueUsage], [langCode], [sortOrder], [minAccessLevel], [status]) VALUES (240, N'vlScore', N'1', N'Not Avaiable', NULL, N'USR', N'en', 1, 0, 1)
INSERT INTO [dbo].[dubbDomain] ([domainIntno], [domainName], [domainCode], [domainValue], [userMessage], [valueUsage], [langCode], [sortOrder], [minAccessLevel], [status]) VALUES (241, N'vlScore', N'2', N'Below Expectation', NULL, N'USR', N'en', 2, 0, 1)
INSERT INTO [dbo].[dubbDomain] ([domainIntno], [domainName], [domainCode], [domainValue], [userMessage], [valueUsage], [langCode], [sortOrder], [minAccessLevel], [status]) VALUES (242, N'vlScore', N'3', N'Good', NULL, N'USR', N'en', 3, 0, 1)
INSERT INTO [dbo].[dubbDomain] ([domainIntno], [domainName], [domainCode], [domainValue], [userMessage], [valueUsage], [langCode], [sortOrder], [minAccessLevel], [status]) VALUES (243, N'vlScore', N'4', N'Outstanding', NULL, N'USR', N'en', 4, 0, 1)
INSERT INTO [dbo].[dubbDomain] ([domainIntno], [domainName], [domainCode], [domainValue], [userMessage], [valueUsage], [langCode], [sortOrder], [minAccessLevel], [status]) VALUES (244, N'vlWeight', N'0', N'Not Used', NULL, N'USR', N'en', 1, 0, 1)
INSERT INTO [dbo].[dubbDomain] ([domainIntno], [domainName], [domainCode], [domainValue], [userMessage], [valueUsage], [langCode], [sortOrder], [minAccessLevel], [status]) VALUES (245, N'vlWeight', N'1', N'Normal', NULL, N'USR', N'en', 2, 0, 1)
INSERT INTO [dbo].[dubbDomain] ([domainIntno], [domainName], [domainCode], [domainValue], [userMessage], [valueUsage], [langCode], [sortOrder], [minAccessLevel], [status]) VALUES (246, N'vlWeight', N'2', N'High', NULL, N'USR', N'en', 3, 0, 1)
INSERT INTO [dbo].[dubbDomain] ([domainIntno], [domainName], [domainCode], [domainValue], [userMessage], [valueUsage], [langCode], [sortOrder], [minAccessLevel], [status]) VALUES (247, N'vlWeight', N'3', N'Very High', NULL, N'USR', N'en', 4, 0, 1)
INSERT INTO [dbo].[dubbDomain] ([domainIntno], [domainName], [domainCode], [domainValue], [userMessage], [valueUsage], [langCode], [sortOrder], [minAccessLevel], [status]) VALUES (248, N'vlAudioSample', N'1', N'Not Evaluated', NULL, N'USR', N'en', 1, 0, 1)
INSERT INTO [dbo].[dubbDomain] ([domainIntno], [domainName], [domainCode], [domainValue], [userMessage], [valueUsage], [langCode], [sortOrder], [minAccessLevel], [status]) VALUES (249, N'vlAudioSample', N'2', N'Evaluated', NULL, N'USR', N'en', 2, 0, 1)
INSERT INTO [dbo].[dubbDomain] ([domainIntno], [domainName], [domainCode], [domainValue], [userMessage], [valueUsage], [langCode], [sortOrder], [minAccessLevel], [status]) VALUES (250, N'vlCastList', N'1', N'Draft', NULL, N'USR', N'en', 1, 0, 1)
INSERT INTO [dbo].[dubbDomain] ([domainIntno], [domainName], [domainCode], [domainValue], [userMessage], [valueUsage], [langCode], [sortOrder], [minAccessLevel], [status]) VALUES (251, N'vlCastList', N'2', N'Published', NULL, N'USR', N'en', 2, 0, 1)
INSERT INTO [dbo].[dubbDomain] ([domainIntno], [domainName], [domainCode], [domainValue], [userMessage], [valueUsage], [langCode], [sortOrder], [minAccessLevel], [status]) VALUES (252, N'vlCastList', N'3', N'Reviewed', NULL, N'USR', N'en', 3, 0, 1)
INSERT INTO [dbo].[dubbDomain] ([domainIntno], [domainName], [domainCode], [domainValue], [userMessage], [valueUsage], [langCode], [sortOrder], [minAccessLevel], [status]) VALUES (253, N'vlCastList', N'4', N'Cancelled', NULL, N'USR', N'en', 4, 0, 1)


SET IDENTITY_INSERT [dbo].[dubbDomain] OFF


SET IDENTITY_INSERT [dbo].[clients] ON
INSERT INTO [dbo].[clients] ([clientIntno], [clientName], [clientShortName], [othClientName], [othClientShortName], [status]) VALUES (1, N'Zee Entertainment Middle East FZ-LLC ', N'Zee T.V', N'شركة زي الترفيهية في الشرق الأوسط ', N'تلفزيون زي', N'01')
INSERT INTO [dbo].[clients] ([clientIntno], [clientName], [clientShortName], [othClientName], [othClientShortName], [status]) VALUES (2, N'Gulf DTH FZ LLC', N'OSN T.V', N'شركة غلف دي تي اتش', N'تلفزيون او اس ان', N'01')
INSERT INTO [dbo].[clients] ([clientIntno], [clientName], [clientShortName], [othClientName], [othClientShortName], [status]) VALUES (3, N'ABU DHABI MEDIA COMPANY', N'ABU DHABI T.V', N'شركة أبو ظبي للإعلام', N'تلفزيون أبو ظبي', N'01')
SET IDENTITY_INSERT [dbo].[clients] OFF


SET IDENTITY_INSERT [dbo].[contacts] ON
INSERT INTO [dbo].[contacts] ([contactIntno], [contactParty], [partyIntno], [salutation], [contactName], [othContactName], [contactTitle], [contactPhoneNbr], [contactEmailAddr], [mailingAddr], [remarks], [status]) VALUES (1, N'01', 1, N'01', N'Adil Memon', N'عادل ميمون', N'Deputy Vice presidant ', N'00971552491200- 0097144264135', N'adil.m@zeenetwork.ae', NULL, NULL, 1)
INSERT INTO [dbo].[contacts] ([contactIntno], [contactParty], [partyIntno], [salutation], [contactName], [othContactName], [contactTitle], [contactPhoneNbr], [contactEmailAddr], [mailingAddr], [remarks], [status]) VALUES (2, N'01', 1, N'01', N'Mohammed El. Essawy', N'محمد العيساوي', N'Senior Manager- Dubbing ', N'00971567882020- 0097144264141', N'mohammed.e@zeenetwork.ae', NULL, NULL, 1)
INSERT INTO [dbo].[contacts] ([contactIntno], [contactParty], [partyIntno], [salutation], [contactName], [othContactName], [contactTitle], [contactPhoneNbr], [contactEmailAddr], [mailingAddr], [remarks], [status]) VALUES (3, N'01', 1, N'03', N'Diala Monsef ', N'ديالا منصف', N'Senior Manager- programming & Dubbing', N'00971556621934- 0097144264144', N'diala.m@zeenetwork.ae', NULL, NULL, 1)
INSERT INTO [dbo].[contacts] ([contactIntno], [contactParty], [partyIntno], [salutation], [contactName], [othContactName], [contactTitle], [contactPhoneNbr], [contactEmailAddr], [mailingAddr], [remarks], [status]) VALUES (4, N'01', 1, N'01', N'Mahdi Obeidat', N'مهدي عبيدات', N'Manager- Dubbing & Quality control', N'00971503290384- 0097144264100', N'Mahdi.o@zeenetwork.ae', NULL, NULL, 1)
INSERT INTO [dbo].[contacts] ([contactIntno], [contactParty], [partyIntno], [salutation], [contactName], [othContactName], [contactTitle], [contactPhoneNbr], [contactEmailAddr], [mailingAddr], [remarks], [status]) VALUES (5, N'01', 1, N'03', N'Reem Almourani', N'ريم الموراني', N'consultant - Dubbing', N'0097144264172- 00971552772244', N'reem.a@zeenetwork.ae', NULL, NULL, 1)
INSERT INTO [dbo].[contacts] ([contactIntno], [contactParty], [partyIntno], [salutation], [contactName], [othContactName], [contactTitle], [contactPhoneNbr], [contactEmailAddr], [mailingAddr], [remarks], [status]) VALUES (6, N'01', 2, N'01', N'Yazan Al Zabri', N'يزن الزبري', N'Senior Manager of programming Operations', N'0097143677244 - 00971558005506', N'Yazan.AlZabri@osn.com', NULL, NULL, 1)
INSERT INTO [dbo].[contacts] ([contactIntno], [contactParty], [partyIntno], [salutation], [contactName], [othContactName], [contactTitle], [contactPhoneNbr], [contactEmailAddr], [mailingAddr], [remarks], [status]) VALUES (7, N'01', 2, N'01', N'Sami Al Ras', N'سامي الراس', N'Arabic Channels Operations Supervisor', N'0097143677603 - 00971506583124', N'Sami.AlRas@osn.com', NULL, NULL, 1)
INSERT INTO [dbo].[contacts] ([contactIntno], [contactParty], [partyIntno], [salutation], [contactName], [othContactName], [contactTitle], [contactPhoneNbr], [contactEmailAddr], [mailingAddr], [remarks], [status]) VALUES (8, N'01', 3, N'01', N'Ali AlHammadi', N'علي الحمادي', N'Executive Director of Business Marketing', N'00971562190186', N'Ali.AlHammadi@admedia.ae', NULL, NULL, 1)
INSERT INTO [dbo].[contacts] ([contactIntno], [contactParty], [partyIntno], [salutation], [contactName], [othContactName], [contactTitle], [contactPhoneNbr], [contactEmailAddr], [mailingAddr], [remarks], [status]) VALUES (9, N'01', 3, N'03', N'Wafa Aqel', N'وفاء عقيل', N' Senior Procurement specialist', N'0097124145149 - 0091564104325', N'Wafa.Aqel@admedia.ae', NULL, NULL, 1)
INSERT INTO [dbo].[contacts] ([contactIntno], [contactParty], [partyIntno], [salutation], [contactName], [othContactName], [contactTitle], [contactPhoneNbr], [contactEmailAddr], [mailingAddr], [remarks], [status]) VALUES (10, N'01', 3, N'03', N'Ayat Abu Hantash', NULL, N'Production Department', N'0097124145778 - 00971569960187', N'Ayat.AbedIsaid@admedia.ae', NULL, NULL, 1)
INSERT INTO [dbo].[contacts] ([contactIntno], [contactParty], [partyIntno], [salutation], [contactName], [othContactName], [contactTitle], [contactPhoneNbr], [contactEmailAddr], [mailingAddr], [remarks], [status]) VALUES (11, N'01', 3, N'01', N'Samer Abu Haikal', N'سامر أبو هيكل', N'Financial Accounts Manager', N'00971 02 414 4320 - 00971506164787 ', N'Samer.AbuHaikal@admedia.ae', NULL, NULL, 1)
INSERT INTO [dbo].[contacts] ([contactIntno], [contactParty], [partyIntno], [salutation], [contactName], [othContactName], [contactTitle], [contactPhoneNbr], [contactEmailAddr], [mailingAddr], [remarks], [status]) VALUES (12, N'01', 1, N'03', N'Tiama Saad', N'تياما سعد', N'consultant - Dubbing', N'0097144264100', N'tiama.s@zeenetwork.ae', NULL, NULL, 1)
INSERT INTO [dbo].[contacts] ([contactIntno], [contactParty], [partyIntno], [salutation], [contactName], [othContactName], [contactTitle], [contactPhoneNbr], [contactEmailAddr], [mailingAddr], [remarks], [status]) VALUES (13, N'01', 1, N'01', N'Abdolbaset Esmaeili', N'عبد الباسط اسماعيلي ', N'Senior Manager- Dubbing', N'0097144264100-00971558842272', N'abdolbaset.e@zeenetwork.ae', NULL, NULL, 1)
SET IDENTITY_INSERT [dbo].[contacts] OFF


SET IDENTITY_INSERT [dbo].[agreements] ON
INSERT INTO [dbo].[agreements] ([agreementIntno], [clientIntno], [agreementType], [agreementName], [othAgreementName], [refAgreementIntno], [fromDate], [agreementDuration], [durationUom], [thruDate], [remarks], [status]) VALUES (1, 1, N'01', N'Zee agreement 2015-2017', N'اتفاقية', NULL, N'2015-07-01', 3, N'01', N'2018-06-30', N'dubbing Indian series to Syrian shami delicate ', N'01')
INSERT INTO [dbo].[agreements] ([agreementIntno], [clientIntno], [agreementType], [agreementName], [othAgreementName], [refAgreementIntno], [fromDate], [agreementDuration], [durationUom], [thruDate], [remarks], [status]) VALUES (2, 2, N'01', N'OSN agreement for 2016 ', N'اتفاقية', NULL, N'2016-01-11', 1, N'01', N'2017-01-10', N'dubbing series & movies to Syrian shami delicate and Modren Standard Arabic', N'01')
INSERT INTO [dbo].[agreements] ([agreementIntno], [clientIntno], [agreementType], [agreementName], [othAgreementName], [refAgreementIntno], [fromDate], [agreementDuration], [durationUom], [thruDate], [remarks], [status]) VALUES (3, 3, N'01', N'agreement NO (249) for 2013', N'اتفاقية رقم 249 لسنة 2013 ', NULL, N'2013-05-01', 5, N'01', N'2018-04-30', NULL, N'01')
SET IDENTITY_INSERT [dbo].[agreements] OFF


SET IDENTITY_INSERT [dbo].[agreementWorks] ON
INSERT INTO [dbo].[agreementWorks] ([workIntno], [agreementIntno], [workType], [workName], [othWorkName], [workNationality], [workOriginalLanguage], [firstEpisodeShowDate], [totalNbrEpisodes], [totalWeekNbrEpisodes], [contactIntno], [status]) VALUES (1, 1, N'01', N'Yahan Main Ghar Ghar Kheli (S2)', N'قصر سوارنا الجزء الثاني', N'02', N'02', NULL, 88, 7, 5, N'01')
INSERT INTO [dbo].[agreementWorks] ([workIntno], [agreementIntno], [workType], [workName], [othWorkName], [workNationality], [workOriginalLanguage], [firstEpisodeShowDate], [totalNbrEpisodes], [totalWeekNbrEpisodes], [contactIntno], [status]) VALUES (2, 1, N'01', N'Sapne Suhane Ladakpan Ke S2', N'أحلام مراهقتان الجزء الثاني', N'02', N'02', N'2016-02-07', 51, 7, 2, N'01')
INSERT INTO [dbo].[agreementWorks] ([workIntno], [agreementIntno], [workType], [workName], [othWorkName], [workNationality], [workOriginalLanguage], [firstEpisodeShowDate], [totalNbrEpisodes], [totalWeekNbrEpisodes], [contactIntno], [status]) VALUES (3, 1, N'01', N'No Matter What S2 ', N'ثروة مع وقف التنفيذ الجزء الثاني', N'02', N'02', N'2016-06-05', 200, 7, 2, N'01')
INSERT INTO [dbo].[agreementWorks] ([workIntno], [agreementIntno], [workType], [workName], [othWorkName], [workNationality], [workOriginalLanguage], [firstEpisodeShowDate], [totalNbrEpisodes], [totalWeekNbrEpisodes], [contactIntno], [status]) VALUES (4, 1, N'01', N'Blind love S2', N'أحببت أعمى الجزء الثاني', N'02', N'02', N'2016-02-28', 159, 7, 3, N'01')
INSERT INTO [dbo].[agreementWorks] ([workIntno], [agreementIntno], [workType], [workName], [othWorkName], [workNationality], [workOriginalLanguage], [firstEpisodeShowDate], [totalNbrEpisodes], [totalWeekNbrEpisodes], [contactIntno], [status]) VALUES (5, 1, N'03', N'Tehzeeb', N'تهذيب', N'02', N'02', N'2016-02-15', 1, 1, 12, N'01')
INSERT INTO [dbo].[agreementWorks] ([workIntno], [agreementIntno], [workType], [workName], [othWorkName], [workNationality], [workOriginalLanguage], [firstEpisodeShowDate], [totalNbrEpisodes], [totalWeekNbrEpisodes], [contactIntno], [status]) VALUES (6, 1, N'01', N'Yahan Main Ghar Kheli (S3)', N'قصر سوارنا الجزء الثالث', N'02', N'02', N'2016-08-01', 55, 7, 5, N'01')
INSERT INTO [dbo].[agreementWorks] ([workIntno], [agreementIntno], [workType], [workName], [othWorkName], [workNationality], [workOriginalLanguage], [firstEpisodeShowDate], [totalNbrEpisodes], [totalWeekNbrEpisodes], [contactIntno], [status]) VALUES (7, 1, N'01', N'Qubool Hai (S3)', N'قبول الجزء الثالث ', N'02', N'02', N'2016-06-07', 92, 8, 3, N'01')
SET IDENTITY_INSERT [dbo].[agreementWorks] OFF


SET IDENTITY_INSERT [dbo].[agreementSpecs] ON
INSERT INTO [dbo].[agreementSpecs] ([specsIntno], [agreementIntno], [specsType], [specsSubtype], [specsValue]) VALUES (1, 1, N'01', N'01', N'MOV')
INSERT INTO [dbo].[agreementSpecs] ([specsIntno], [agreementIntno], [specsType], [specsSubtype], [specsValue]) VALUES (2, 1, N'01', N'02', N'Quick Time')
INSERT INTO [dbo].[agreementSpecs] ([specsIntno], [agreementIntno], [specsType], [specsSubtype], [specsValue]) VALUES (3, 1, N'01', N'03', N'Advanced video codec')
INSERT INTO [dbo].[agreementSpecs] ([specsIntno], [agreementIntno], [specsType], [specsSubtype], [specsValue]) VALUES (4, 1, N'01', N'04', N'HD')
INSERT INTO [dbo].[agreementSpecs] ([specsIntno], [agreementIntno], [specsType], [specsSubtype], [specsValue]) VALUES (5, 1, N'02', N'01', N'Embedded in video ')
SET IDENTITY_INSERT [dbo].[agreementSpecs] OFF


SET IDENTITY_INSERT [dbo].[agreementTerms] ON
INSERT INTO [dbo].[agreementTerms] ([termIntno], [agreementIntno], [sortOrder], [termDesc]) VALUES (1, 1, 1, N'upload 7 low-res episodes on FTP weekly ')
INSERT INTO [dbo].[agreementTerms] ([termIntno], [agreementIntno], [sortOrder], [termDesc]) VALUES (2, 1, 2, N'zee shall provide us  feedback within 10 working days')
INSERT INTO [dbo].[agreementTerms] ([termIntno], [agreementIntno], [sortOrder], [termDesc]) VALUES (3, 1, 3, N'provide zee the high res episodes within 7 working days after we receive feedbak')
SET IDENTITY_INSERT [dbo].[agreementTerms] OFF


SET IDENTITY_INSERT [dbo].[employees] ON
INSERT INTO [dbo].[employees] ([empIntno], [empType], [empUID], [fullName], [othFullName], [mobileNo], [landLineNo], [email], [status], [accountNo]) VALUES (1, N'01', N'8', N'Seif Abu Asa''d', N'سيف أبو أسعد', N'611 0000', N'1', N'saif@fardous.tv', 1, NULL)
INSERT INTO [dbo].[employees] ([empIntno], [empType], [empUID], [fullName], [othFullName], [mobileNo], [landLineNo], [email], [status], [accountNo]) VALUES (2, N'01', N'25', N'Bassam Alhindi', N'بسام الهندي', N'611', N'1', N'bassam@fardous.tv', 1, NULL)
INSERT INTO [dbo].[employees] ([empIntno], [empType], [empUID], [fullName], [othFullName], [mobileNo], [landLineNo], [email], [status], [accountNo]) VALUES (3, N'01', N'23', N'Samer Abu Assali', N'سامر أبو عسلي', N'611', N'1', N'samer@fardous.tv', 1, NULL)
INSERT INTO [dbo].[employees] ([empIntno], [empType], [empUID], [fullName], [othFullName], [mobileNo], [landLineNo], [email], [status], [accountNo]) VALUES (4, N'01', NULL, N'Khalil Haddad', N'خليل حداد', N'611', N'1', N'khalil.haddad@gmail.com', 1, NULL)
INSERT INTO [dbo].[employees] ([empIntno], [empType], [empUID], [fullName], [othFullName], [mobileNo], [landLineNo], [email], [status], [accountNo]) VALUES (5, N'05', NULL, N'Iass Oueshek', N'اياس عويشق', N'0033646622659', N'5135581', N'iass2002@hotmail.com', 1, NULL)
INSERT INTO [dbo].[employees] ([empIntno], [empType], [empUID], [fullName], [othFullName], [mobileNo], [landLineNo], [email], [status], [accountNo]) VALUES (6, N'05', NULL, N'Suliman Deeb', N'سليمان ديب', N'993250159', N'NA', N'deeb282@hotmail.com', 1, NULL)
INSERT INTO [dbo].[employees] ([empIntno], [empType], [empUID], [fullName], [othFullName], [mobileNo], [landLineNo], [email], [status], [accountNo]) VALUES (7, N'05', NULL, N'Abdulaa Malla Mahmoud', N'عبد الله ملا محمود', N'933385307', N'NA', N'aboodmalla@hotmail.com', 1, NULL)
INSERT INTO [dbo].[employees] ([empIntno], [empType], [empUID], [fullName], [othFullName], [mobileNo], [landLineNo], [email], [status], [accountNo]) VALUES (8, N'04', NULL, N'Ali Alkatreeb', N'علي القطريب', N'991224797', N'NA', N'ali2alkatreeb@gmail.com', 1, NULL)
INSERT INTO [dbo].[employees] ([empIntno], [empType], [empUID], [fullName], [othFullName], [mobileNo], [landLineNo], [email], [status], [accountNo]) VALUES (9, N'04', NULL, N'Bana Bilal', N'بانا بلال', N'988885137', N'NA', N'bilal.bana@yahoo.com', 1, NULL)
INSERT INTO [dbo].[employees] ([empIntno], [empType], [empUID], [fullName], [othFullName], [mobileNo], [landLineNo], [email], [status], [accountNo]) VALUES (10, N'04', NULL, N'Mohamad Dabagh', N'محمد دباغ', N'967671040', N'NA', N'dabhovechka@gmail.com', 1, NULL)
INSERT INTO [dbo].[employees] ([empIntno], [empType], [empUID], [fullName], [othFullName], [mobileNo], [landLineNo], [email], [status], [accountNo]) VALUES (11, N'04', NULL, N'Eman Alkhatib', N'ايمان الخطيب', N'968296125', N'NA', N'alon_rose87@yahoo.com', 1, NULL)
INSERT INTO [dbo].[employees] ([empIntno], [empType], [empUID], [fullName], [othFullName], [mobileNo], [landLineNo], [email], [status], [accountNo]) VALUES (12, N'04', NULL, N'Lisa Dowa', N'ليزا ضوا', N'935383184', N'NA', N'lisadowa@gmail.com', 1, NULL)
INSERT INTO [dbo].[employees] ([empIntno], [empType], [empUID], [fullName], [othFullName], [mobileNo], [landLineNo], [email], [status], [accountNo]) VALUES (13, N'04', NULL, N'Maher Mansoor', N'ماهر منصور', N'988317646', N'NA', N'maher_662015@outlook.com', 1, NULL)
INSERT INTO [dbo].[employees] ([empIntno], [empType], [empUID], [fullName], [othFullName], [mobileNo], [landLineNo], [email], [status], [accountNo]) VALUES (14, N'04', NULL, N'Hanaa Ibrahem', N'هناء ابراهيم', N'969950459', N'NA', N'info@samba-sy.com', 1, NULL)
INSERT INTO [dbo].[employees] ([empIntno], [empType], [empUID], [fullName], [othFullName], [mobileNo], [landLineNo], [email], [status], [accountNo]) VALUES (15, N'04', NULL, N'Wesam Kahowaji', N'وسام قهوجي', N'966796606', N'NA', N'wesam88-q@hotmail.com', 1, NULL)
INSERT INTO [dbo].[employees] ([empIntno], [empType], [empUID], [fullName], [othFullName], [mobileNo], [landLineNo], [email], [status], [accountNo]) VALUES (16, N'03', NULL, N'Myrna Alrashed', N'ميرنا الرشيد', N'944020526', N'NA', N'sa_myrna@hotmail.com', 1, NULL)
INSERT INTO [dbo].[employees] ([empIntno], [empType], [empUID], [fullName], [othFullName], [mobileNo], [landLineNo], [email], [status], [accountNo]) VALUES (17, N'03', NULL, N'Faysal Orfali', N'فيصل اورفلي', N'936447443', N'NA', N'faysalorfali@gmail.com', 1, NULL)
INSERT INTO [dbo].[employees] ([empIntno], [empType], [empUID], [fullName], [othFullName], [mobileNo], [landLineNo], [email], [status], [accountNo]) VALUES (18, N'03', NULL, N'Huda Shabta', N'هدى شبطة', N'958005837', N'NA', N'huda702@yahoo.com', 1, NULL)
INSERT INTO [dbo].[employees] ([empIntno], [empType], [empUID], [fullName], [othFullName], [mobileNo], [landLineNo], [email], [status], [accountNo]) VALUES (19, N'03', NULL, N'Maisoun Alrahaby', N'ميسون الرحبي', N'944262697', N'NA', N'mrahaby@hotmail.com', 1, NULL)
INSERT INTO [dbo].[employees] ([empIntno], [empType], [empUID], [fullName], [othFullName], [mobileNo], [landLineNo], [email], [status], [accountNo]) VALUES (20, N'03', NULL, N'Sawsan Hammoud', N'سوسن حمود', N'954477626', N'NA', N'sawsan.hamoud78@gmail.com', 1, NULL)
INSERT INTO [dbo].[employees] ([empIntno], [empType], [empUID], [fullName], [othFullName], [mobileNo], [landLineNo], [email], [status], [accountNo]) VALUES (21, N'03', NULL, N'Suliman Shahhoud', N'سليمان شحود', N'933628928', N'NA', N'hassyria@gmail.com', 1, NULL)
INSERT INTO [dbo].[employees] ([empIntno], [empType], [empUID], [fullName], [othFullName], [mobileNo], [landLineNo], [email], [status], [accountNo]) VALUES (22, N'03', NULL, N'Yaman Abdeen', N'يمان عابدين', N'944466685', N'NA', N'yaman.ab@hotmail.com', 1, NULL)
INSERT INTO [dbo].[employees] ([empIntno], [empType], [empUID], [fullName], [othFullName], [mobileNo], [landLineNo], [email], [status], [accountNo]) VALUES (23, N'03', NULL, N'Afaf Abdeen', N'عفاف عابدين', N'944773363', N'NA', N'aff_ab@hotmail.com', 1, NULL)
INSERT INTO [dbo].[employees] ([empIntno], [empType], [empUID], [fullName], [othFullName], [mobileNo], [landLineNo], [email], [status], [accountNo]) VALUES (24, N'03', NULL, N'Maria Abdeen', N'ماريا عابدين', N'933277763', N'NA', N'maria-ab@live.com', 1, NULL)
INSERT INTO [dbo].[employees] ([empIntno], [empType], [empUID], [fullName], [othFullName], [mobileNo], [landLineNo], [email], [status], [accountNo]) VALUES (25, N'01', NULL, N'samer alsbainy', N'سامر السبيني', N'0938519478', N'NA', N'NA', 1, NULL)
INSERT INTO [dbo].[employees] ([empIntno], [empType], [empUID], [fullName], [othFullName], [mobileNo], [landLineNo], [email], [status], [accountNo]) VALUES (26, N'01', N'wael', N'Wael Al Hindi', N'وائل الهندي', N'0991 000', N'011 3129090', N'wael@google.com', 1, NULL)
SET IDENTITY_INSERT [dbo].[employees] OFF


SET IDENTITY_INSERT [dbo].[voiceActors] ON
INSERT INTO [dbo].[voiceActors] ([voiceActorIntno], [fullName], [othFullName], [mobileNo], [landLineNo], [email], [status], [accountNo]) VALUES (0, N'ANONYMOUS', N'غير محدد', N'-', N'-', N'-', 1, NULL)
INSERT INTO [dbo].[voiceActors] ([voiceActorIntno], [fullName], [othFullName], [mobileNo], [landLineNo], [email], [status], [accountNo]) VALUES (726, N'Ibrahim Issa', N'ابراهيم عيسى ', N'944431354', N'NA', N'NA', 1, N'235002')
INSERT INTO [dbo].[voiceActors] ([voiceActorIntno], [fullName], [othFullName], [mobileNo], [landLineNo], [email], [status], [accountNo]) VALUES (727, N'Ibrahim Shlabi', N' ابراهيم شلبي ', N'999684374', N'NA', N'NA', 1, N'')
INSERT INTO [dbo].[voiceActors] ([voiceActorIntno], [fullName], [othFullName], [mobileNo], [landLineNo], [email], [status], [accountNo]) VALUES (728, N'Ahmed Hegazy', N'احمد حجازي ', N'969703928', N'NA', N'NA', 1, N'')
INSERT INTO [dbo].[voiceActors] ([voiceActorIntno], [fullName], [othFullName], [mobileNo], [landLineNo], [email], [status], [accountNo]) VALUES (729, N'Adib Razzouk', N'اديب رزوق ', N'947769265', N'NA', N'NA', 1, N'235005')
INSERT INTO [dbo].[voiceActors] ([voiceActorIntno], [fullName], [othFullName], [mobileNo], [landLineNo], [email], [status], [accountNo]) VALUES (730, N'Areej Khaddour', N'اريج خضور ', N'936586000', N'NA', N'NA', 1, N'')
INSERT INTO [dbo].[voiceActors] ([voiceActorIntno], [fullName], [othFullName], [mobileNo], [landLineNo], [email], [status], [accountNo]) VALUES (731, N'Osama Tinawi', N'اسامة تيناوي', N'933258280', N'NA', N'NA', 1, N'235006')
INSERT INTO [dbo].[voiceActors] ([voiceActorIntno], [fullName], [othFullName], [mobileNo], [landLineNo], [email], [status], [accountNo]) VALUES (732, N'Osama Jnaid', N'اسامة جنيد ', N'993333057', N'NA', N'NA', 1, N'235007')
INSERT INTO [dbo].[voiceActors] ([voiceActorIntno], [fullName], [othFullName], [mobileNo], [landLineNo], [email], [status], [accountNo]) VALUES (733, N'Aziz Iskandar', N'اسكندر عزيز', N'933229322', N'NA', N'NA', 1, N'')
INSERT INTO [dbo].[voiceActors] ([voiceActorIntno], [fullName], [othFullName], [mobileNo], [landLineNo], [email], [status], [accountNo]) VALUES (734, N'Ausema Youssef', N'اسيمة يوسف ', N'933334483', N'NA', N'NA', 1, N'235008')
INSERT INTO [dbo].[voiceActors] ([voiceActorIntno], [fullName], [othFullName], [mobileNo], [landLineNo], [email], [status], [accountNo]) VALUES (735, N'Allaa Affash', N'الاء عفاش ', N'966923264', N'NA', N'NA', 1, N'235017')
INSERT INTO [dbo].[voiceActors] ([voiceActorIntno], [fullName], [othFullName], [mobileNo], [landLineNo], [email], [status], [accountNo]) VALUES (736, N'Allaa Masry Zadah ', N'الاء مصري زادة', N'932939702', N'NA', N'NA', 1, N'235009')
INSERT INTO [dbo].[voiceActors] ([voiceActorIntno], [fullName], [othFullName], [mobileNo], [landLineNo], [email], [status], [accountNo]) VALUES (737, N'Amani Al Hakim', N'اماني الحكيم ', N'944212174', N'NA', N'NA', 1, N'235183')
INSERT INTO [dbo].[voiceActors] ([voiceActorIntno], [fullName], [othFullName], [mobileNo], [landLineNo], [email], [status], [accountNo]) VALUES (738, N'Amani Nasr ', N'اماني نصر', N'955889540', N'NA', N'NA', 1, N'235011')
INSERT INTO [dbo].[voiceActors] ([voiceActorIntno], [fullName], [othFullName], [mobileNo], [landLineNo], [email], [status], [accountNo]) VALUES (739, N' Amani Wali ', N'اماني والي ', N'944312431', N'NA', N'NA', 1, N'')
INSERT INTO [dbo].[voiceActors] ([voiceActorIntno], [fullName], [othFullName], [mobileNo], [landLineNo], [email], [status], [accountNo]) VALUES (740, N'Amal Jarjoura', N'امل جرجورة ', N'988054625', N'NA', N'NA', 1, N'')
INSERT INTO [dbo].[voiceActors] ([voiceActorIntno], [fullName], [othFullName], [mobileNo], [landLineNo], [email], [status], [accountNo]) VALUES (741, N'Amal Hanna', N'امل حنا ', N'932843628', N'NA', N'NA', 1, N'')
INSERT INTO [dbo].[voiceActors] ([voiceActorIntno], [fullName], [othFullName], [mobileNo], [landLineNo], [email], [status], [accountNo]) VALUES (742, N'Umayya Malas', N'امية ملص ', N'933412101', N'NA', N'NA', 1, N'')
INSERT INTO [dbo].[voiceActors] ([voiceActorIntno], [fullName], [othFullName], [mobileNo], [landLineNo], [email], [status], [accountNo]) VALUES (743, N'Angie Youssef', N'انجي اليوسف', N'933428248', N'NA', N'NA', 1, N'')
INSERT INTO [dbo].[voiceActors] ([voiceActorIntno], [fullName], [othFullName], [mobileNo], [landLineNo], [email], [status], [accountNo]) VALUES (744, N'Anwar Shaikh Al Bassatneh', N'انور شيخ البساتنة ', N'932542991', N'NA', N'NA', 1, N'235012')
INSERT INTO [dbo].[voiceActors] ([voiceActorIntno], [fullName], [othFullName], [mobileNo], [landLineNo], [email], [status], [accountNo]) VALUES (745, N'Aues Mkhllaty', N'اويس مخللاتي ', N'952763613', N'NA', N'NA', 1, N'')
INSERT INTO [dbo].[voiceActors] ([voiceActorIntno], [fullName], [othFullName], [mobileNo], [landLineNo], [email], [status], [accountNo]) VALUES (746, N'Eyas Abu Ghzzaleh', N'اياس ابو غزالة', N'944282000', N'NA', N'NA', 1, N'235014')
INSERT INTO [dbo].[voiceActors] ([voiceActorIntno], [fullName], [othFullName], [mobileNo], [landLineNo], [email], [status], [accountNo]) VALUES (747, N'Eveline Hassan', N'ايفلين حسن', N'944427793', N'NA', N'NA', 1, N'')
INSERT INTO [dbo].[voiceActors] ([voiceActorIntno], [fullName], [othFullName], [mobileNo], [landLineNo], [email], [status], [accountNo]) VALUES (748, N' Ayman al Salek', N'ايمن السالك ', N'944448303', N'NA', N'NA', 1, N'')
INSERT INTO [dbo].[voiceActors] ([voiceActorIntno], [fullName], [othFullName], [mobileNo], [landLineNo], [email], [status], [accountNo]) VALUES (749, N'Ayman Abdel Salam', N'ايمن عبد السلام', N'933713303', N'NA', N'NA', 1, N'235201')
INSERT INTO [dbo].[voiceActors] ([voiceActorIntno], [fullName], [othFullName], [mobileNo], [landLineNo], [email], [status], [accountNo]) VALUES (750, N'Ayman Salman', N'ايهم سلمان', N'933520977', N'NA', N'NA', 1, N'')
INSERT INTO [dbo].[voiceActors] ([voiceActorIntno], [fullName], [othFullName], [mobileNo], [landLineNo], [email], [status], [accountNo]) VALUES (751, N'Ayham Abbasi', N'ايهم عباسي', N'944737319', N'NA', N'NA', 1, N'235016')
INSERT INTO [dbo].[voiceActors] ([voiceActorIntno], [fullName], [othFullName], [mobileNo], [landLineNo], [email], [status], [accountNo]) VALUES (752, N'Amera Hdefy', N'أميرة حديفي ', N'944271278', N'NA', N'NA', 1, N'')
INSERT INTO [dbo].[voiceActors] ([voiceActorIntno], [fullName], [othFullName], [mobileNo], [landLineNo], [email], [status], [accountNo]) VALUES (753, N'Basel Al Riffay', N'باسل الرفاعي', N'932453387', N'NA', N'NA', 1, N'235018')
INSERT INTO [dbo].[voiceActors] ([voiceActorIntno], [fullName], [othFullName], [mobileNo], [landLineNo], [email], [status], [accountNo]) VALUES (754, N'Basel Haidar', N'باسل حيدر ', N'988399553', N'NA', N'NA', 1, N'')
INSERT INTO [dbo].[voiceActors] ([voiceActorIntno], [fullName], [othFullName], [mobileNo], [landLineNo], [email], [status], [accountNo]) VALUES (755, N'Bassm Haddad', N'باسم حداد ', N'966064327', N'NA', N'NA', 1, N'235211')
INSERT INTO [dbo].[voiceActors] ([voiceActorIntno], [fullName], [othFullName], [mobileNo], [landLineNo], [email], [status], [accountNo]) VALUES (756, N'Batoul Al Hageh', N'بتول الحجة ', N'965555395', N'NA', N'NA', 1, N'')
INSERT INTO [dbo].[voiceActors] ([voiceActorIntno], [fullName], [othFullName], [mobileNo], [landLineNo], [email], [status], [accountNo]) VALUES (757, N'Bassam Dakkak', N'بسام دكاك ', N'954225043', N'NA', N'NA', 1, N'')
INSERT INTO [dbo].[voiceActors] ([voiceActorIntno], [fullName], [othFullName], [mobileNo], [landLineNo], [email], [status], [accountNo]) VALUES (758, N'Bassam Qunbrjy', N'بسام قنبرجي ', N'944320326', N'NA', N'NA', 1, N'')
INSERT INTO [dbo].[voiceActors] ([voiceActorIntno], [fullName], [othFullName], [mobileNo], [landLineNo], [email], [status], [accountNo]) VALUES (759, N'Bassam Lutfi', N'بسام لطفي ', N'944455533', N'NA', N'NA', 1, N'')
INSERT INTO [dbo].[voiceActors] ([voiceActorIntno], [fullName], [othFullName], [mobileNo], [landLineNo], [email], [status], [accountNo]) VALUES (760, N'Bshar Al Bshara', N'بشار البشارة', N'933561225', N'NA', N'NA', 1, N'235019')
INSERT INTO [dbo].[voiceActors] ([voiceActorIntno], [fullName], [othFullName], [mobileNo], [landLineNo], [email], [status], [accountNo]) VALUES (761, N'Bushra Numan', N'بشرى نعمان', N'934926827', N'NA', N'NA', 1, N'')
INSERT INTO [dbo].[voiceActors] ([voiceActorIntno], [fullName], [othFullName], [mobileNo], [landLineNo], [email], [status], [accountNo]) VALUES (762, N'Belasan Ahmad', N'بيلسان احمد', N'967292354', N'NA', N'NA', 1, N'235134')
INSERT INTO [dbo].[voiceActors] ([voiceActorIntno], [fullName], [othFullName], [mobileNo], [landLineNo], [email], [status], [accountNo]) VALUES (763, N'Tala Wahbeh', N'تالة وهبي ', N'993446188', N'NA', N'NA', 1, N'235135')
INSERT INTO [dbo].[voiceActors] ([voiceActorIntno], [fullName], [othFullName], [mobileNo], [landLineNo], [email], [status], [accountNo]) VALUES (764, N'Tasnim Basha', N'تسنيم باشا ', N'956306699', N'NA', N'NA', 1, N'235156')
INSERT INTO [dbo].[voiceActors] ([voiceActorIntno], [fullName], [othFullName], [mobileNo], [landLineNo], [email], [status], [accountNo]) VALUES (765, N'Thraa Dbseh', N'ثراء دبسي', N'944601876', N'NA', N'NA', 1, N'235165')
INSERT INTO [dbo].[voiceActors] ([voiceActorIntno], [fullName], [othFullName], [mobileNo], [landLineNo], [email], [status], [accountNo]) VALUES (766, N'Jackline Gdded', N'جاكلين جديد ', N'992358294', N'NA', N'NA', 1, N'')
INSERT INTO [dbo].[voiceActors] ([voiceActorIntno], [fullName], [othFullName], [mobileNo], [landLineNo], [email], [status], [accountNo]) VALUES (767, N'Jamal Nassar', N'جمال نصار ', N'944220719', N'NA', N'NA', 1, N'235126')
INSERT INTO [dbo].[voiceActors] ([voiceActorIntno], [fullName], [othFullName], [mobileNo], [landLineNo], [email], [status], [accountNo]) VALUES (768, N'Jumana Abu Alkhair', N'جمانة ابو الخير ', N'933752293', N'NA', N'NA', 1, N'235021')
INSERT INTO [dbo].[voiceActors] ([voiceActorIntno], [fullName], [othFullName], [mobileNo], [landLineNo], [email], [status], [accountNo]) VALUES (769, N'Johina Naim', N'جهينة نعيم ', N'933610384', N'NA', N'NA', 1, N'235226')
INSERT INTO [dbo].[voiceActors] ([voiceActorIntno], [fullName], [othFullName], [mobileNo], [landLineNo], [email], [status], [accountNo]) VALUES (770, N'George Hanna', N'جورج حنا ', N'932680985', N'NA', N'NA', 1, N'')
INSERT INTO [dbo].[voiceActors] ([voiceActorIntno], [fullName], [othFullName], [mobileNo], [landLineNo], [email], [status], [accountNo]) VALUES (771, N'Hussam Alshah ', N'حسام الشاه ', N'933563060', N'NA', N'NA', 1, N'')
INSERT INTO [dbo].[voiceActors] ([voiceActorIntno], [fullName], [othFullName], [mobileNo], [landLineNo], [email], [status], [accountNo]) VALUES (772, N'Hussam Skaf ', N'حسام سكاف ', N'933832015', N'NA', N'NA', 1, N'235219')
INSERT INTO [dbo].[voiceActors] ([voiceActorIntno], [fullName], [othFullName], [mobileNo], [landLineNo], [email], [status], [accountNo]) VALUES (773, N'Hasan Hanawy', N'حسن حناوي ', N'944339411', N'NA', N'NA', 1, N'')
INSERT INTO [dbo].[voiceActors] ([voiceActorIntno], [fullName], [othFullName], [mobileNo], [landLineNo], [email], [status], [accountNo]) VALUES (774, N'Hasan Doba', N'حسن دوبا ', N'933429340', N'NA', N'NA', 1, N'235024')
INSERT INTO [dbo].[voiceActors] ([voiceActorIntno], [fullName], [othFullName], [mobileNo], [landLineNo], [email], [status], [accountNo]) VALUES (775, N'Hussein Alshazly', N'حسين الشاذلي', N'933944903', N'NA', N'NA', 1, N'')
INSERT INTO [dbo].[voiceActors] ([voiceActorIntno], [fullName], [othFullName], [mobileNo], [landLineNo], [email], [status], [accountNo]) VALUES (776, N'Hussein Alblkhy', N'حسين البلخي ', N'933125498', N'NA', N'NA', 1, N'')
INSERT INTO [dbo].[voiceActors] ([voiceActorIntno], [fullName], [othFullName], [mobileNo], [landLineNo], [email], [status], [accountNo]) VALUES (777, N'Hussein Joumah', N'حسين جمعة ', N'945640392', N'NA', N'NA', 1, N'')
INSERT INTO [dbo].[voiceActors] ([voiceActorIntno], [fullName], [othFullName], [mobileNo], [landLineNo], [email], [status], [accountNo]) VALUES (778, N'Hussein Saif', N'حسين سيف ', N'999554106', N'NA', N'NA', 1, N'')
INSERT INTO [dbo].[voiceActors] ([voiceActorIntno], [fullName], [othFullName], [mobileNo], [landLineNo], [email], [status], [accountNo]) VALUES (779, N'Hmmadeh Sallem', N'حمادة سليم ', N'991664705', N'NA', N'NA', 1, N'235213')
INSERT INTO [dbo].[voiceActors] ([voiceActorIntno], [fullName], [othFullName], [mobileNo], [landLineNo], [email], [status], [accountNo]) VALUES (780, N'Hanan Murtda', N'حنان مرتضى ', N'993664531', N'NA', N'NA', 1, N'')
INSERT INTO [dbo].[voiceActors] ([voiceActorIntno], [fullName], [othFullName], [mobileNo], [landLineNo], [email], [status], [accountNo]) VALUES (781, N'Hanan Yumq', N'حنان يمق ', N'969777117', N'NA', N'NA', 1, N'235025')
INSERT INTO [dbo].[voiceActors] ([voiceActorIntno], [fullName], [othFullName], [mobileNo], [landLineNo], [email], [status], [accountNo]) VALUES (782, N'Haidar Youssef', N'حيدر يوسف ', N'966375295', N'NA', N'NA', 1, N'')
INSERT INTO [dbo].[voiceActors] ([voiceActorIntno], [fullName], [othFullName], [mobileNo], [landLineNo], [email], [status], [accountNo]) VALUES (783, N'Khaled Al Mawlwy', N'خالد مولوي ', N'944793044', N'NA', N'NA', 1, N'235179')
INSERT INTO [dbo].[voiceActors] ([voiceActorIntno], [fullName], [othFullName], [mobileNo], [landLineNo], [email], [status], [accountNo]) VALUES (784, N'Khaldoun Karout', N'خلدون قاروط ', N'932283312', N'NA', N'NA', 1, N'235120')
INSERT INTO [dbo].[voiceActors] ([voiceActorIntno], [fullName], [othFullName], [mobileNo], [landLineNo], [email], [status], [accountNo]) VALUES (785, N'  Khloud Issa', N'خلود عيسى ', N'966615181', N'NA', N'NA', 1, N'')
INSERT INTO [dbo].[voiceActors] ([voiceActorIntno], [fullName], [othFullName], [mobileNo], [landLineNo], [email], [status], [accountNo]) VALUES (786, N'Khalil Haddad', N'خليل حداد', N'938111701', N'NA', N'NA', 1, N'235026')
INSERT INTO [dbo].[voiceActors] ([voiceActorIntno], [fullName], [othFullName], [mobileNo], [landLineNo], [email], [status], [accountNo]) VALUES (787, N'Dana Rahim', N'دانا رحيم ', N'988204116', N'NA', N'NA', 1, N'235231')
INSERT INTO [dbo].[voiceActors] ([voiceActorIntno], [fullName], [othFullName], [mobileNo], [landLineNo], [email], [status], [accountNo]) VALUES (788, N' Dlameh Saif', N'دلامة سيف', N'955455585', N'NA', N'NA', 1, N'')
INSERT INTO [dbo].[voiceActors] ([voiceActorIntno], [fullName], [othFullName], [mobileNo], [landLineNo], [email], [status], [accountNo]) VALUES (789, N'Dyana Jouhra', N'ديانا جوهرة ', N'937055164', N'NA', N'NA', 1, N'')
INSERT INTO [dbo].[voiceActors] ([voiceActorIntno], [fullName], [othFullName], [mobileNo], [landLineNo], [email], [status], [accountNo]) VALUES (790, N'Dima Al Arabi', N'ديما العربي ', N'932469383', N'NA', N'NA', 1, N'')
INSERT INTO [dbo].[voiceActors] ([voiceActorIntno], [fullName], [othFullName], [mobileNo], [landLineNo], [email], [status], [accountNo]) VALUES (791, N'Dima Yaqoub', N'ديما يعقوب ', N'936598408', N'NA', N'NA', 1, N'235028')
INSERT INTO [dbo].[voiceActors] ([voiceActorIntno], [fullName], [othFullName], [mobileNo], [landLineNo], [email], [status], [accountNo]) VALUES (792, N'Dima Maqsoud', N'ديمة مقصود', N'944534670', N'NA', N'NA', 1, N'')
INSERT INTO [dbo].[voiceActors] ([voiceActorIntno], [fullName], [othFullName], [mobileNo], [landLineNo], [email], [status], [accountNo]) VALUES (793, N' Dena Khancan', N'دينا خانكان ', N'944570881', N'NA', N'NA', 1, N'235029')
INSERT INTO [dbo].[voiceActors] ([voiceActorIntno], [fullName], [othFullName], [mobileNo], [landLineNo], [email], [status], [accountNo]) VALUES (794, N'Raafat Bazo', N'رافت بازو ', N'966076080', N'NA', N'NA', 1, N'235184')
INSERT INTO [dbo].[voiceActors] ([voiceActorIntno], [fullName], [othFullName], [mobileNo], [landLineNo], [email], [status], [accountNo]) VALUES (795, N'Rama Issa', N'راما عيسى ', N'988591978', N'NA', N'NA', 1, N'235191')
INSERT INTO [dbo].[voiceActors] ([voiceActorIntno], [fullName], [othFullName], [mobileNo], [landLineNo], [email], [status], [accountNo]) VALUES (796, N'Ramez Al Aswad', N'رامز الاسود ', N'933229494', N'NA', N'NA', 1, N'')
INSERT INTO [dbo].[voiceActors] ([voiceActorIntno], [fullName], [othFullName], [mobileNo], [landLineNo], [email], [status], [accountNo]) VALUES (797, N'Rami Zyoud', N'رامي زيود ', N'940765615', N'NA', N'NA', 1, N'')
INSERT INTO [dbo].[voiceActors] ([voiceActorIntno], [fullName], [othFullName], [mobileNo], [landLineNo], [email], [status], [accountNo]) VALUES (798, N'Rami Fressan', N'رامي فريسان ', N'956524468', N'NA', N'NA', 1, N'')
INSERT INTO [dbo].[voiceActors] ([voiceActorIntno], [fullName], [othFullName], [mobileNo], [landLineNo], [email], [status], [accountNo]) VALUES (799, N'Ramia Osman', N'راميا عثمان', N'947787352', N'NA', N'NA', 1, N'')
INSERT INTO [dbo].[voiceActors] ([voiceActorIntno], [fullName], [othFullName], [mobileNo], [landLineNo], [email], [status], [accountNo]) VALUES (800, N'Rania Assad', N'رانيا اسعد ', N'932202206', N'NA', N'NA', 1, N'235169')
INSERT INTO [dbo].[voiceActors] ([voiceActorIntno], [fullName], [othFullName], [mobileNo], [landLineNo], [email], [status], [accountNo]) VALUES (801, N'Rania Tfouh', N'رانيا تفوح ', N'933556115', N'NA', N'NA', 1, N'235032')
INSERT INTO [dbo].[voiceActors] ([voiceActorIntno], [fullName], [othFullName], [mobileNo], [landLineNo], [email], [status], [accountNo]) VALUES (802, N'Rania Risheh', N'رانيا ريشة ', N'988629544', N'NA', N'NA', 1, N'')
INSERT INTO [dbo].[voiceActors] ([voiceActorIntno], [fullName], [othFullName], [mobileNo], [landLineNo], [email], [status], [accountNo]) VALUES (803, N'Raed Al Aswad', N'رائد الاسود', N'957412039', N'NA', N'NA', 1, N'235030')
INSERT INTO [dbo].[voiceActors] ([voiceActorIntno], [fullName], [othFullName], [mobileNo], [landLineNo], [email], [status], [accountNo]) VALUES (804, N'Raefa Ahmad', N'رائفة احمد ', N'994299485', N'NA', N'NA', 1, N'235031')
INSERT INTO [dbo].[voiceActors] ([voiceActorIntno], [fullName], [othFullName], [mobileNo], [landLineNo], [email], [status], [accountNo]) VALUES (805, N'Rabab Kanaan', N'رباب كنعان ', N'933322141', N'NA', N'NA', 1, N'')
INSERT INTO [dbo].[voiceActors] ([voiceActorIntno], [fullName], [othFullName], [mobileNo], [landLineNo], [email], [status], [accountNo]) VALUES (806, N'Rajaa Qoutrash', N'رجاء قوطرش ', N'932376522', N'NA', N'NA', 1, N'')
INSERT INTO [dbo].[voiceActors] ([voiceActorIntno], [fullName], [othFullName], [mobileNo], [landLineNo], [email], [status], [accountNo]) VALUES (807, N'Rasha Al Zaaby ', N'رشا الزعبي', N'932317102', N'NA', N'NA', 1, N'')
INSERT INTO [dbo].[voiceActors] ([voiceActorIntno], [fullName], [othFullName], [mobileNo], [landLineNo], [email], [status], [accountNo]) VALUES (808, N'Rasha Rustom', N'رشا رستم ', N'992124068', N'NA', N'NA', 1, N'235033')
INSERT INTO [dbo].[voiceActors] ([voiceActorIntno], [fullName], [othFullName], [mobileNo], [landLineNo], [email], [status], [accountNo]) VALUES (809, N'Rasha Antably', N'رشا عنتابلي', N'933041129', N'NA', N'NA', 1, N'')
INSERT INTO [dbo].[voiceActors] ([voiceActorIntno], [fullName], [othFullName], [mobileNo], [landLineNo], [email], [status], [accountNo]) VALUES (810, N'Raad Aloush', N'رعد علوش ', N'991289878', N'NA', N'NA', 1, N'')
INSERT INTO [dbo].[voiceActors] ([voiceActorIntno], [fullName], [othFullName], [mobileNo], [landLineNo], [email], [status], [accountNo]) VALUES (811, N'Raghda Suleiman', N'رغدا سليمان ', N'988443015', N'NA', N'NA', 1, N'')
INSERT INTO [dbo].[voiceActors] ([voiceActorIntno], [fullName], [othFullName], [mobileNo], [landLineNo], [email], [status], [accountNo]) VALUES (812, N'Rghdaa Al Khateb', N'رغداء الخطيب', N'944702652', N'NA', N'NA', 1, N'')
INSERT INTO [dbo].[voiceActors] ([voiceActorIntno], [fullName], [othFullName], [mobileNo], [landLineNo], [email], [status], [accountNo]) VALUES (813, N'Raghdaa Hashem', N'رغداء هاشم', N'944290528', N'NA', N'NA', 1, N'')
INSERT INTO [dbo].[voiceActors] ([voiceActorIntno], [fullName], [othFullName], [mobileNo], [landLineNo], [email], [status], [accountNo]) VALUES (814, N'Rana Gamoul', N'رنا جمول ', N'933313152', N'NA', N'NA', 1, N'235034')
INSERT INTO [dbo].[voiceActors] ([voiceActorIntno], [fullName], [othFullName], [mobileNo], [landLineNo], [email], [status], [accountNo]) VALUES (815, N'Rana Risheh', N'رنا ريشة ', N'944007813', N'NA', N'NA', 1, N'')
INSERT INTO [dbo].[voiceActors] ([voiceActorIntno], [fullName], [othFullName], [mobileNo], [landLineNo], [email], [status], [accountNo]) VALUES (816, N'Rana Zarqa', N'رنا زرقا', N'930999113', N'NA', N'NA', 1, N'235138')
INSERT INTO [dbo].[voiceActors] ([voiceActorIntno], [fullName], [othFullName], [mobileNo], [landLineNo], [email], [status], [accountNo]) VALUES (817, N'Rana Shamis', N'رنا شميس', N'933808864', N'NA', N'NA', 1, N'')
INSERT INTO [dbo].[voiceActors] ([voiceActorIntno], [fullName], [othFullName], [mobileNo], [landLineNo], [email], [status], [accountNo]) VALUES (818, N'Rana Ali', N'رنا علي ', N'932211338', N'NA', N'NA', 1, N'')
INSERT INTO [dbo].[voiceActors] ([voiceActorIntno], [fullName], [othFullName], [mobileNo], [landLineNo], [email], [status], [accountNo]) VALUES (819, N'Rana Karam', N'رنا كرم', N'955178021', N'NA', N'NA', 1, N'')
INSERT INTO [dbo].[voiceActors] ([voiceActorIntno], [fullName], [othFullName], [mobileNo], [landLineNo], [email], [status], [accountNo]) VALUES (820, N'Rnoeh Al Sleq', N'رنوة السلق', N'932232747', N'NA', N'NA', 1, N'')
INSERT INTO [dbo].[voiceActors] ([voiceActorIntno], [fullName], [othFullName], [mobileNo], [landLineNo], [email], [status], [accountNo]) VALUES (821, N'Riham Al Zein', N'رهام الزين', N'933699921', N'NA', N'NA', 1, N'')
INSERT INTO [dbo].[voiceActors] ([voiceActorIntno], [fullName], [othFullName], [mobileNo], [landLineNo], [email], [status], [accountNo]) VALUES (822, N'Robeen Issa', N'روبين عيسى ', N'988642052', N'NA', N'NA', 1, N'235035')
INSERT INTO [dbo].[voiceActors] ([voiceActorIntno], [fullName], [othFullName], [mobileNo], [landLineNo], [email], [status], [accountNo]) VALUES (823, N'Rogina Rahmoun', N'روجينا رحمون ', N'999751402', N'NA', N'NA', 1, N'235036')
INSERT INTO [dbo].[voiceActors] ([voiceActorIntno], [fullName], [othFullName], [mobileNo], [landLineNo], [email], [status], [accountNo]) VALUES (824, N'Roaa Sade', N'روعة السعدي ', N'988590037', N'NA', N'NA', 1, N'235157')
INSERT INTO [dbo].[voiceActors] ([voiceActorIntno], [fullName], [othFullName], [mobileNo], [landLineNo], [email], [status], [accountNo]) VALUES (825, N'Roaa Al Shekhany', N'روعة الشيخاني ', N'933979690', N'NA', N'NA', 1, N'235139')
INSERT INTO [dbo].[voiceActors] ([voiceActorIntno], [fullName], [othFullName], [mobileNo], [landLineNo], [email], [status], [accountNo]) VALUES (826, N'Roula Abyad', N'رولا ابيض', N'943500056', N'NA', N'NA', 1, N'235140')
INSERT INTO [dbo].[voiceActors] ([voiceActorIntno], [fullName], [othFullName], [mobileNo], [landLineNo], [email], [status], [accountNo]) VALUES (827, N'Rola Diab', N'رولا دياب ', N'992221404', N'NA', N'NA', 1, N'')
INSERT INTO [dbo].[voiceActors] ([voiceActorIntno], [fullName], [othFullName], [mobileNo], [landLineNo], [email], [status], [accountNo]) VALUES (828, N'Rola Abbas', N'رولا عباس', N'957735887', N'NA', N'NA', 1, N'')
INSERT INTO [dbo].[voiceActors] ([voiceActorIntno], [fullName], [othFullName], [mobileNo], [landLineNo], [email], [status], [accountNo]) VALUES (829, N'Reem Jnaid', N'ريم جنيد ', N'936359584', N'NA', N'NA', 1, N'235037')
INSERT INTO [dbo].[voiceActors] ([voiceActorIntno], [fullName], [othFullName], [mobileNo], [landLineNo], [email], [status], [accountNo]) VALUES (830, N'Reem Hasoueh ', N'ريم حصوة', N'932783638', N'NA', N'NA', 1, N'')
INSERT INTO [dbo].[voiceActors] ([voiceActorIntno], [fullName], [othFullName], [mobileNo], [landLineNo], [email], [status], [accountNo]) VALUES (831, N'Reem Darwish', N'ريم درويش', N'933355957', N'NA', N'NA', 1, N'235166')
INSERT INTO [dbo].[voiceActors] ([voiceActorIntno], [fullName], [othFullName], [mobileNo], [landLineNo], [email], [status], [accountNo]) VALUES (832, N'Reem Salloum', N'ريم سلوم', N'945128510', N'NA', N'NA', 1, N'')
INSERT INTO [dbo].[voiceActors] ([voiceActorIntno], [fullName], [othFullName], [mobileNo], [landLineNo], [email], [status], [accountNo]) VALUES (833, N'Reem Abd Al Azez', N'ريم عبد العزيز ', N'933251517', N'NA', N'NA', 1, N'235181')
INSERT INTO [dbo].[voiceActors] ([voiceActorIntno], [fullName], [othFullName], [mobileNo], [landLineNo], [email], [status], [accountNo]) VALUES (834, N'Rima Ibrahim', N'ريما ابراهيم ', N'933180729', N'NA', N'NA', 1, N'235038')
INSERT INTO [dbo].[voiceActors] ([voiceActorIntno], [fullName], [othFullName], [mobileNo], [landLineNo], [email], [status], [accountNo]) VALUES (835, N'Rima Zarzoury', N'ريما زرزوري ', N'949835523', N'NA', N'NA', 1, N'235039')
INSERT INTO [dbo].[voiceActors] ([voiceActorIntno], [fullName], [othFullName], [mobileNo], [landLineNo], [email], [status], [accountNo]) VALUES (836, N'Zaher Mahmoud', N'زاهر محمود ', N'947137342', N'NA', N'NA', 1, N'')
INSERT INTO [dbo].[voiceActors] ([voiceActorIntno], [fullName], [othFullName], [mobileNo], [landLineNo], [email], [status], [accountNo]) VALUES (837, N'Zaky Mardiny', N'زكي مارديني ', N'947938833', N'NA', N'NA', 1, N'235180')
INSERT INTO [dbo].[voiceActors] ([voiceActorIntno], [fullName], [othFullName], [mobileNo], [landLineNo], [email], [status], [accountNo]) VALUES (838, N'Zaher Youssef', N'زهر يوسف ', N'944574497', N'NA', N'NA', 1, N'235160')
INSERT INTO [dbo].[voiceActors] ([voiceActorIntno], [fullName], [othFullName], [mobileNo], [landLineNo], [email], [status], [accountNo]) VALUES (839, N'Zouher Al Omar', N'زهير العمر ', N'944462072', N'NA', N'NA', 1, N'')
INSERT INTO [dbo].[voiceActors] ([voiceActorIntno], [fullName], [othFullName], [mobileNo], [landLineNo], [email], [status], [accountNo]) VALUES (840, N'Zaid Al Zarif', N'زيد الظريف ', N'956500852', N'NA', N'NA', 1, N'235042')
INSERT INTO [dbo].[voiceActors] ([voiceActorIntno], [fullName], [othFullName], [mobileNo], [landLineNo], [email], [status], [accountNo]) VALUES (841, N'Zeina Fouaz', N'زينة فواز', N'994970374', N'NA', N'NA', 1, N'235188')
INSERT INTO [dbo].[voiceActors] ([voiceActorIntno], [fullName], [othFullName], [mobileNo], [landLineNo], [email], [status], [accountNo]) VALUES (842, N'Sara Radwan', N'سارة رضوان ', N'944646825', N'NA', N'NA', 1, N'235044')
INSERT INTO [dbo].[voiceActors] ([voiceActorIntno], [fullName], [othFullName], [mobileNo], [landLineNo], [email], [status], [accountNo]) VALUES (843, N'Sara Sewar', N'سارة سوار', N'932785340', N'NA', N'NA', 1, N'')
INSERT INTO [dbo].[voiceActors] ([voiceActorIntno], [fullName], [othFullName], [mobileNo], [landLineNo], [email], [status], [accountNo]) VALUES (844, N'Sallem Bolls', N'سالم بولس', N'960604062', N'NA', N'NA', 1, N'')
INSERT INTO [dbo].[voiceActors] ([voiceActorIntno], [fullName], [othFullName], [mobileNo], [landLineNo], [email], [status], [accountNo]) VALUES (845, N'Sally Abu dabouseh', N'سالي ابو دبوسة ', N'964447760', N'NA', N'NA', 1, N'')
INSERT INTO [dbo].[voiceActors] ([voiceActorIntno], [fullName], [othFullName], [mobileNo], [landLineNo], [email], [status], [accountNo]) VALUES (846, N'Sally Ahmad', N'سالي احمد ', N'947761451', N'NA', N'NA', 1, N'235141')
INSERT INTO [dbo].[voiceActors] ([voiceActorIntno], [fullName], [othFullName], [mobileNo], [landLineNo], [email], [status], [accountNo]) VALUES (847, N'Sama Haddaqy', N'ساما حداقي ', N'959376614', N'NA', N'NA', 1, N'235046')
INSERT INTO [dbo].[voiceActors] ([voiceActorIntno], [fullName], [othFullName], [mobileNo], [landLineNo], [email], [status], [accountNo]) VALUES (848, N'Samer Al Gnde', N'سامر الجندي', N'955645987', N'NA', N'NA', 1, N'235047')
INSERT INTO [dbo].[voiceActors] ([voiceActorIntno], [fullName], [othFullName], [mobileNo], [landLineNo], [email], [status], [accountNo]) VALUES (849, N'Samer Shalaty', N'سامر شالاتي ', N'932703527', N'NA', N'NA', 1, N'')
INSERT INTO [dbo].[voiceActors] ([voiceActorIntno], [fullName], [othFullName], [mobileNo], [landLineNo], [email], [status], [accountNo]) VALUES (850, N'Samer Adlleh', N'سامر عادلة ', N'944545653', N'NA', N'NA', 1, N'')
INSERT INTO [dbo].[voiceActors] ([voiceActorIntno], [fullName], [othFullName], [mobileNo], [landLineNo], [email], [status], [accountNo]) VALUES (851, N'Samer Kasouha', N'سامر كاسوحة', N'933586510', N'NA', N'NA', 1, N'')
INSERT INTO [dbo].[voiceActors] ([voiceActorIntno], [fullName], [othFullName], [mobileNo], [landLineNo], [email], [status], [accountNo]) VALUES (852, N'Sami Nofal', N'سامي نوفل', N'988756335', N'NA', N'NA', 1, N'235049')
INSERT INTO [dbo].[voiceActors] ([voiceActorIntno], [fullName], [othFullName], [mobileNo], [landLineNo], [email], [status], [accountNo]) VALUES (853, N'Sandra Ibrahim', N'ساندرا ابراهيم', N'993876875', N'NA', N'NA', 1, N'')
INSERT INTO [dbo].[voiceActors] ([voiceActorIntno], [fullName], [othFullName], [mobileNo], [landLineNo], [email], [status], [accountNo]) VALUES (854, N'Sandy Arej', N'ساندي اريج', N'930646339', N'NA', N'NA', 1, N'')
INSERT INTO [dbo].[voiceActors] ([voiceActorIntno], [fullName], [othFullName], [mobileNo], [landLineNo], [email], [status], [accountNo]) VALUES (855, N'Soundos Arab', N'سندس عرب ', N'934238871', N'NA', N'NA', 1, N'235143')
INSERT INTO [dbo].[voiceActors] ([voiceActorIntno], [fullName], [othFullName], [mobileNo], [landLineNo], [email], [status], [accountNo]) VALUES (856, N'Sarmad Khalaf', N'سرمد خلف', N'934913840', N'NA', N'NA', 1, N'')
INSERT INTO [dbo].[voiceActors] ([voiceActorIntno], [fullName], [othFullName], [mobileNo], [landLineNo], [email], [status], [accountNo]) VALUES (857, N'Said Al Agha', N'سعيد الآغا   ', N'944334723', N'NA', N'NA', 1, N'235051')
INSERT INTO [dbo].[voiceActors] ([voiceActorIntno], [fullName], [othFullName], [mobileNo], [landLineNo], [email], [status], [accountNo]) VALUES (858, N'Souliman Al Issa', N'سليمان العيسى ', N'988137956', N'NA', N'NA', 1, N'')
INSERT INTO [dbo].[voiceActors] ([voiceActorIntno], [fullName], [othFullName], [mobileNo], [landLineNo], [email], [status], [accountNo]) VALUES (859, N'Samar Abd Al Aziz', N'سمر عبد العزيز ', N'968246501', N'NA', N'NA', 1, N'235052')
INSERT INTO [dbo].[voiceActors] ([voiceActorIntno], [fullName], [othFullName], [mobileNo], [landLineNo], [email], [status], [accountNo]) VALUES (860, N'Smaan Farzly', N'سمعان فرزلي ', N'933819816', N'NA', N'NA', 1, N'235053')
INSERT INTO [dbo].[voiceActors] ([voiceActorIntno], [fullName], [othFullName], [mobileNo], [landLineNo], [email], [status], [accountNo]) VALUES (861, N'Sana Hammoud', N'سناء حمود ', N'944661349', N'NA', N'NA', 1, N'235054')
INSERT INTO [dbo].[voiceActors] ([voiceActorIntno], [fullName], [othFullName], [mobileNo], [landLineNo], [email], [status], [accountNo]) VALUES (862, N'Sana Fadoah', N'سناء فدوى', N'932580394', N'NA', N'NA', 1, N'')
INSERT INTO [dbo].[voiceActors] ([voiceActorIntno], [fullName], [othFullName], [mobileNo], [landLineNo], [email], [status], [accountNo]) VALUES (863, N'Suzan Skaff', N'سوزان سكاف ', N'933997920', N'NA', N'NA', 1, N'235055')
INSERT INTO [dbo].[voiceActors] ([voiceActorIntno], [fullName], [othFullName], [mobileNo], [landLineNo], [email], [status], [accountNo]) VALUES (864, N'Soumar Al Abdallah', N'سومر العبدالله ', N'988812641', N'NA', N'NA', 1, N'')
INSERT INTO [dbo].[voiceActors] ([voiceActorIntno], [fullName], [othFullName], [mobileNo], [landLineNo], [email], [status], [accountNo]) VALUES (865, N'Soumar Abd Alghany', N'سومر عبد الغني ', N'944530539', N'NA', N'NA', 1, N'')
INSERT INTO [dbo].[voiceActors] ([voiceActorIntno], [fullName], [othFullName], [mobileNo], [landLineNo], [email], [status], [accountNo]) VALUES (866, N'Sezar Al Qady', N'سيزار القاضي ', N'932087657', N'NA', N'NA', 1, N'')
INSERT INTO [dbo].[voiceActors] ([voiceActorIntno], [fullName], [othFullName], [mobileNo], [landLineNo], [email], [status], [accountNo]) VALUES (867, N'Silva Zarour', N'سيلفا زعرور ', N'944697203', N'NA', N'NA', 1, N'235058')
INSERT INTO [dbo].[voiceActors] ([voiceActorIntno], [fullName], [othFullName], [mobileNo], [landLineNo], [email], [status], [accountNo]) VALUES (868, N'Shady Muqresh', N'شادي مقرش ', N'933493677', N'NA', N'NA', 1, N'235229')
INSERT INTO [dbo].[voiceActors] ([voiceActorIntno], [fullName], [othFullName], [mobileNo], [landLineNo], [email], [status], [accountNo]) VALUES (869, N'Shaza Abbas', N'شذى عباس', N'962823787', N'NA', N'NA', 1, N'')
INSERT INTO [dbo].[voiceActors] ([voiceActorIntno], [fullName], [othFullName], [mobileNo], [landLineNo], [email], [status], [accountNo]) VALUES (870, N'Shahenaz Sallem', N'شهناز سليم', N'988346875', N'NA', N'NA', 1, N'235158')
INSERT INTO [dbo].[voiceActors] ([voiceActorIntno], [fullName], [othFullName], [mobileNo], [landLineNo], [email], [status], [accountNo]) VALUES (871, N'Sabreen Warar', N'صابرين ورار ', N'962133759', N'NA', N'NA', 1, N'235122')
INSERT INTO [dbo].[voiceActors] ([voiceActorIntno], [fullName], [othFullName], [mobileNo], [landLineNo], [email], [status], [accountNo]) VALUES (872, N'Tareq Al Mssky', N'طارق المسكي', N'955437291', N'NA', N'NA', 1, N'235061')
INSERT INTO [dbo].[voiceActors] ([voiceActorIntno], [fullName], [othFullName], [mobileNo], [landLineNo], [email], [status], [accountNo]) VALUES (873, N'Tareq Abdo', N'طارق عبدو ', N'955115182', N'NA', N'NA', 1, N'235144')
INSERT INTO [dbo].[voiceActors] ([voiceActorIntno], [fullName], [othFullName], [mobileNo], [landLineNo], [email], [status], [accountNo]) VALUES (874, N'Abd Al Kareem Ghmed', N'عبد الكريم غميض ', N'988955057', N'NA', N'NA', 1, N'235145')
INSERT INTO [dbo].[voiceActors] ([voiceActorIntno], [fullName], [othFullName], [mobileNo], [landLineNo], [email], [status], [accountNo]) VALUES (875, N'Alaa Al Shaikh ', N'علاء الشيخ ', N'991003624', N'NA', N'NA', 1, N'235146')
INSERT INTO [dbo].[voiceActors] ([voiceActorIntno], [fullName], [othFullName], [mobileNo], [landLineNo], [email], [status], [accountNo]) VALUES (876, N'Ali Al Qassim', N'علي القاسم ', N'944458001', N'NA', N'NA', 1, N'235063')
INSERT INTO [dbo].[voiceActors] ([voiceActorIntno], [fullName], [othFullName], [mobileNo], [landLineNo], [email], [status], [accountNo]) VALUES (877, N'Ali Sattouph ', N'علي صطوف', N'944298290', N'NA', N'NA', 1, N'235215')
INSERT INTO [dbo].[voiceActors] ([voiceActorIntno], [fullName], [othFullName], [mobileNo], [landLineNo], [email], [status], [accountNo]) VALUES (878, N'Ammar Al Houmsy', N'عمار الحمصي', N'956950786', N'NA', N'NA', 1, N'235064')
INSERT INTO [dbo].[voiceActors] ([voiceActorIntno], [fullName], [othFullName], [mobileNo], [landLineNo], [email], [status], [accountNo]) VALUES (879, N'Omar Antar', N'عمر عنتر ', N'955476324', N'NA', N'NA', 1, N'235065')
INSERT INTO [dbo].[voiceActors] ([voiceActorIntno], [fullName], [othFullName], [mobileNo], [landLineNo], [email], [status], [accountNo]) VALUES (880, N'Ghadeer Assi', N'غدير عاصي', N'991937136', N'NA', N'NA', 1, N'')
INSERT INTO [dbo].[voiceActors] ([voiceActorIntno], [fullName], [othFullName], [mobileNo], [landLineNo], [email], [status], [accountNo]) VALUES (881, N'Ghazal Hanoun', N'غزل حنون', N'964550353', N'NA', N'NA', 1, N'235066')
INSERT INTO [dbo].[voiceActors] ([voiceActorIntno], [fullName], [othFullName], [mobileNo], [landLineNo], [email], [status], [accountNo]) VALUES (882, N'Fadi Al Shami', N'فادي الشامي', N'944207770', N'NA', N'NA', 1, N'235067')
INSERT INTO [dbo].[voiceActors] ([voiceActorIntno], [fullName], [othFullName], [mobileNo], [landLineNo], [email], [status], [accountNo]) VALUES (883, N'Fadi Zugheib', N'فادي زغيب', N'993680758', N'NA', N'NA', 1, N'235127')
INSERT INTO [dbo].[voiceActors] ([voiceActorIntno], [fullName], [othFullName], [mobileNo], [landLineNo], [email], [status], [accountNo]) VALUES (884, N'Fatima Abu Aql', N'فاطمة ابو عقل', N'944292680', N'NA', N'NA', 1, N'235068')
INSERT INTO [dbo].[voiceActors] ([voiceActorIntno], [fullName], [othFullName], [mobileNo], [landLineNo], [email], [status], [accountNo]) VALUES (885, N'Firas Al Homsi', N'فراس الحمصي ', N'932724946', N'NA', N'NA', 1, N'235197')
INSERT INTO [dbo].[voiceActors] ([voiceActorIntno], [fullName], [othFullName], [mobileNo], [landLineNo], [email], [status], [accountNo]) VALUES (886, N'Fouad Ali', N'فؤاد علي', N'933326796', N'NA', N'NA', 1, N'235070')
INSERT INTO [dbo].[voiceActors] ([voiceActorIntno], [fullName], [othFullName], [mobileNo], [landLineNo], [email], [status], [accountNo]) VALUES (887, N'Qusay Qadsyeh', N'قصي قدسية', N'944396112', N'NA', N'NA', 1, N'235172')
INSERT INTO [dbo].[voiceActors] ([voiceActorIntno], [fullName], [othFullName], [mobileNo], [landLineNo], [email], [status], [accountNo]) VALUES (888, N'Katreen Sammour', N'كاترين سمور', N'938590009', N'NA', N'NA', 1, N'235173')
INSERT INTO [dbo].[voiceActors] ([voiceActorIntno], [fullName], [othFullName], [mobileNo], [landLineNo], [email], [status], [accountNo]) VALUES (889, N'Kamel Ngmeh', N'كامل نجمة ', N'933469656', N'NA', N'NA', 1, N'235072')
INSERT INTO [dbo].[voiceActors] ([voiceActorIntno], [fullName], [othFullName], [mobileNo], [landLineNo], [email], [status], [accountNo]) VALUES (890, N'Christine Shahoud', N'كريستين شحود', N'994659740', N'NA', N'NA', 1, N'235073')
INSERT INTO [dbo].[voiceActors] ([voiceActorIntno], [fullName], [othFullName], [mobileNo], [landLineNo], [email], [status], [accountNo]) VALUES (891, N'Knaz al Table', N'كناز الطبل ', N'961116146', N'NA', N'NA', 1, N'235074')
INSERT INTO [dbo].[voiceActors] ([voiceActorIntno], [fullName], [othFullName], [mobileNo], [landLineNo], [email], [status], [accountNo]) VALUES (892, N'Kouzet Haddad', N'كوزيت حداد', N'988282082', N'NA', N'NA', 1, N'')
INSERT INTO [dbo].[voiceActors] ([voiceActorIntno], [fullName], [othFullName], [mobileNo], [landLineNo], [email], [status], [accountNo]) VALUES (893, N'Lara Safyeh', N'لارا صافية ', N'953263456', N'NA', N'NA', 1, N'235075')
INSERT INTO [dbo].[voiceActors] ([voiceActorIntno], [fullName], [othFullName], [mobileNo], [landLineNo], [email], [status], [accountNo]) VALUES (894, N'Lama Ibrahim', N'لمى ابراهيم', N'933616669', N'NA', N'NA', 1, N'')
INSERT INTO [dbo].[voiceActors] ([voiceActorIntno], [fullName], [othFullName], [mobileNo], [landLineNo], [email], [status], [accountNo]) VALUES (895, N'Lama Hakeem', N'لمى حكيم ', N'955238207', N'NA', N'NA', 1, N'235128')
INSERT INTO [dbo].[voiceActors] ([voiceActorIntno], [fullName], [othFullName], [mobileNo], [landLineNo], [email], [status], [accountNo]) VALUES (896, N'Lamis Abbas', N'لميس عباس ', N'933603917', N'NA', N'NA', 1, N'235200')
INSERT INTO [dbo].[voiceActors] ([voiceActorIntno], [fullName], [othFullName], [mobileNo], [landLineNo], [email], [status], [accountNo]) VALUES (897, N'lora Al Gndy', N'لورا الجندي ', N'958465561', N'NA', N'NA', 1, N'235174')
INSERT INTO [dbo].[voiceActors] ([voiceActorIntno], [fullName], [othFullName], [mobileNo], [landLineNo], [email], [status], [accountNo]) VALUES (898, N'Loay Shana', N'لؤي شانا', N'933323292', N'NA', N'NA', 1, N'235076')
INSERT INTO [dbo].[voiceActors] ([voiceActorIntno], [fullName], [othFullName], [mobileNo], [landLineNo], [email], [status], [accountNo]) VALUES (899, N'Liza Daoah', N'ليزا ضوا', N'994869307', N'NA', N'NA', 1, N'')
INSERT INTO [dbo].[voiceActors] ([voiceActorIntno], [fullName], [othFullName], [mobileNo], [landLineNo], [email], [status], [accountNo]) VALUES (900, N'Liza Nasser', N'ليزا نصير ', N'988873866', N'NA', N'NA', 1, N'235077')
INSERT INTO [dbo].[voiceActors] ([voiceActorIntno], [fullName], [othFullName], [mobileNo], [landLineNo], [email], [status], [accountNo]) VALUES (901, N'Lylas Kousa', N'ليلاس كوسا ', N'988409701', N'NA', N'NA', 1, N'235078')
INSERT INTO [dbo].[voiceActors] ([voiceActorIntno], [fullName], [othFullName], [mobileNo], [landLineNo], [email], [status], [accountNo]) VALUES (902, N'Laila Bakdunes', N'ليلى بقدونس ', N'947668244', N'NA', N'NA', 1, N'235079')
INSERT INTO [dbo].[voiceActors] ([voiceActorIntno], [fullName], [othFullName], [mobileNo], [landLineNo], [email], [status], [accountNo]) VALUES (903, N'Leen Ibrahim', N'لين ابراهيم', N'941920800', N'NA', N'NA', 1, N'235162')
INSERT INTO [dbo].[voiceActors] ([voiceActorIntno], [fullName], [othFullName], [mobileNo], [landLineNo], [email], [status], [accountNo]) VALUES (904, N'leen Reda', N'لين رضا ', N'955625565', N'NA', N'NA', 1, N'235196')
INSERT INTO [dbo].[voiceActors] ([voiceActorIntno], [fullName], [othFullName], [mobileNo], [landLineNo], [email], [status], [accountNo]) VALUES (905, N'Lena Doah', N'لينا ضوا ', N'955518822', N'NA', N'NA', 1, N'235080')
INSERT INTO [dbo].[voiceActors] ([voiceActorIntno], [fullName], [othFullName], [mobileNo], [landLineNo], [email], [status], [accountNo]) VALUES (906, N'Lenda Hammoud', N'ليندا حمود ', N'944621649', N'NA', N'NA', 1, N'')
INSERT INTO [dbo].[voiceActors] ([voiceActorIntno], [fullName], [othFullName], [mobileNo], [landLineNo], [email], [status], [accountNo]) VALUES (907, N'Mazzen Abbas', N'مازن عباس ', N'933552356', N'NA', N'NA', 1, N'235082')
INSERT INTO [dbo].[voiceActors] ([voiceActorIntno], [fullName], [othFullName], [mobileNo], [landLineNo], [email], [status], [accountNo]) VALUES (908, N'Mazzen Lutfi', N'مازن لطفي', N'933315558', N'NA', N'NA', 1, N'')
INSERT INTO [dbo].[voiceActors] ([voiceActorIntno], [fullName], [othFullName], [mobileNo], [landLineNo], [email], [status], [accountNo]) VALUES (909, N'Malek Al Muhamad', N'مالك المحمد', N'944575794', N'NA', N'NA', 1, N'235083')
INSERT INTO [dbo].[voiceActors] ([voiceActorIntno], [fullName], [othFullName], [mobileNo], [landLineNo], [email], [status], [accountNo]) VALUES (910, N'Mamoun Farkh', N'مامون فرخ', N'933336133', N'NA', N'NA', 1, N'235148')
INSERT INTO [dbo].[voiceActors] ([voiceActorIntno], [fullName], [othFullName], [mobileNo], [landLineNo], [email], [status], [accountNo]) VALUES (911, N'Maher Shghl', N'ماهر شغل', N'969001023', N'NA', N'NA', 1, N'235175')
INSERT INTO [dbo].[voiceActors] ([voiceActorIntno], [fullName], [othFullName], [mobileNo], [landLineNo], [email], [status], [accountNo]) VALUES (912, N'Magd Zaza ', N'مجد ظاظا', N'955336305', N'NA', N'NA', 1, N'235086')
INSERT INTO [dbo].[voiceActors] ([voiceActorIntno], [fullName], [othFullName], [mobileNo], [landLineNo], [email], [status], [accountNo]) VALUES (913, N'Muhamad Al Homsi', N'محمد الحمصي ', N'966671093', N'NA', N'NA', 1, N'235089')
INSERT INTO [dbo].[voiceActors] ([voiceActorIntno], [fullName], [othFullName], [mobileNo], [landLineNo], [email], [status], [accountNo]) VALUES (914, N'Muhamad Al Kazzaz', N'محمد القزاز ', N'930983961', N'NA', N'NA', 1, N'235129')
INSERT INTO [dbo].[voiceActors] ([voiceActorIntno], [fullName], [othFullName], [mobileNo], [landLineNo], [email], [status], [accountNo]) VALUES (915, N'Muhamad Hammada', N'محمد حمادة', N'988875914', N'NA', N'NA', 1, N'235149')
INSERT INTO [dbo].[voiceActors] ([voiceActorIntno], [fullName], [othFullName], [mobileNo], [landLineNo], [email], [status], [accountNo]) VALUES (916, N'Muhamad Khaody', N'محمد خاوندي ', N'944212698', N'NA', N'NA', 1, N'235186')
INSERT INTO [dbo].[voiceActors] ([voiceActorIntno], [fullName], [othFullName], [mobileNo], [landLineNo], [email], [status], [accountNo]) VALUES (917, N' Muhamad Khair Hassun', N'محمد خير حسون', N'944717449', N'NA', N'NA', 1, N'235130')
INSERT INTO [dbo].[voiceActors] ([voiceActorIntno], [fullName], [othFullName], [mobileNo], [landLineNo], [email], [status], [accountNo]) VALUES (918, N'Muhamad Dalw', N'محمد دلعو ', N'932262422', N'NA', N'NA', 1, N'235090')
INSERT INTO [dbo].[voiceActors] ([voiceActorIntno], [fullName], [othFullName], [mobileNo], [landLineNo], [email], [status], [accountNo]) VALUES (919, N'Muhamad Qano', N'محمد قنوع', N'992227000', N'NA', N'NA', 1, N'235195')
INSERT INTO [dbo].[voiceActors] ([voiceActorIntno], [fullName], [othFullName], [mobileNo], [landLineNo], [email], [status], [accountNo]) VALUES (920, N'Mahmoud Marhi', N'محمود مرعي', N'', N'NA', N'NA', 1, N'235206')
INSERT INTO [dbo].[voiceActors] ([voiceActorIntno], [fullName], [othFullName], [mobileNo], [landLineNo], [email], [status], [accountNo]) VALUES (921, N'Marwan Abu Shahin', N'مروان ابو شاهين ', N'944780807', N'NA', N'NA', 1, N'235093')
INSERT INTO [dbo].[voiceActors] ([voiceActorIntno], [fullName], [othFullName], [mobileNo], [landLineNo], [email], [status], [accountNo]) VALUES (922, N'Marwan Ghraz Al Deen', N'مروان غرز الدين', N'999133536', N'NA', N'NA', 1, N'235209')
INSERT INTO [dbo].[voiceActors] ([voiceActorIntno], [fullName], [othFullName], [mobileNo], [landLineNo], [email], [status], [accountNo]) VALUES (923, N'Marwan Farhat', N'مروان فرحات', N'944797830', N'NA', N'NA', 1, N'235185')
INSERT INTO [dbo].[voiceActors] ([voiceActorIntno], [fullName], [othFullName], [mobileNo], [landLineNo], [email], [status], [accountNo]) VALUES (924, N'Mary Merhi', N'مريم مرعي', N'932807949', N'NA', N'NA', 1, N'235095')
INSERT INTO [dbo].[voiceActors] ([voiceActorIntno], [fullName], [othFullName], [mobileNo], [landLineNo], [email], [status], [accountNo]) VALUES (925, N'Mohja Al Shaikh', N'مهجة الشيخ', N'934411966', N'NA', N'NA', 1, N'235097')
INSERT INTO [dbo].[voiceActors] ([voiceActorIntno], [fullName], [othFullName], [mobileNo], [landLineNo], [email], [status], [accountNo]) VALUES (926, N'Moeid Al kharrat', N'مؤيد الخراط', N'932756485', N'NA', N'NA', 1, N'235098')
INSERT INTO [dbo].[voiceActors] ([voiceActorIntno], [fullName], [othFullName], [mobileNo], [landLineNo], [email], [status], [accountNo]) VALUES (927, N'May Merhej', N'مي مرهج', N'932021100', N'NA', N'NA', 1, N'')
INSERT INTO [dbo].[voiceActors] ([voiceActorIntno], [fullName], [othFullName], [mobileNo], [landLineNo], [email], [status], [accountNo]) VALUES (928, N'Mais Dwah ', N'ميس ضوا', N'933320451', N'NA', N'NA', 1, N'235099')
INSERT INTO [dbo].[voiceActors] ([voiceActorIntno], [fullName], [othFullName], [mobileNo], [landLineNo], [email], [status], [accountNo]) VALUES (929, N'Nadia Badran', N'ناديا بدران', N'965513818', N'NA', N'NA', 1, N'235101')
INSERT INTO [dbo].[voiceActors] ([voiceActorIntno], [fullName], [othFullName], [mobileNo], [landLineNo], [email], [status], [accountNo]) VALUES (930, N'Nasser Mardeny', N'ناصر ماردنلي', N'964999704', N'NA', N'NA', 1, N'235207')
INSERT INTO [dbo].[voiceActors] ([voiceActorIntno], [fullName], [othFullName], [mobileNo], [landLineNo], [email], [status], [accountNo]) VALUES (931, N'Nabil Jafar', N'نبيل جعفر ', N'933254510', N'NA', N'NA', 1, N'235102')
INSERT INTO [dbo].[voiceActors] ([voiceActorIntno], [fullName], [othFullName], [mobileNo], [landLineNo], [email], [status], [accountNo]) VALUES (932, N' Nagah Mukhtar', N'نجاح مختار', N'955125460', N'NA', N'NA', 1, N'235193')
INSERT INTO [dbo].[voiceActors] ([voiceActorIntno], [fullName], [othFullName], [mobileNo], [landLineNo], [email], [status], [accountNo]) VALUES (933, N'Najlaa Al Khmery', N'نجلاء الخمري', N'932724370', N'NA', N'NA', 1, N'')
INSERT INTO [dbo].[voiceActors] ([voiceActorIntno], [fullName], [othFullName], [mobileNo], [landLineNo], [email], [status], [accountNo]) VALUES (934, N'Nada Katrib', N'ندى قطريب', N'954542228', N'NA', N'NA', 1, N'')
INSERT INTO [dbo].[voiceActors] ([voiceActorIntno], [fullName], [othFullName], [mobileNo], [landLineNo], [email], [status], [accountNo]) VALUES (935, N'Nsreen Fandi', N'نسرين فندي ', N'932669610', N'NA', N'NA', 1, N'235103')
INSERT INTO [dbo].[voiceActors] ([voiceActorIntno], [fullName], [othFullName], [mobileNo], [landLineNo], [email], [status], [accountNo]) VALUES (936, N'Neddal Johar', N'نضال جوهر ', N'944864763', N'NA', N'NA', 1, N'235151')
INSERT INTO [dbo].[voiceActors] ([voiceActorIntno], [fullName], [othFullName], [mobileNo], [landLineNo], [email], [status], [accountNo]) VALUES (937, N'Nadder Al Koud', N'نضير الكود ', N'933656738', N'NA', N'NA', 1, N'')
INSERT INTO [dbo].[voiceActors] ([voiceActorIntno], [fullName], [othFullName], [mobileNo], [landLineNo], [email], [status], [accountNo]) VALUES (938, N'Namaa Adra', N'نماء عدرا ', N'991766978', N'NA', N'NA', 1, N'235104')
INSERT INTO [dbo].[voiceActors] ([voiceActorIntno], [fullName], [othFullName], [mobileNo], [landLineNo], [email], [status], [accountNo]) VALUES (939, N'Noor Ali', N'نور علي ', N'938353751', N'NA', N'NA', 1, N'235105')
INSERT INTO [dbo].[voiceActors] ([voiceActorIntno], [fullName], [othFullName], [mobileNo], [landLineNo], [email], [status], [accountNo]) VALUES (940, N'Niveen Al Zaher', N'نيفين الزهر', N'944264603', N'NA', N'NA', 1, N'')
INSERT INTO [dbo].[voiceActors] ([voiceActorIntno], [fullName], [othFullName], [mobileNo], [landLineNo], [email], [status], [accountNo]) VALUES (941, N'Niveen Brambo', N'نيفين برمبو', N'966907750', N'NA', N'NA', 1, N'235152')
INSERT INTO [dbo].[voiceActors] ([voiceActorIntno], [fullName], [othFullName], [mobileNo], [landLineNo], [email], [status], [accountNo]) VALUES (942, N'Hala Sayasneh', N'هلا صياصنة ', N'932702350', N'NA', N'NA', 1, N'235108')
INSERT INTO [dbo].[voiceActors] ([voiceActorIntno], [fullName], [othFullName], [mobileNo], [landLineNo], [email], [status], [accountNo]) VALUES (943, N'Hamsa Al Hayek', N'همسة الحايك', N'966673881', N'NA', N'NA', 1, N'235111')
INSERT INTO [dbo].[voiceActors] ([voiceActorIntno], [fullName], [othFullName], [mobileNo], [landLineNo], [email], [status], [accountNo]) VALUES (944, N'Hana Al Saadi', N'هنا السعدي ', N'950441020', N'NA', N'NA', 1, N'235109')
INSERT INTO [dbo].[voiceActors] ([voiceActorIntno], [fullName], [othFullName], [mobileNo], [landLineNo], [email], [status], [accountNo]) VALUES (945, N'Hana Loudy', N'هناء لودي ', N'933287562', N'NA', N'NA', 1, N'')
INSERT INTO [dbo].[voiceActors] ([voiceActorIntno], [fullName], [othFullName], [mobileNo], [landLineNo], [email], [status], [accountNo]) VALUES (946, N'Hana Nasour', N'هناء نصور ', N'944342464', N'NA', N'NA', 1, N'')
INSERT INTO [dbo].[voiceActors] ([voiceActorIntno], [fullName], [othFullName], [mobileNo], [landLineNo], [email], [status], [accountNo]) VALUES (947, N'Wael Nagi', N'وائل ناجي ', N'933944004', N'NA', N'NA', 1, N'235113')
INSERT INTO [dbo].[voiceActors] ([voiceActorIntno], [fullName], [othFullName], [mobileNo], [landLineNo], [email], [status], [accountNo]) VALUES (948, N'Wassem Al Qzaz', N'وسيم القزاز ', N'934237336', N'NA', N'NA', 1, N'235114')
INSERT INTO [dbo].[voiceActors] ([voiceActorIntno], [fullName], [othFullName], [mobileNo], [landLineNo], [email], [status], [accountNo]) VALUES (949, N'Waad Amer', N'وعد عامر ', N'951716881', N'NA', N'NA', 1, N'')
INSERT INTO [dbo].[voiceActors] ([voiceActorIntno], [fullName], [othFullName], [mobileNo], [landLineNo], [email], [status], [accountNo]) VALUES (950, N'Yhia Hashem', N'يحيى هاشم', N'992222068', N'NA', N'NA', 1, N'')
INSERT INTO [dbo].[voiceActors] ([voiceActorIntno], [fullName], [othFullName], [mobileNo], [landLineNo], [email], [status], [accountNo]) VALUES (951, N'Youssef Harb', N'يوسف حرب ', N'994758932', N'NA', N'NA', 1, N'235198')
SET IDENTITY_INSERT [dbo].[voiceActors] OFF


SET IDENTITY_INSERT [dbo].[workCharacters] ON
INSERT [dbo].[workCharacters] ([workCharacterIntno], [workIntno], [sortOrder], [characterType], [characterGender], [characterName], [othCharacterName], [nickName], [characterDesc], [remarks]) VALUES (1, 1, 1, N'01', N'02', N'Aba', N'آبا', NULL, N'young lady having vision', NULL)
INSERT [dbo].[workCharacters] ([workCharacterIntno], [workIntno], [sortOrder], [characterType], [characterGender], [characterName], [othCharacterName], [nickName], [characterDesc], [remarks]) VALUES (2, 1, 2, N'01', N'01', N'Karan', N'كاران', NULL, N'violent character', NULL)
INSERT [dbo].[workCharacters] ([workCharacterIntno], [workIntno], [sortOrder], [characterType], [characterGender], [characterName], [othCharacterName], [nickName], [characterDesc], [remarks]) VALUES (3, 1, 3, N'02', N'01', N'Bratab Sing', N'براتاب سينغ', NULL, NULL, NULL)
INSERT [dbo].[workCharacters] ([workCharacterIntno], [workIntno], [sortOrder], [characterType], [characterGender], [characterName], [othCharacterName], [nickName], [characterDesc], [remarks]) VALUES (4, 1, 4, N'02', N'01', N'Chandra', N'تشاندرا', NULL, NULL, NULL)
INSERT [dbo].[workCharacters] ([workCharacterIntno], [workIntno], [sortOrder], [characterType], [characterGender], [characterName], [othCharacterName], [nickName], [characterDesc], [remarks]) VALUES (5, 1, 5, N'02', N'01', N'Brakash', N'براكاش', NULL, NULL, NULL)
INSERT [dbo].[workCharacters] ([workCharacterIntno], [workIntno], [sortOrder], [characterType], [characterGender], [characterName], [othCharacterName], [nickName], [characterDesc], [remarks]) VALUES (6, 1, 6, N'02', N'02', N'Lata', N'لاتا', NULL, NULL, NULL)
INSERT [dbo].[workCharacters] ([workCharacterIntno], [workIntno], [sortOrder], [characterType], [characterGender], [characterName], [othCharacterName], [nickName], [characterDesc], [remarks]) VALUES (7, 1, 7, N'02', N'01', N'Rajaf', N'راجاف', NULL, NULL, NULL)
INSERT [dbo].[workCharacters] ([workCharacterIntno], [workIntno], [sortOrder], [characterType], [characterGender], [characterName], [othCharacterName], [nickName], [characterDesc], [remarks]) VALUES (8, 1, 8, N'02', N'02', N'Shital', N'شيتال', NULL, NULL, NULL)
INSERT [dbo].[workCharacters] ([workCharacterIntno], [workIntno], [sortOrder], [characterType], [characterGender], [characterName], [othCharacterName], [nickName], [characterDesc], [remarks]) VALUES (9, 1, 9, N'02', N'01', N'Jagwan', N'جاغوان', NULL, NULL, NULL)
INSERT [dbo].[workCharacters] ([workCharacterIntno], [workIntno], [sortOrder], [characterType], [characterGender], [characterName], [othCharacterName], [nickName], [characterDesc], [remarks]) VALUES (10, 1, 10, N'02', N'01', N'Fimal', N'فيمال', NULL, NULL, NULL)
INSERT [dbo].[workCharacters] ([workCharacterIntno], [workIntno], [sortOrder], [characterType], [characterGender], [characterName], [othCharacterName], [nickName], [characterDesc], [remarks]) VALUES (11, 1, 11, N'02', N'02', N'Sara', N'سارا', NULL, NULL, NULL)
INSERT [dbo].[workCharacters] ([workCharacterIntno], [workIntno], [sortOrder], [characterType], [characterGender], [characterName], [othCharacterName], [nickName], [characterDesc], [remarks]) VALUES (12, 1, 12, N'02', N'02', N'Shili', N'شيلي', NULL, NULL, NULL)
INSERT [dbo].[workCharacters] ([workCharacterIntno], [workIntno], [sortOrder], [characterType], [characterGender], [characterName], [othCharacterName], [nickName], [characterDesc], [remarks]) VALUES (13, 1, 13, N'02', N'02', N'Sania', N'سانيا', NULL, NULL, NULL)
INSERT [dbo].[workCharacters] ([workCharacterIntno], [workIntno], [sortOrder], [characterType], [characterGender], [characterName], [othCharacterName], [nickName], [characterDesc], [remarks]) VALUES (14, 1, 14, N'02', N'01', N'Sanskar', N'سانسكار', NULL, NULL, NULL)
INSERT [dbo].[workCharacters] ([workCharacterIntno], [workIntno], [sortOrder], [characterType], [characterGender], [characterName], [othCharacterName], [nickName], [characterDesc], [remarks]) VALUES (15, 1, 15, N'03', N'02', N'Aba Child', N'آبا  طفلة', NULL, NULL, NULL)
INSERT [dbo].[workCharacters] ([workCharacterIntno], [workIntno], [sortOrder], [characterType], [characterGender], [characterName], [othCharacterName], [nickName], [characterDesc], [remarks]) VALUES (16, 2, 1, N'02', N'02', N'Najah', N'نجاح', NULL, NULL, NULL)
INSERT [dbo].[workCharacters] ([workCharacterIntno], [workIntno], [sortOrder], [characterType], [characterGender], [characterName], [othCharacterName], [nickName], [characterDesc], [remarks]) VALUES (17, 2, 2, N'02', N'02', N'Wijdan', N'وجدان', NULL, NULL, NULL)
INSERT [dbo].[workCharacters] ([workCharacterIntno], [workIntno], [sortOrder], [characterType], [characterGender], [characterName], [othCharacterName], [nickName], [characterDesc], [remarks]) VALUES (18, 2, 3, N'02', N'02', N'Byan', N'بيان', NULL, NULL, NULL)
INSERT [dbo].[workCharacters] ([workCharacterIntno], [workIntno], [sortOrder], [characterType], [characterGender], [characterName], [othCharacterName], [nickName], [characterDesc], [remarks]) VALUES (19, 2, 4, N'02', N'01', N'Diaa', N'ضياء', NULL, NULL, NULL)
INSERT [dbo].[workCharacters] ([workCharacterIntno], [workIntno], [sortOrder], [characterType], [characterGender], [characterName], [othCharacterName], [nickName], [characterDesc], [remarks]) VALUES (20, 2, 5, N'02', N'01', N'Bashaer', N'بشاير', NULL, NULL, NULL)
INSERT [dbo].[workCharacters] ([workCharacterIntno], [workIntno], [sortOrder], [characterType], [characterGender], [characterName], [othCharacterName], [nickName], [characterDesc], [remarks]) VALUES (21, 2, 6, N'02', N'01', N'Raouf', N'روؤف', NULL, NULL, NULL)
INSERT [dbo].[workCharacters] ([workCharacterIntno], [workIntno], [sortOrder], [characterType], [characterGender], [characterName], [othCharacterName], [nickName], [characterDesc], [remarks]) VALUES (22, 2, 7, N'02', N'01', N'Akash', N'أكاش', NULL, NULL, NULL)
INSERT [dbo].[workCharacters] ([workCharacterIntno], [workIntno], [sortOrder], [characterType], [characterGender], [characterName], [othCharacterName], [nickName], [characterDesc], [remarks]) VALUES (23, 2, 8, N'02', N'02', N'Samira', N'سميرة', NULL, NULL, NULL)
INSERT [dbo].[workCharacters] ([workCharacterIntno], [workIntno], [sortOrder], [characterType], [characterGender], [characterName], [othCharacterName], [nickName], [characterDesc], [remarks]) VALUES (24, 2, 9, N'02', N'02', N'Sima', N'سيما', NULL, NULL, NULL)
INSERT [dbo].[workCharacters] ([workCharacterIntno], [workIntno], [sortOrder], [characterType], [characterGender], [characterName], [othCharacterName], [nickName], [characterDesc], [remarks]) VALUES (25, 2, 10, N'02', N'01', N'Fayan', N'فيان', NULL, NULL, NULL)
INSERT [dbo].[workCharacters] ([workCharacterIntno], [workIntno], [sortOrder], [characterType], [characterGender], [characterName], [othCharacterName], [nickName], [characterDesc], [remarks]) VALUES (26, 2, 11, N'02', N'02', N'Brima', N'بريما', NULL, NULL, NULL)
INSERT [dbo].[workCharacters] ([workCharacterIntno], [workIntno], [sortOrder], [characterType], [characterGender], [characterName], [othCharacterName], [nickName], [characterDesc], [remarks]) VALUES (27, 2, 12, N'02', N'02', N'Ant', N'الخالة', NULL, NULL, NULL)
INSERT [dbo].[workCharacters] ([workCharacterIntno], [workIntno], [sortOrder], [characterType], [characterGender], [characterName], [othCharacterName], [nickName], [characterDesc], [remarks]) VALUES (28, 2, 13, N'02', N'01', N'Driver 1', N'سائق ريكشا 1', NULL, NULL, NULL)
INSERT [dbo].[workCharacters] ([workCharacterIntno], [workIntno], [sortOrder], [characterType], [characterGender], [characterName], [othCharacterName], [nickName], [characterDesc], [remarks]) VALUES (29, 2, 14, N'02', N'01', N'Tea Vendor', N'بائع الشاي', NULL, NULL, NULL)
INSERT [dbo].[workCharacters] ([workCharacterIntno], [workIntno], [sortOrder], [characterType], [characterGender], [characterName], [othCharacterName], [nickName], [characterDesc], [remarks]) VALUES (30, 2, 15, N'02', N'01', N'Gold Vendor', N'الصايغ', NULL, NULL, NULL)
INSERT [dbo].[workCharacters] ([workCharacterIntno], [workIntno], [sortOrder], [characterType], [characterGender], [characterName], [othCharacterName], [nickName], [characterDesc], [remarks]) VALUES (31, 2, 16, N'03', N'02', N'Woman 1', N'امرآة 1', NULL, NULL, NULL)
INSERT [dbo].[workCharacters] ([workCharacterIntno], [workIntno], [sortOrder], [characterType], [characterGender], [characterName], [othCharacterName], [nickName], [characterDesc], [remarks]) VALUES (32, 4, 1, N'02', N'02', N'Marwa', N'مروى', NULL, NULL, NULL)
INSERT [dbo].[workCharacters] ([workCharacterIntno], [workIntno], [sortOrder], [characterType], [characterGender], [characterName], [othCharacterName], [nickName], [characterDesc], [remarks]) VALUES (33, 4, 2, N'02', N'01', N'Bashir', N'بشير ', NULL, NULL, NULL)
INSERT [dbo].[workCharacters] ([workCharacterIntno], [workIntno], [sortOrder], [characterType], [characterGender], [characterName], [othCharacterName], [nickName], [characterDesc], [remarks]) VALUES (34, 4, 3, N'02', N'02', N'Noura', N'نورا', NULL, NULL, NULL)
INSERT [dbo].[workCharacters] ([workCharacterIntno], [workIntno], [sortOrder], [characterType], [characterGender], [characterName], [othCharacterName], [nickName], [characterDesc], [remarks]) VALUES (35, 4, 4, N'02', N'01', N'Marwan', N'مروان', NULL, NULL, NULL)
INSERT [dbo].[workCharacters] ([workCharacterIntno], [workIntno], [sortOrder], [characterType], [characterGender], [characterName], [othCharacterName], [nickName], [characterDesc], [remarks]) VALUES (36, 4, 5, N'02', N'02', N'Maisa', N'ميسا', NULL, NULL, NULL)
INSERT [dbo].[workCharacters] ([workCharacterIntno], [workIntno], [sortOrder], [characterType], [characterGender], [characterName], [othCharacterName], [nickName], [characterDesc], [remarks]) VALUES (37, 4, 6, N'02', N'01', N'Jude', N'جود', NULL, NULL, NULL)
INSERT [dbo].[workCharacters] ([workCharacterIntno], [workIntno], [sortOrder], [characterType], [characterGender], [characterName], [othCharacterName], [nickName], [characterDesc], [remarks]) VALUES (38, 4, 7, N'02', N'01', N'Hajo', N'حاجو', NULL, NULL, NULL)
INSERT [dbo].[workCharacters] ([workCharacterIntno], [workIntno], [sortOrder], [characterType], [characterGender], [characterName], [othCharacterName], [nickName], [characterDesc], [remarks]) VALUES (39, 4, 8, N'02', N'02', N'Zeinah', N'زينة ', NULL, NULL, NULL)
INSERT [dbo].[workCharacters] ([workCharacterIntno], [workIntno], [sortOrder], [characterType], [characterGender], [characterName], [othCharacterName], [nickName], [characterDesc], [remarks]) VALUES (40, 4, 9, N'02', N'02', N'Ruba', N'ربا ', NULL, NULL, NULL)
INSERT [dbo].[workCharacters] ([workCharacterIntno], [workIntno], [sortOrder], [characterType], [characterGender], [characterName], [othCharacterName], [nickName], [characterDesc], [remarks]) VALUES (41, 4, 10, N'02', N'02', N'Amira', N'أميرة ', NULL, NULL, NULL)
INSERT [dbo].[workCharacters] ([workCharacterIntno], [workIntno], [sortOrder], [characterType], [characterGender], [characterName], [othCharacterName], [nickName], [characterDesc], [remarks]) VALUES (42, 4, 11, N'02', N'02', N'Hilda', N'هيلدا ', NULL, NULL, NULL)
INSERT [dbo].[workCharacters] ([workCharacterIntno], [workIntno], [sortOrder], [characterType], [characterGender], [characterName], [othCharacterName], [nickName], [characterDesc], [remarks]) VALUES (43, 4, 12, N'02', N'01', N'Samir', N'سمير', NULL, NULL, NULL)
INSERT [dbo].[workCharacters] ([workCharacterIntno], [workIntno], [sortOrder], [characterType], [characterGender], [characterName], [othCharacterName], [nickName], [characterDesc], [remarks]) VALUES (44, 4, 13, N'02', N'01', N'Bahaa', N'بهاء ', NULL, NULL, NULL)
INSERT [dbo].[workCharacters] ([workCharacterIntno], [workIntno], [sortOrder], [characterType], [characterGender], [characterName], [othCharacterName], [nickName], [characterDesc], [remarks]) VALUES (45, 4, 14, N'02', N'01', N'Nader', N'نادر', NULL, NULL, NULL)
INSERT [dbo].[workCharacters] ([workCharacterIntno], [workIntno], [sortOrder], [characterType], [characterGender], [characterName], [othCharacterName], [nickName], [characterDesc], [remarks]) VALUES (46, 4, 15, N'02', N'02', N'Rawaa', N'روعة', NULL, NULL, NULL)
INSERT [dbo].[workCharacters] ([workCharacterIntno], [workIntno], [sortOrder], [characterType], [characterGender], [characterName], [othCharacterName], [nickName], [characterDesc], [remarks]) VALUES (47, 4, 16, N'02', N'01', N'Shadi', N'شادي ', NULL, NULL, NULL)
INSERT [dbo].[workCharacters] ([workCharacterIntno], [workIntno], [sortOrder], [characterType], [characterGender], [characterName], [othCharacterName], [nickName], [characterDesc], [remarks]) VALUES (48, 4, 17, N'02', N'01', N'Mayyas', N'مياس', NULL, NULL, NULL)
INSERT [dbo].[workCharacters] ([workCharacterIntno], [workIntno], [sortOrder], [characterType], [characterGender], [characterName], [othCharacterName], [nickName], [characterDesc], [remarks]) VALUES (49, 4, 18, N'02', N'01', N'Majeed', N'مجيد', NULL, NULL, NULL)
INSERT [dbo].[workCharacters] ([workCharacterIntno], [workIntno], [sortOrder], [characterType], [characterGender], [characterName], [othCharacterName], [nickName], [characterDesc], [remarks]) VALUES (50, 4, 19, N'02', N'02', N'Linda', N'ليندا', NULL, NULL, NULL)
INSERT [dbo].[workCharacters] ([workCharacterIntno], [workIntno], [sortOrder], [characterType], [characterGender], [characterName], [othCharacterName], [nickName], [characterDesc], [remarks]) VALUES (51, 4, 20, N'02', N'02', N'Lyla', N'ليلى', NULL, NULL, NULL)
INSERT [dbo].[workCharacters] ([workCharacterIntno], [workIntno], [sortOrder], [characterType], [characterGender], [characterName], [othCharacterName], [nickName], [characterDesc], [remarks]) VALUES (52, 4, 21, N'02', N'01', N'Fouad', N'فؤاد', NULL, NULL, NULL)
INSERT [dbo].[workCharacters] ([workCharacterIntno], [workIntno], [sortOrder], [characterType], [characterGender], [characterName], [othCharacterName], [nickName], [characterDesc], [remarks]) VALUES (53, 4, 22, N'02', N'01', N'Jassar', N'جسار', NULL, NULL, NULL)
INSERT [dbo].[workCharacters] ([workCharacterIntno], [workIntno], [sortOrder], [characterType], [characterGender], [characterName], [othCharacterName], [nickName], [characterDesc], [remarks]) VALUES (54, 4, 23, N'02', N'01', N'Farzat', N'فرزات', NULL, NULL, NULL)
INSERT [dbo].[workCharacters] ([workCharacterIntno], [workIntno], [sortOrder], [characterType], [characterGender], [characterName], [othCharacterName], [nickName], [characterDesc], [remarks]) VALUES (55, 4, 24, N'02', N'01', N'Sadek', N'صادق', NULL, NULL, NULL)
INSERT [dbo].[workCharacters] ([workCharacterIntno], [workIntno], [sortOrder], [characterType], [characterGender], [characterName], [othCharacterName], [nickName], [characterDesc], [remarks]) VALUES (56, 4, 25, N'02', N'01', N'Rahmoun', N'رحمون', NULL, NULL, NULL)
INSERT [dbo].[workCharacters] ([workCharacterIntno], [workIntno], [sortOrder], [characterType], [characterGender], [characterName], [othCharacterName], [nickName], [characterDesc], [remarks]) VALUES (57, 4, 26, N'02', N'02', N'Gabriel', N'غابرييل', NULL, NULL, NULL)
INSERT [dbo].[workCharacters] ([workCharacterIntno], [workIntno], [sortOrder], [characterType], [characterGender], [characterName], [othCharacterName], [nickName], [characterDesc], [remarks]) VALUES (58, 4, 27, N'02', N'02', N'Anishka', N'انيشكا', NULL, NULL, NULL)
INSERT [dbo].[workCharacters] ([workCharacterIntno], [workIntno], [sortOrder], [characterType], [characterGender], [characterName], [othCharacterName], [nickName], [characterDesc], [remarks]) VALUES (59, 4, 28, N'02', N'02', N'Monika', N'مونيكا', NULL, NULL, NULL)
INSERT [dbo].[workCharacters] ([workCharacterIntno], [workIntno], [sortOrder], [characterType], [characterGender], [characterName], [othCharacterName], [nickName], [characterDesc], [remarks]) VALUES (60, 4, 29, N'02', N'02', N'Habibah', N'حبيبة ', NULL, NULL, NULL)
INSERT [dbo].[workCharacters] ([workCharacterIntno], [workIntno], [sortOrder], [characterType], [characterGender], [characterName], [othCharacterName], [nickName], [characterDesc], [remarks]) VALUES (61, 4, 30, N'02', N'01', N'Manager', N'المدير ', NULL, NULL, NULL)
INSERT [dbo].[workCharacters] ([workCharacterIntno], [workIntno], [sortOrder], [characterType], [characterGender], [characterName], [othCharacterName], [nickName], [characterDesc], [remarks]) VALUES (62, 4, 31, N'02', N'02', N'Tana', N'تانا', NULL, NULL, NULL)
INSERT [dbo].[workCharacters] ([workCharacterIntno], [workIntno], [sortOrder], [characterType], [characterGender], [characterName], [othCharacterName], [nickName], [characterDesc], [remarks]) VALUES (63, 4, 32, N'02', N'01', N'Younos', N'يونس', NULL, NULL, NULL)
INSERT [dbo].[workCharacters] ([workCharacterIntno], [workIntno], [sortOrder], [characterType], [characterGender], [characterName], [othCharacterName], [nickName], [characterDesc], [remarks]) VALUES (64, 4, 33, N'02', N'01', N'Noufal', N'نوفل', NULL, NULL, NULL)
INSERT [dbo].[workCharacters] ([workCharacterIntno], [workIntno], [sortOrder], [characterType], [characterGender], [characterName], [othCharacterName], [nickName], [characterDesc], [remarks]) VALUES (65, 4, 34, N'02', N'02', N'Maria', N'ماريا', NULL, NULL, NULL)
INSERT [dbo].[workCharacters] ([workCharacterIntno], [workIntno], [sortOrder], [characterType], [characterGender], [characterName], [othCharacterName], [nickName], [characterDesc], [remarks]) VALUES (66, 4, 35, N'02', N'01', N'Victor', N'فيكتور ', NULL, NULL, NULL)
INSERT [dbo].[workCharacters] ([workCharacterIntno], [workIntno], [sortOrder], [characterType], [characterGender], [characterName], [othCharacterName], [nickName], [characterDesc], [remarks]) VALUES (67, 4, 36, N'02', N'02', N'Nadia', N'ناديا', NULL, NULL, NULL)
INSERT [dbo].[workCharacters] ([workCharacterIntno], [workIntno], [sortOrder], [characterType], [characterGender], [characterName], [othCharacterName], [nickName], [characterDesc], [remarks]) VALUES (68, 4, 37, N'02', N'02', N'Clara', N'كلارا', NULL, NULL, NULL)
INSERT [dbo].[workCharacters] ([workCharacterIntno], [workIntno], [sortOrder], [characterType], [characterGender], [characterName], [othCharacterName], [nickName], [characterDesc], [remarks]) VALUES (69, 4, 38, N'02', N'01', N'Mansour', N'منصور ', NULL, NULL, NULL)
INSERT [dbo].[workCharacters] ([workCharacterIntno], [workIntno], [sortOrder], [characterType], [characterGender], [characterName], [othCharacterName], [nickName], [characterDesc], [remarks]) VALUES (70, 4, 39, N'02', N'02', N'Jina', N'جينا', NULL, NULL, NULL)
INSERT [dbo].[workCharacters] ([workCharacterIntno], [workIntno], [sortOrder], [characterType], [characterGender], [characterName], [othCharacterName], [nickName], [characterDesc], [remarks]) VALUES (71, 4, 40, N'02', N'01', N'Bourice', N'بوريس', NULL, NULL, NULL)
INSERT [dbo].[workCharacters] ([workCharacterIntno], [workIntno], [sortOrder], [characterType], [characterGender], [characterName], [othCharacterName], [nickName], [characterDesc], [remarks]) VALUES (72, 4, 41, N'02', N'01', N'Myasco', N'مياسكو', NULL, NULL, NULL)
INSERT [dbo].[workCharacters] ([workCharacterIntno], [workIntno], [sortOrder], [characterType], [characterGender], [characterName], [othCharacterName], [nickName], [characterDesc], [remarks]) VALUES (73, 4, 42, N'03', N'02', N'Nurse', N'الممرضة', NULL, NULL, NULL)
INSERT [dbo].[workCharacters] ([workCharacterIntno], [workIntno], [sortOrder], [characterType], [characterGender], [characterName], [othCharacterName], [nickName], [characterDesc], [remarks]) VALUES (74, 3, 1, N'02', N'01', N'Samer', N'سامر', NULL, NULL, NULL)
INSERT [dbo].[workCharacters] ([workCharacterIntno], [workIntno], [sortOrder], [characterType], [characterGender], [characterName], [othCharacterName], [nickName], [characterDesc], [remarks]) VALUES (75, 3, 2, N'02', N'02', N'Cathrina', N'كاترينا ', NULL, NULL, NULL)
INSERT [dbo].[workCharacters] ([workCharacterIntno], [workIntno], [sortOrder], [characterType], [characterGender], [characterName], [othCharacterName], [nickName], [characterDesc], [remarks]) VALUES (76, 3, 3, N'02', N'02', N'Diana', N'ديانا', NULL, NULL, NULL)
INSERT [dbo].[workCharacters] ([workCharacterIntno], [workIntno], [sortOrder], [characterType], [characterGender], [characterName], [othCharacterName], [nickName], [characterDesc], [remarks]) VALUES (77, 3, 4, N'02', N'01', N'Joseph', N'جوزيف', NULL, NULL, NULL)
INSERT [dbo].[workCharacters] ([workCharacterIntno], [workIntno], [sortOrder], [characterType], [characterGender], [characterName], [othCharacterName], [nickName], [characterDesc], [remarks]) VALUES (78, 3, 5, N'02', N'01', N'Mile', N'ميل ', NULL, NULL, NULL)
INSERT [dbo].[workCharacters] ([workCharacterIntno], [workIntno], [sortOrder], [characterType], [characterGender], [characterName], [othCharacterName], [nickName], [characterDesc], [remarks]) VALUES (79, 3, 6, N'02', N'01', N'Tomy', N'تومي', NULL, NULL, NULL)
INSERT [dbo].[workCharacters] ([workCharacterIntno], [workIntno], [sortOrder], [characterType], [characterGender], [characterName], [othCharacterName], [nickName], [characterDesc], [remarks]) VALUES (80, 3, 7, N'02', N'01', N'Stieven', N'ستيفن', NULL, NULL, NULL)
INSERT [dbo].[workCharacters] ([workCharacterIntno], [workIntno], [sortOrder], [characterType], [characterGender], [characterName], [othCharacterName], [nickName], [characterDesc], [remarks]) VALUES (81, 3, 8, N'02', N'02', N'Barbra', N'باربرا', NULL, NULL, NULL)
INSERT [dbo].[workCharacters] ([workCharacterIntno], [workIntno], [sortOrder], [characterType], [characterGender], [characterName], [othCharacterName], [nickName], [characterDesc], [remarks]) VALUES (82, 3, 9, N'02', N'02', N'Melissa', N'مليسا', NULL, NULL, NULL)
INSERT [dbo].[workCharacters] ([workCharacterIntno], [workIntno], [sortOrder], [characterType], [characterGender], [characterName], [othCharacterName], [nickName], [characterDesc], [remarks]) VALUES (83, 3, 10, N'02', N'02', N'Anna', N'آنا', NULL, NULL, NULL)
INSERT [dbo].[workCharacters] ([workCharacterIntno], [workIntno], [sortOrder], [characterType], [characterGender], [characterName], [othCharacterName], [nickName], [characterDesc], [remarks]) VALUES (84, 3, 11, N'02', N'01', N'Victor', N'فيكتور', NULL, NULL, NULL)
INSERT [dbo].[workCharacters] ([workCharacterIntno], [workIntno], [sortOrder], [characterType], [characterGender], [characterName], [othCharacterName], [nickName], [characterDesc], [remarks]) VALUES (85, 3, 12, N'02', N'02', N'Sentia', N'سينتيا', NULL, NULL, NULL)
INSERT [dbo].[workCharacters] ([workCharacterIntno], [workIntno], [sortOrder], [characterType], [characterGender], [characterName], [othCharacterName], [nickName], [characterDesc], [remarks]) VALUES (86, 3, 13, N'02', N'01', N'Marco', N'ماركو', NULL, NULL, NULL)
INSERT [dbo].[workCharacters] ([workCharacterIntno], [workIntno], [sortOrder], [characterType], [characterGender], [characterName], [othCharacterName], [nickName], [characterDesc], [remarks]) VALUES (87, 3, 14, N'02', N'01', N'Michel', N'مايكل', NULL, NULL, NULL)
INSERT [dbo].[workCharacters] ([workCharacterIntno], [workIntno], [sortOrder], [characterType], [characterGender], [characterName], [othCharacterName], [nickName], [characterDesc], [remarks]) VALUES (88, 3, 15, N'02', N'01', N'Father Anti', N'الأب أنتي', NULL, NULL, NULL)
INSERT [dbo].[workCharacters] ([workCharacterIntno], [workIntno], [sortOrder], [characterType], [characterGender], [characterName], [othCharacterName], [nickName], [characterDesc], [remarks]) VALUES (89, 3, 16, N'02', N'01', N'Sreko', N'سريكو', NULL, NULL, NULL)
INSERT [dbo].[workCharacters] ([workCharacterIntno], [workIntno], [sortOrder], [characterType], [characterGender], [characterName], [othCharacterName], [nickName], [characterDesc], [remarks]) VALUES (90, 3, 17, N'02', N'01', N'Lobo', N'لوبو', NULL, NULL, NULL)
INSERT [dbo].[workCharacters] ([workCharacterIntno], [workIntno], [sortOrder], [characterType], [characterGender], [characterName], [othCharacterName], [nickName], [characterDesc], [remarks]) VALUES (91, 3, 18, N'02', N'01', N'Viko', N'فيكو', NULL, NULL, NULL)
INSERT [dbo].[workCharacters] ([workCharacterIntno], [workIntno], [sortOrder], [characterType], [characterGender], [characterName], [othCharacterName], [nickName], [characterDesc], [remarks]) VALUES (92, 3, 19, N'02', N'02', N'Merki', N'ميركي', NULL, NULL, NULL)
INSERT [dbo].[workCharacters] ([workCharacterIntno], [workIntno], [sortOrder], [characterType], [characterGender], [characterName], [othCharacterName], [nickName], [characterDesc], [remarks]) VALUES (93, 3, 20, N'02', N'01', N'John', N'جون(زفونكو)', NULL, NULL, NULL)
INSERT [dbo].[workCharacters] ([workCharacterIntno], [workIntno], [sortOrder], [characterType], [characterGender], [characterName], [othCharacterName], [nickName], [characterDesc], [remarks]) VALUES (94, 3, 21, N'02', N'02', N'Eve', N'إيف ', NULL, NULL, NULL)
INSERT [dbo].[workCharacters] ([workCharacterIntno], [workIntno], [sortOrder], [characterType], [characterGender], [characterName], [othCharacterName], [nickName], [characterDesc], [remarks]) VALUES (95, 3, 22, N'02', N'02', N'Vivian', N'فيفيان', NULL, NULL, NULL)
INSERT [dbo].[workCharacters] ([workCharacterIntno], [workIntno], [sortOrder], [characterType], [characterGender], [characterName], [othCharacterName], [nickName], [characterDesc], [remarks]) VALUES (96, 3, 23, N'02', N'01', N'Stanslaf', N'ستانسلاف', NULL, NULL, NULL)
INSERT [dbo].[workCharacters] ([workCharacterIntno], [workIntno], [sortOrder], [characterType], [characterGender], [characterName], [othCharacterName], [nickName], [characterDesc], [remarks]) VALUES (97, 3, 24, N'02', N'01', N'Mersad', N'ميرساد', NULL, NULL, NULL)
INSERT [dbo].[workCharacters] ([workCharacterIntno], [workIntno], [sortOrder], [characterType], [characterGender], [characterName], [othCharacterName], [nickName], [characterDesc], [remarks]) VALUES (98, 3, 25, N'02', N'02', N'Zeinah', N'زينة', NULL, NULL, NULL)
INSERT [dbo].[workCharacters] ([workCharacterIntno], [workIntno], [sortOrder], [characterType], [characterGender], [characterName], [othCharacterName], [nickName], [characterDesc], [remarks]) VALUES (99, 3, 26, N'02', N'02', N'Sulaf', N'سلاف', NULL, NULL, NULL)
INSERT [dbo].[workCharacters] ([workCharacterIntno], [workIntno], [sortOrder], [characterType], [characterGender], [characterName], [othCharacterName], [nickName], [characterDesc], [remarks]) VALUES (100, 3, 27, N'03', N'01', N'Group', N'المجموعة', NULL, NULL, NULL)
INSERT [dbo].[workCharacters] ([workCharacterIntno], [workIntno], [sortOrder], [characterType], [characterGender], [characterName], [othCharacterName], [nickName], [characterDesc], [remarks]) VALUES (101, 3, 28, N'03', N'02', N'Journalist', N'صحفية', NULL, NULL, NULL)
INSERT [dbo].[workCharacters] ([workCharacterIntno], [workIntno], [sortOrder], [characterType], [characterGender], [characterName], [othCharacterName], [nickName], [characterDesc], [remarks]) VALUES (102, 3, 29, N'03', N'01', N'Photographer', N'المصور', NULL, NULL, NULL)
INSERT [dbo].[workCharacters] ([workCharacterIntno], [workIntno], [sortOrder], [characterType], [characterGender], [characterName], [othCharacterName], [nickName], [characterDesc], [remarks]) VALUES (103, 7, 1, N'02', N'02', N'Delshad', N'ديلشاد', N'ديمة يعقوب', NULL, NULL)
SET IDENTITY_INSERT [dbo].[workCharacters] OFF


SET IDENTITY_INSERT [dbo].[workActors] ON
INSERT INTO [dbo].[workActors] ([workActorIntno], [workIntno], [workCharacterIntno], [voiceActorIntno], [fromDate], [thruDate], [remarks], [status], [scenesPerHour]) VALUES (9, 2, 16, 928, N'2016-04-10', N'2016-04-15', NULL, 1, 0)
SET IDENTITY_INSERT [dbo].[workActors] OFF


SET IDENTITY_INSERT [dbo].[workPersonnels] ON
INSERT INTO [dbo].[workPersonnels] ([workPersonnelIntno], [workIntno], [empIntno], [titleType], [fromDate], [thruDate], [status]) VALUES (1, 1, 1, N'02', N'2015-12-13', N'2016-04-01', 1)
INSERT INTO [dbo].[workPersonnels] ([workPersonnelIntno], [workIntno], [empIntno], [titleType], [fromDate], [thruDate], [status]) VALUES (2, 1, 4, N'03', N'2015-12-13', N'2016-04-01', 1)
INSERT INTO [dbo].[workPersonnels] ([workPersonnelIntno], [workIntno], [empIntno], [titleType], [fromDate], [thruDate], [status]) VALUES (3, 2, 26, N'02', N'2016-04-10', N'2016-04-17', 1)
SET IDENTITY_INSERT [dbo].[workPersonnels] OFF


SET IDENTITY_INSERT [dbo].[workCharges] ON
INSERT INTO [dbo].[workCharges] ([chargeIntno], [workIntno], [workPartyType], [workPartyIntno], [chargeAmount], [chargeUom], [currencyCode], [fromDate], [remarks], [status]) VALUES (1, 1, N'02', 4, 2500, N'01', N'01', N'2015-12-13', NULL, 1)
INSERT INTO [dbo].[workCharges] ([chargeIntno], [workIntno], [workPartyType], [workPartyIntno], [chargeAmount], [chargeUom], [currencyCode], [fromDate], [remarks], [status]) VALUES (2, 2, N'01', 928, 500, N'02', N'01', N'2016-04-10', NULL, 1)
SET IDENTITY_INSERT [dbo].[workCharges] OFF


SET IDENTITY_INSERT [dbo].[workOrders] ON
INSERT INTO [dbo].[workOrders] ([orderIntno], [clientIntno], [workIntno], [fromEpisode], [thruEpisode], [receivedDate], [priority], [expectedDeliveryDate], [allowFirstDubbing], [remarks], [updatedBy], [lastUpdated], [status]) VALUES (1, 1, 3, 1, 20, N'2016-01-19', NULL, NULL, NULL, NULL, N'user', N'2016-01-25 09:04:28', N'02')
INSERT INTO [dbo].[workOrders] ([orderIntno], [clientIntno], [workIntno], [fromEpisode], [thruEpisode], [receivedDate], [priority], [expectedDeliveryDate], [allowFirstDubbing], [remarks], [updatedBy], [lastUpdated], [status]) VALUES (2, 1, 1, 1, 5, N'2016-01-25', NULL, NULL, NULL, NULL, N'user', N'2016-01-26 09:16:50', N'06')
INSERT INTO [dbo].[workOrders] ([orderIntno], [clientIntno], [workIntno], [fromEpisode], [thruEpisode], [receivedDate], [priority], [expectedDeliveryDate], [allowFirstDubbing], [remarks], [updatedBy], [lastUpdated], [status]) VALUES (3, 1, 1, 49, 88, N'2016-01-25', N'02', NULL, 0, NULL, N'user', N'2016-01-26 09:55:41', N'03')
INSERT INTO [dbo].[workOrders] ([orderIntno], [clientIntno], [workIntno], [fromEpisode], [thruEpisode], [receivedDate], [priority], [expectedDeliveryDate], [allowFirstDubbing], [remarks], [updatedBy], [lastUpdated], [status]) VALUES (4, 1, 3, 1, 20, N'2016-01-27', N'02', N'2016-06-05', 0, NULL, N'user', N'2016-01-27 12:09:31', N'02')
INSERT INTO [dbo].[workOrders] ([orderIntno], [clientIntno], [workIntno], [fromEpisode], [thruEpisode], [receivedDate], [priority], [expectedDeliveryDate], [allowFirstDubbing], [remarks], [updatedBy], [lastUpdated], [status]) VALUES (5, 1, 5, 1, 2, N'2016-01-27', N'02', N'2016-02-22', 0, NULL, N'user', N'2016-01-27 12:57:37', N'02')
INSERT INTO [dbo].[workOrders] ([orderIntno], [clientIntno], [workIntno], [fromEpisode], [thruEpisode], [receivedDate], [priority], [expectedDeliveryDate], [allowFirstDubbing], [remarks], [updatedBy], [lastUpdated], [status]) VALUES (6, 1, 3, 21, 40, N'2016-02-25', N'02', N'2016-06-26', 0, NULL, N'user', N'2016-02-25 13:37:23', N'02')
INSERT INTO [dbo].[workOrders] ([orderIntno], [clientIntno], [workIntno], [fromEpisode], [thruEpisode], [receivedDate], [priority], [expectedDeliveryDate], [allowFirstDubbing], [remarks], [updatedBy], [lastUpdated], [status]) VALUES (7, 1, 1, 1, 2, N'2016-03-05', NULL, NULL, NULL, NULL, N'user', N'2016-03-16 09:26:33', N'06')
INSERT INTO [dbo].[workOrders] ([orderIntno], [clientIntno], [workIntno], [fromEpisode], [thruEpisode], [receivedDate], [priority], [expectedDeliveryDate], [allowFirstDubbing], [remarks], [updatedBy], [lastUpdated], [status]) VALUES (8, 1, 2, 41, 51, N'2015-04-01', N'02', N'2016-03-13', 0, NULL, N'asad', N'2016-04-05 07:06:49', N'03')
INSERT INTO [dbo].[workOrders] ([orderIntno], [clientIntno], [workIntno], [fromEpisode], [thruEpisode], [receivedDate], [priority], [expectedDeliveryDate], [allowFirstDubbing], [remarks], [updatedBy], [lastUpdated], [status]) VALUES (9, 1, 3, 41, 60, N'2016-04-18', N'02', N'2016-07-10', 0, NULL, N'bassam.alhindy', N'2016-04-19 11:26:05', N'02')
INSERT INTO [dbo].[workOrders] ([orderIntno], [clientIntno], [workIntno], [fromEpisode], [thruEpisode], [receivedDate], [priority], [expectedDeliveryDate], [allowFirstDubbing], [remarks], [updatedBy], [lastUpdated], [status]) VALUES (10, 1, 3, 61, 80, N'2016-04-27', N'02', N'2016-07-31', 0, NULL, N'bassam.alhindy', N'2016-04-27 11:02:12', N'02')
INSERT INTO [dbo].[workOrders] ([orderIntno], [clientIntno], [workIntno], [fromEpisode], [thruEpisode], [receivedDate], [priority], [expectedDeliveryDate], [allowFirstDubbing], [remarks], [updatedBy], [lastUpdated], [status]) VALUES (12, 1, 7, 1, 66, N'2016-04-28', N'02', N'2016-06-07', 0, NULL, N'bassam.alhindy', N'2016-04-28 08:00:43', N'02')
INSERT INTO [dbo].[workOrders] ([orderIntno], [clientIntno], [workIntno], [fromEpisode], [thruEpisode], [receivedDate], [priority], [expectedDeliveryDate], [allowFirstDubbing], [remarks], [updatedBy], [lastUpdated], [status]) VALUES (13, 1, 6, 1, 55, N'2016-04-28', N'02', N'2016-08-01', 0, NULL, N'bassam.alhindy', N'2016-04-28 08:01:49', N'02')
INSERT INTO [dbo].[workOrders] ([orderIntno], [clientIntno], [workIntno], [fromEpisode], [thruEpisode], [receivedDate], [priority], [expectedDeliveryDate], [allowFirstDubbing], [remarks], [updatedBy], [lastUpdated], [status]) VALUES (14, 1, 7, 76, 93, N'2016-05-07', N'02', N'2016-08-09', 0, NULL, N'bassam.alhindy', N'2016-05-07 07:22:09', N'02')
INSERT INTO [dbo].[workOrders] ([orderIntno], [clientIntno], [workIntno], [fromEpisode], [thruEpisode], [receivedDate], [priority], [expectedDeliveryDate], [allowFirstDubbing], [remarks], [updatedBy], [lastUpdated], [status]) VALUES (15, 1, 7, 76, 93, N'2016-05-07', N'02', N'2016-08-09', 0, NULL, N'bassam.alhindy', N'2016-05-07 07:22:46', N'02')
SET IDENTITY_INSERT [dbo].[workOrders] OFF


SET IDENTITY_INSERT [dbo].[orderTrnHdrs] ON
INSERT INTO [dbo].[orderTrnHdrs] ([orderTrnHdrIntno], [workIntno], [orderIntno], [episodeNo], [priority], [orderReceivedDate], [expectedDeliveryDate], [allowFirstDubbing], [startTranslation], [endTranslation], [startAdaptation], [endAdaptation], [startDischarge], [endDischarge], [plannedDubbing], [startDubbing], [endDubbing], [startMixage], [endMixage], [startMontage], [endMontage], [plannedUpload], [shipmentLowRes], [plannedShipment], [shipmentFinal], [status]) VALUES (1, 1, 3, 49, N'02', N'2016-01-25 00:00:00', NULL, 0, NULL, NULL, NULL, NULL, NULL, NULL, N'2016-02-13 00:00:00', NULL, NULL, NULL, NULL, NULL, NULL, N'2016-02-18 00:00:00', NULL, NULL, NULL, N'04')
INSERT INTO [dbo].[orderTrnHdrs] ([orderTrnHdrIntno], [workIntno], [orderIntno], [episodeNo], [priority], [orderReceivedDate], [expectedDeliveryDate], [allowFirstDubbing], [startTranslation], [endTranslation], [startAdaptation], [endAdaptation], [startDischarge], [endDischarge], [plannedDubbing], [startDubbing], [endDubbing], [startMixage], [endMixage], [startMontage], [endMontage], [plannedUpload], [shipmentLowRes], [plannedShipment], [shipmentFinal], [status]) VALUES (2, 1, 3, 50, N'02', N'2016-01-25 00:00:00', NULL, 0, NULL, NULL, NULL, NULL, NULL, NULL, N'2016-02-13 00:00:00', NULL, NULL, NULL, NULL, NULL, NULL, N'2016-02-18 00:00:00', NULL, NULL, NULL, N'04')
INSERT INTO [dbo].[orderTrnHdrs] ([orderTrnHdrIntno], [workIntno], [orderIntno], [episodeNo], [priority], [orderReceivedDate], [expectedDeliveryDate], [allowFirstDubbing], [startTranslation], [endTranslation], [startAdaptation], [endAdaptation], [startDischarge], [endDischarge], [plannedDubbing], [startDubbing], [endDubbing], [startMixage], [endMixage], [startMontage], [endMontage], [plannedUpload], [shipmentLowRes], [plannedShipment], [shipmentFinal], [status]) VALUES (3, 1, 3, 51, N'02', N'2016-01-25 00:00:00', NULL, 0, NULL, NULL, NULL, NULL, NULL, NULL, N'2016-02-13 00:00:00', NULL, NULL, NULL, NULL, NULL, NULL, N'2016-02-18 00:00:00', NULL, NULL, NULL, N'04')
INSERT INTO [dbo].[orderTrnHdrs] ([orderTrnHdrIntno], [workIntno], [orderIntno], [episodeNo], [priority], [orderReceivedDate], [expectedDeliveryDate], [allowFirstDubbing], [startTranslation], [endTranslation], [startAdaptation], [endAdaptation], [startDischarge], [endDischarge], [plannedDubbing], [startDubbing], [endDubbing], [startMixage], [endMixage], [startMontage], [endMontage], [plannedUpload], [shipmentLowRes], [plannedShipment], [shipmentFinal], [status]) VALUES (4, 1, 3, 52, N'02', N'2016-01-25 00:00:00', NULL, 0, NULL, NULL, NULL, NULL, NULL, NULL, NULL, NULL, NULL, NULL, NULL, NULL, NULL, NULL, NULL, NULL, NULL, N'04')
INSERT INTO [dbo].[orderTrnHdrs] ([orderTrnHdrIntno], [workIntno], [orderIntno], [episodeNo], [priority], [orderReceivedDate], [expectedDeliveryDate], [allowFirstDubbing], [startTranslation], [endTranslation], [startAdaptation], [endAdaptation], [startDischarge], [endDischarge], [plannedDubbing], [startDubbing], [endDubbing], [startMixage], [endMixage], [startMontage], [endMontage], [plannedUpload], [shipmentLowRes], [plannedShipment], [shipmentFinal], [status]) VALUES (5, 1, 3, 53, N'02', N'2016-01-25 00:00:00', NULL, 0, NULL, NULL, NULL, NULL, NULL, NULL, NULL, NULL, NULL, NULL, NULL, NULL, NULL, NULL, NULL, NULL, NULL, N'04')
INSERT INTO [dbo].[orderTrnHdrs] ([orderTrnHdrIntno], [workIntno], [orderIntno], [episodeNo], [priority], [orderReceivedDate], [expectedDeliveryDate], [allowFirstDubbing], [startTranslation], [endTranslation], [startAdaptation], [endAdaptation], [startDischarge], [endDischarge], [plannedDubbing], [startDubbing], [endDubbing], [startMixage], [endMixage], [startMontage], [endMontage], [plannedUpload], [shipmentLowRes], [plannedShipment], [shipmentFinal], [status]) VALUES (6, 1, 3, 54, N'02', N'2016-01-25 00:00:00', NULL, 0, NULL, NULL, NULL, NULL, NULL, NULL, NULL, NULL, NULL, NULL, NULL, NULL, NULL, NULL, NULL, NULL, NULL, N'04')
INSERT INTO [dbo].[orderTrnHdrs] ([orderTrnHdrIntno], [workIntno], [orderIntno], [episodeNo], [priority], [orderReceivedDate], [expectedDeliveryDate], [allowFirstDubbing], [startTranslation], [endTranslation], [startAdaptation], [endAdaptation], [startDischarge], [endDischarge], [plannedDubbing], [startDubbing], [endDubbing], [startMixage], [endMixage], [startMontage], [endMontage], [plannedUpload], [shipmentLowRes], [plannedShipment], [shipmentFinal], [status]) VALUES (7, 1, 3, 55, N'02', N'2016-01-25 00:00:00', NULL, 0, NULL, NULL, NULL, NULL, NULL, NULL, NULL, NULL, NULL, NULL, NULL, NULL, NULL, NULL, NULL, NULL, NULL, N'04')
INSERT INTO [dbo].[orderTrnHdrs] ([orderTrnHdrIntno], [workIntno], [orderIntno], [episodeNo], [priority], [orderReceivedDate], [expectedDeliveryDate], [allowFirstDubbing], [startTranslation], [endTranslation], [startAdaptation], [endAdaptation], [startDischarge], [endDischarge], [plannedDubbing], [startDubbing], [endDubbing], [startMixage], [endMixage], [startMontage], [endMontage], [plannedUpload], [shipmentLowRes], [plannedShipment], [shipmentFinal], [status]) VALUES (8, 1, 3, 56, N'02', N'2016-01-25 00:00:00', NULL, 0, NULL, NULL, NULL, NULL, NULL, NULL, NULL, NULL, NULL, NULL, NULL, NULL, NULL, NULL, NULL, NULL, NULL, N'04')
INSERT INTO [dbo].[orderTrnHdrs] ([orderTrnHdrIntno], [workIntno], [orderIntno], [episodeNo], [priority], [orderReceivedDate], [expectedDeliveryDate], [allowFirstDubbing], [startTranslation], [endTranslation], [startAdaptation], [endAdaptation], [startDischarge], [endDischarge], [plannedDubbing], [startDubbing], [endDubbing], [startMixage], [endMixage], [startMontage], [endMontage], [plannedUpload], [shipmentLowRes], [plannedShipment], [shipmentFinal], [status]) VALUES (9, 1, 3, 57, N'02', N'2016-01-25 00:00:00', NULL, 0, NULL, NULL, NULL, NULL, NULL, N'2016-03-01 00:00:00', NULL, NULL, NULL, NULL, NULL, NULL, NULL, NULL, NULL, NULL, NULL, N'04')
INSERT INTO [dbo].[orderTrnHdrs] ([orderTrnHdrIntno], [workIntno], [orderIntno], [episodeNo], [priority], [orderReceivedDate], [expectedDeliveryDate], [allowFirstDubbing], [startTranslation], [endTranslation], [startAdaptation], [endAdaptation], [startDischarge], [endDischarge], [plannedDubbing], [startDubbing], [endDubbing], [startMixage], [endMixage], [startMontage], [endMontage], [plannedUpload], [shipmentLowRes], [plannedShipment], [shipmentFinal], [status]) VALUES (10, 1, 3, 58, N'02', N'2016-01-25 00:00:00', NULL, 0, NULL, NULL, NULL, NULL, NULL, NULL, NULL, NULL, NULL, NULL, NULL, NULL, NULL, NULL, NULL, NULL, NULL, N'04')
INSERT INTO [dbo].[orderTrnHdrs] ([orderTrnHdrIntno], [workIntno], [orderIntno], [episodeNo], [priority], [orderReceivedDate], [expectedDeliveryDate], [allowFirstDubbing], [startTranslation], [endTranslation], [startAdaptation], [endAdaptation], [startDischarge], [endDischarge], [plannedDubbing], [startDubbing], [endDubbing], [startMixage], [endMixage], [startMontage], [endMontage], [plannedUpload], [shipmentLowRes], [plannedShipment], [shipmentFinal], [status]) VALUES (11, 1, 3, 59, N'02', N'2016-01-25 00:00:00', NULL, 0, NULL, NULL, NULL, NULL, NULL, NULL, NULL, NULL, NULL, NULL, NULL, NULL, NULL, NULL, NULL, NULL, NULL, N'04')
INSERT INTO [dbo].[orderTrnHdrs] ([orderTrnHdrIntno], [workIntno], [orderIntno], [episodeNo], [priority], [orderReceivedDate], [expectedDeliveryDate], [allowFirstDubbing], [startTranslation], [endTranslation], [startAdaptation], [endAdaptation], [startDischarge], [endDischarge], [plannedDubbing], [startDubbing], [endDubbing], [startMixage], [endMixage], [startMontage], [endMontage], [plannedUpload], [shipmentLowRes], [plannedShipment], [shipmentFinal], [status]) VALUES (12, 1, 3, 60, N'02', N'2016-01-25 00:00:00', NULL, 0, NULL, NULL, NULL, NULL, NULL, NULL, NULL, NULL, NULL, NULL, NULL, NULL, NULL, NULL, NULL, NULL, NULL, N'04')
INSERT INTO [dbo].[orderTrnHdrs] ([orderTrnHdrIntno], [workIntno], [orderIntno], [episodeNo], [priority], [orderReceivedDate], [expectedDeliveryDate], [allowFirstDubbing], [startTranslation], [endTranslation], [startAdaptation], [endAdaptation], [startDischarge], [endDischarge], [plannedDubbing], [startDubbing], [endDubbing], [startMixage], [endMixage], [startMontage], [endMontage], [plannedUpload], [shipmentLowRes], [plannedShipment], [shipmentFinal], [status]) VALUES (13, 1, 3, 61, N'02', N'2016-01-25 00:00:00', NULL, 0, NULL, NULL, NULL, NULL, NULL, NULL, NULL, NULL, NULL, NULL, NULL, NULL, NULL, NULL, NULL, NULL, NULL, N'04')
INSERT INTO [dbo].[orderTrnHdrs] ([orderTrnHdrIntno], [workIntno], [orderIntno], [episodeNo], [priority], [orderReceivedDate], [expectedDeliveryDate], [allowFirstDubbing], [startTranslation], [endTranslation], [startAdaptation], [endAdaptation], [startDischarge], [endDischarge], [plannedDubbing], [startDubbing], [endDubbing], [startMixage], [endMixage], [startMontage], [endMontage], [plannedUpload], [shipmentLowRes], [plannedShipment], [shipmentFinal], [status]) VALUES (14, 1, 3, 62, N'02', N'2016-01-25 00:00:00', NULL, 0, NULL, NULL, NULL, NULL, NULL, NULL, NULL, NULL, NULL, NULL, NULL, NULL, NULL, NULL, NULL, NULL, NULL, N'04')
INSERT INTO [dbo].[orderTrnHdrs] ([orderTrnHdrIntno], [workIntno], [orderIntno], [episodeNo], [priority], [orderReceivedDate], [expectedDeliveryDate], [allowFirstDubbing], [startTranslation], [endTranslation], [startAdaptation], [endAdaptation], [startDischarge], [endDischarge], [plannedDubbing], [startDubbing], [endDubbing], [startMixage], [endMixage], [startMontage], [endMontage], [plannedUpload], [shipmentLowRes], [plannedShipment], [shipmentFinal], [status]) VALUES (15, 1, 3, 63, N'02', N'2016-01-25 00:00:00', NULL, 0, NULL, NULL, NULL, NULL, NULL, N'2016-03-03 00:00:00', N'2016-03-05 00:00:00', NULL, NULL, NULL, NULL, NULL, NULL, NULL, NULL, NULL, NULL, N'04')
INSERT INTO [dbo].[orderTrnHdrs] ([orderTrnHdrIntno], [workIntno], [orderIntno], [episodeNo], [priority], [orderReceivedDate], [expectedDeliveryDate], [allowFirstDubbing], [startTranslation], [endTranslation], [startAdaptation], [endAdaptation], [startDischarge], [endDischarge], [plannedDubbing], [startDubbing], [endDubbing], [startMixage], [endMixage], [startMontage], [endMontage], [plannedUpload], [shipmentLowRes], [plannedShipment], [shipmentFinal], [status]) VALUES (16, 1, 3, 64, N'02', N'2016-01-25 00:00:00', NULL, 0, NULL, NULL, NULL, NULL, NULL, NULL, NULL, NULL, NULL, NULL, NULL, NULL, NULL, NULL, NULL, NULL, NULL, N'04')
INSERT INTO [dbo].[orderTrnHdrs] ([orderTrnHdrIntno], [workIntno], [orderIntno], [episodeNo], [priority], [orderReceivedDate], [expectedDeliveryDate], [allowFirstDubbing], [startTranslation], [endTranslation], [startAdaptation], [endAdaptation], [startDischarge], [endDischarge], [plannedDubbing], [startDubbing], [endDubbing], [startMixage], [endMixage], [startMontage], [endMontage], [plannedUpload], [shipmentLowRes], [plannedShipment], [shipmentFinal], [status]) VALUES (17, 1, 3, 65, N'02', N'2016-01-25 00:00:00', NULL, 0, NULL, NULL, NULL, NULL, NULL, NULL, NULL, NULL, NULL, NULL, NULL, NULL, NULL, NULL, NULL, NULL, NULL, N'04')
INSERT INTO [dbo].[orderTrnHdrs] ([orderTrnHdrIntno], [workIntno], [orderIntno], [episodeNo], [priority], [orderReceivedDate], [expectedDeliveryDate], [allowFirstDubbing], [startTranslation], [endTranslation], [startAdaptation], [endAdaptation], [startDischarge], [endDischarge], [plannedDubbing], [startDubbing], [endDubbing], [startMixage], [endMixage], [startMontage], [endMontage], [plannedUpload], [shipmentLowRes], [plannedShipment], [shipmentFinal], [status]) VALUES (18, 1, 3, 66, N'02', N'2016-01-25 00:00:00', NULL, 0, NULL, NULL, NULL, NULL, NULL, NULL, NULL, NULL, NULL, NULL, NULL, NULL, NULL, NULL, NULL, NULL, NULL, N'04')
INSERT INTO [dbo].[orderTrnHdrs] ([orderTrnHdrIntno], [workIntno], [orderIntno], [episodeNo], [priority], [orderReceivedDate], [expectedDeliveryDate], [allowFirstDubbing], [startTranslation], [endTranslation], [startAdaptation], [endAdaptation], [startDischarge], [endDischarge], [plannedDubbing], [startDubbing], [endDubbing], [startMixage], [endMixage], [startMontage], [endMontage], [plannedUpload], [shipmentLowRes], [plannedShipment], [shipmentFinal], [status]) VALUES (19, 1, 3, 67, N'02', N'2016-01-25 00:00:00', NULL, 0, NULL, NULL, NULL, NULL, NULL, NULL, NULL, NULL, NULL, NULL, NULL, NULL, NULL, NULL, NULL, NULL, NULL, N'04')
INSERT INTO [dbo].[orderTrnHdrs] ([orderTrnHdrIntno], [workIntno], [orderIntno], [episodeNo], [priority], [orderReceivedDate], [expectedDeliveryDate], [allowFirstDubbing], [startTranslation], [endTranslation], [startAdaptation], [endAdaptation], [startDischarge], [endDischarge], [plannedDubbing], [startDubbing], [endDubbing], [startMixage], [endMixage], [startMontage], [endMontage], [plannedUpload], [shipmentLowRes], [plannedShipment], [shipmentFinal], [status]) VALUES (20, 1, 3, 68, N'02', N'2016-01-25 00:00:00', NULL, 0, NULL, NULL, NULL, NULL, NULL, NULL, NULL, NULL, NULL, NULL, NULL, NULL, NULL, NULL, NULL, NULL, NULL, N'04')
INSERT INTO [dbo].[orderTrnHdrs] ([orderTrnHdrIntno], [workIntno], [orderIntno], [episodeNo], [priority], [orderReceivedDate], [expectedDeliveryDate], [allowFirstDubbing], [startTranslation], [endTranslation], [startAdaptation], [endAdaptation], [startDischarge], [endDischarge], [plannedDubbing], [startDubbing], [endDubbing], [startMixage], [endMixage], [startMontage], [endMontage], [plannedUpload], [shipmentLowRes], [plannedShipment], [shipmentFinal], [status]) VALUES (21, 1, 3, 69, N'02', N'2016-01-25 00:00:00', NULL, 0, NULL, NULL, NULL, NULL, NULL, NULL, NULL, NULL, NULL, NULL, NULL, NULL, NULL, NULL, NULL, NULL, NULL, N'04')
INSERT INTO [dbo].[orderTrnHdrs] ([orderTrnHdrIntno], [workIntno], [orderIntno], [episodeNo], [priority], [orderReceivedDate], [expectedDeliveryDate], [allowFirstDubbing], [startTranslation], [endTranslation], [startAdaptation], [endAdaptation], [startDischarge], [endDischarge], [plannedDubbing], [startDubbing], [endDubbing], [startMixage], [endMixage], [startMontage], [endMontage], [plannedUpload], [shipmentLowRes], [plannedShipment], [shipmentFinal], [status]) VALUES (22, 1, 3, 70, N'02', N'2016-01-25 00:00:00', NULL, 0, NULL, NULL, NULL, NULL, NULL, NULL, NULL, NULL, NULL, NULL, NULL, NULL, NULL, NULL, NULL, NULL, NULL, N'04')
INSERT INTO [dbo].[orderTrnHdrs] ([orderTrnHdrIntno], [workIntno], [orderIntno], [episodeNo], [priority], [orderReceivedDate], [expectedDeliveryDate], [allowFirstDubbing], [startTranslation], [endTranslation], [startAdaptation], [endAdaptation], [startDischarge], [endDischarge], [plannedDubbing], [startDubbing], [endDubbing], [startMixage], [endMixage], [startMontage], [endMontage], [plannedUpload], [shipmentLowRes], [plannedShipment], [shipmentFinal], [status]) VALUES (23, 1, 3, 71, N'02', N'2016-01-25 00:00:00', NULL, 0, NULL, NULL, NULL, NULL, NULL, NULL, NULL, NULL, NULL, NULL, NULL, NULL, NULL, NULL, NULL, NULL, NULL, N'04')
INSERT INTO [dbo].[orderTrnHdrs] ([orderTrnHdrIntno], [workIntno], [orderIntno], [episodeNo], [priority], [orderReceivedDate], [expectedDeliveryDate], [allowFirstDubbing], [startTranslation], [endTranslation], [startAdaptation], [endAdaptation], [startDischarge], [endDischarge], [plannedDubbing], [startDubbing], [endDubbing], [startMixage], [endMixage], [startMontage], [endMontage], [plannedUpload], [shipmentLowRes], [plannedShipment], [shipmentFinal], [status]) VALUES (24, 1, 3, 72, N'02', N'2016-01-25 00:00:00', NULL, 0, NULL, NULL, NULL, NULL, NULL, NULL, NULL, NULL, NULL, NULL, NULL, NULL, NULL, NULL, NULL, NULL, NULL, N'04')
INSERT INTO [dbo].[orderTrnHdrs] ([orderTrnHdrIntno], [workIntno], [orderIntno], [episodeNo], [priority], [orderReceivedDate], [expectedDeliveryDate], [allowFirstDubbing], [startTranslation], [endTranslation], [startAdaptation], [endAdaptation], [startDischarge], [endDischarge], [plannedDubbing], [startDubbing], [endDubbing], [startMixage], [endMixage], [startMontage], [endMontage], [plannedUpload], [shipmentLowRes], [plannedShipment], [shipmentFinal], [status]) VALUES (25, 1, 3, 73, N'02', N'2016-01-25 00:00:00', NULL, 0, NULL, NULL, NULL, NULL, NULL, NULL, NULL, NULL, NULL, NULL, NULL, NULL, NULL, NULL, NULL, NULL, NULL, N'04')
INSERT INTO [dbo].[orderTrnHdrs] ([orderTrnHdrIntno], [workIntno], [orderIntno], [episodeNo], [priority], [orderReceivedDate], [expectedDeliveryDate], [allowFirstDubbing], [startTranslation], [endTranslation], [startAdaptation], [endAdaptation], [startDischarge], [endDischarge], [plannedDubbing], [startDubbing], [endDubbing], [startMixage], [endMixage], [startMontage], [endMontage], [plannedUpload], [shipmentLowRes], [plannedShipment], [shipmentFinal], [status]) VALUES (26, 1, 3, 74, N'02', N'2016-01-25 00:00:00', NULL, 0, NULL, NULL, NULL, NULL, NULL, NULL, NULL, NULL, NULL, NULL, NULL, NULL, NULL, NULL, NULL, NULL, NULL, N'04')
INSERT INTO [dbo].[orderTrnHdrs] ([orderTrnHdrIntno], [workIntno], [orderIntno], [episodeNo], [priority], [orderReceivedDate], [expectedDeliveryDate], [allowFirstDubbing], [startTranslation], [endTranslation], [startAdaptation], [endAdaptation], [startDischarge], [endDischarge], [plannedDubbing], [startDubbing], [endDubbing], [startMixage], [endMixage], [startMontage], [endMontage], [plannedUpload], [shipmentLowRes], [plannedShipment], [shipmentFinal], [status]) VALUES (27, 1, 3, 75, N'02', N'2016-01-25 00:00:00', NULL, 0, NULL, NULL, NULL, NULL, NULL, NULL, NULL, NULL, NULL, NULL, NULL, NULL, NULL, NULL, NULL, NULL, NULL, N'04')
INSERT INTO [dbo].[orderTrnHdrs] ([orderTrnHdrIntno], [workIntno], [orderIntno], [episodeNo], [priority], [orderReceivedDate], [expectedDeliveryDate], [allowFirstDubbing], [startTranslation], [endTranslation], [startAdaptation], [endAdaptation], [startDischarge], [endDischarge], [plannedDubbing], [startDubbing], [endDubbing], [startMixage], [endMixage], [startMontage], [endMontage], [plannedUpload], [shipmentLowRes], [plannedShipment], [shipmentFinal], [status]) VALUES (28, 1, 3, 76, N'02', N'2016-01-25 00:00:00', NULL, 0, NULL, NULL, NULL, NULL, NULL, NULL, NULL, NULL, NULL, NULL, NULL, NULL, NULL, NULL, NULL, NULL, NULL, N'04')
INSERT INTO [dbo].[orderTrnHdrs] ([orderTrnHdrIntno], [workIntno], [orderIntno], [episodeNo], [priority], [orderReceivedDate], [expectedDeliveryDate], [allowFirstDubbing], [startTranslation], [endTranslation], [startAdaptation], [endAdaptation], [startDischarge], [endDischarge], [plannedDubbing], [startDubbing], [endDubbing], [startMixage], [endMixage], [startMontage], [endMontage], [plannedUpload], [shipmentLowRes], [plannedShipment], [shipmentFinal], [status]) VALUES (29, 1, 3, 77, N'02', N'2016-01-25 00:00:00', NULL, 0, NULL, NULL, NULL, NULL, NULL, NULL, NULL, NULL, NULL, NULL, NULL, NULL, NULL, NULL, NULL, NULL, NULL, N'04')
INSERT INTO [dbo].[orderTrnHdrs] ([orderTrnHdrIntno], [workIntno], [orderIntno], [episodeNo], [priority], [orderReceivedDate], [expectedDeliveryDate], [allowFirstDubbing], [startTranslation], [endTranslation], [startAdaptation], [endAdaptation], [startDischarge], [endDischarge], [plannedDubbing], [startDubbing], [endDubbing], [startMixage], [endMixage], [startMontage], [endMontage], [plannedUpload], [shipmentLowRes], [plannedShipment], [shipmentFinal], [status]) VALUES (30, 1, 3, 78, N'02', N'2016-01-25 00:00:00', NULL, 0, NULL, NULL, NULL, NULL, NULL, NULL, NULL, NULL, NULL, NULL, NULL, NULL, NULL, NULL, NULL, NULL, NULL, N'04')
INSERT INTO [dbo].[orderTrnHdrs] ([orderTrnHdrIntno], [workIntno], [orderIntno], [episodeNo], [priority], [orderReceivedDate], [expectedDeliveryDate], [allowFirstDubbing], [startTranslation], [endTranslation], [startAdaptation], [endAdaptation], [startDischarge], [endDischarge], [plannedDubbing], [startDubbing], [endDubbing], [startMixage], [endMixage], [startMontage], [endMontage], [plannedUpload], [shipmentLowRes], [plannedShipment], [shipmentFinal], [status]) VALUES (31, 1, 3, 79, N'02', N'2016-01-25 00:00:00', NULL, 0, NULL, NULL, NULL, NULL, NULL, NULL, NULL, NULL, NULL, NULL, NULL, NULL, NULL, NULL, NULL, NULL, NULL, N'04')
INSERT INTO [dbo].[orderTrnHdrs] ([orderTrnHdrIntno], [workIntno], [orderIntno], [episodeNo], [priority], [orderReceivedDate], [expectedDeliveryDate], [allowFirstDubbing], [startTranslation], [endTranslation], [startAdaptation], [endAdaptation], [startDischarge], [endDischarge], [plannedDubbing], [startDubbing], [endDubbing], [startMixage], [endMixage], [startMontage], [endMontage], [plannedUpload], [shipmentLowRes], [plannedShipment], [shipmentFinal], [status]) VALUES (32, 1, 3, 80, N'02', N'2016-01-25 00:00:00', NULL, 0, NULL, NULL, NULL, NULL, NULL, NULL, NULL, NULL, NULL, NULL, NULL, NULL, NULL, NULL, NULL, NULL, NULL, N'04')
INSERT INTO [dbo].[orderTrnHdrs] ([orderTrnHdrIntno], [workIntno], [orderIntno], [episodeNo], [priority], [orderReceivedDate], [expectedDeliveryDate], [allowFirstDubbing], [startTranslation], [endTranslation], [startAdaptation], [endAdaptation], [startDischarge], [endDischarge], [plannedDubbing], [startDubbing], [endDubbing], [startMixage], [endMixage], [startMontage], [endMontage], [plannedUpload], [shipmentLowRes], [plannedShipment], [shipmentFinal], [status]) VALUES (33, 1, 3, 81, N'02', N'2016-01-25 00:00:00', NULL, 0, NULL, NULL, NULL, NULL, NULL, NULL, NULL, NULL, NULL, NULL, NULL, NULL, NULL, NULL, NULL, NULL, NULL, N'04')
INSERT INTO [dbo].[orderTrnHdrs] ([orderTrnHdrIntno], [workIntno], [orderIntno], [episodeNo], [priority], [orderReceivedDate], [expectedDeliveryDate], [allowFirstDubbing], [startTranslation], [endTranslation], [startAdaptation], [endAdaptation], [startDischarge], [endDischarge], [plannedDubbing], [startDubbing], [endDubbing], [startMixage], [endMixage], [startMontage], [endMontage], [plannedUpload], [shipmentLowRes], [plannedShipment], [shipmentFinal], [status]) VALUES (34, 1, 3, 82, N'02', N'2016-01-25 00:00:00', NULL, 0, NULL, NULL, NULL, NULL, NULL, NULL, NULL, NULL, NULL, NULL, NULL, NULL, NULL, NULL, NULL, NULL, NULL, N'04')
INSERT INTO [dbo].[orderTrnHdrs] ([orderTrnHdrIntno], [workIntno], [orderIntno], [episodeNo], [priority], [orderReceivedDate], [expectedDeliveryDate], [allowFirstDubbing], [startTranslation], [endTranslation], [startAdaptation], [endAdaptation], [startDischarge], [endDischarge], [plannedDubbing], [startDubbing], [endDubbing], [startMixage], [endMixage], [startMontage], [endMontage], [plannedUpload], [shipmentLowRes], [plannedShipment], [shipmentFinal], [status]) VALUES (35, 1, 3, 83, N'02', N'2016-01-25 00:00:00', NULL, 0, NULL, NULL, NULL, NULL, NULL, NULL, NULL, NULL, NULL, NULL, NULL, NULL, NULL, NULL, NULL, NULL, NULL, N'04')
INSERT INTO [dbo].[orderTrnHdrs] ([orderTrnHdrIntno], [workIntno], [orderIntno], [episodeNo], [priority], [orderReceivedDate], [expectedDeliveryDate], [allowFirstDubbing], [startTranslation], [endTranslation], [startAdaptation], [endAdaptation], [startDischarge], [endDischarge], [plannedDubbing], [startDubbing], [endDubbing], [startMixage], [endMixage], [startMontage], [endMontage], [plannedUpload], [shipmentLowRes], [plannedShipment], [shipmentFinal], [status]) VALUES (36, 1, 3, 84, N'02', N'2016-01-25 00:00:00', NULL, 0, NULL, NULL, NULL, NULL, NULL, NULL, NULL, NULL, NULL, NULL, NULL, NULL, NULL, NULL, NULL, NULL, NULL, N'04')
INSERT INTO [dbo].[orderTrnHdrs] ([orderTrnHdrIntno], [workIntno], [orderIntno], [episodeNo], [priority], [orderReceivedDate], [expectedDeliveryDate], [allowFirstDubbing], [startTranslation], [endTranslation], [startAdaptation], [endAdaptation], [startDischarge], [endDischarge], [plannedDubbing], [startDubbing], [endDubbing], [startMixage], [endMixage], [startMontage], [endMontage], [plannedUpload], [shipmentLowRes], [plannedShipment], [shipmentFinal], [status]) VALUES (37, 1, 3, 85, N'02', N'2016-01-25 00:00:00', NULL, 0, NULL, NULL, NULL, NULL, NULL, NULL, NULL, NULL, NULL, NULL, NULL, NULL, NULL, NULL, NULL, NULL, NULL, N'04')
INSERT INTO [dbo].[orderTrnHdrs] ([orderTrnHdrIntno], [workIntno], [orderIntno], [episodeNo], [priority], [orderReceivedDate], [expectedDeliveryDate], [allowFirstDubbing], [startTranslation], [endTranslation], [startAdaptation], [endAdaptation], [startDischarge], [endDischarge], [plannedDubbing], [startDubbing], [endDubbing], [startMixage], [endMixage], [startMontage], [endMontage], [plannedUpload], [shipmentLowRes], [plannedShipment], [shipmentFinal], [status]) VALUES (38, 1, 3, 86, N'02', N'2016-01-25 00:00:00', NULL, 0, NULL, NULL, NULL, NULL, NULL, NULL, NULL, NULL, NULL, NULL, NULL, NULL, NULL, NULL, NULL, NULL, NULL, N'04')
INSERT INTO [dbo].[orderTrnHdrs] ([orderTrnHdrIntno], [workIntno], [orderIntno], [episodeNo], [priority], [orderReceivedDate], [expectedDeliveryDate], [allowFirstDubbing], [startTranslation], [endTranslation], [startAdaptation], [endAdaptation], [startDischarge], [endDischarge], [plannedDubbing], [startDubbing], [endDubbing], [startMixage], [endMixage], [startMontage], [endMontage], [plannedUpload], [shipmentLowRes], [plannedShipment], [shipmentFinal], [status]) VALUES (39, 1, 3, 87, N'02', N'2016-01-25 00:00:00', NULL, 0, NULL, NULL, NULL, NULL, NULL, NULL, NULL, NULL, NULL, NULL, NULL, NULL, NULL, NULL, NULL, NULL, NULL, N'04')
INSERT INTO [dbo].[orderTrnHdrs] ([orderTrnHdrIntno], [workIntno], [orderIntno], [episodeNo], [priority], [orderReceivedDate], [expectedDeliveryDate], [allowFirstDubbing], [startTranslation], [endTranslation], [startAdaptation], [endAdaptation], [startDischarge], [endDischarge], [plannedDubbing], [startDubbing], [endDubbing], [startMixage], [endMixage], [startMontage], [endMontage], [plannedUpload], [shipmentLowRes], [plannedShipment], [shipmentFinal], [status]) VALUES (40, 1, 3, 88, N'02', N'2016-01-25 00:00:00', NULL, 0, NULL, NULL, NULL, NULL, NULL, NULL, NULL, NULL, NULL, NULL, NULL, NULL, NULL, NULL, NULL, NULL, NULL, N'04')
INSERT INTO [dbo].[orderTrnHdrs] ([orderTrnHdrIntno], [workIntno], [orderIntno], [episodeNo], [priority], [orderReceivedDate], [expectedDeliveryDate], [allowFirstDubbing], [startTranslation], [endTranslation], [startAdaptation], [endAdaptation], [startDischarge], [endDischarge], [plannedDubbing], [startDubbing], [endDubbing], [startMixage], [endMixage], [startMontage], [endMontage], [plannedUpload], [shipmentLowRes], [plannedShipment], [shipmentFinal], [status]) VALUES (41, 3, 4, 1, NULL, N'2016-01-27 00:00:00', NULL, NULL, NULL, NULL, NULL, N'2016-04-05 00:00:00', NULL, N'2016-04-05 00:00:00', NULL, NULL, NULL, NULL, NULL, NULL, NULL, NULL, NULL, NULL, NULL, N'04')
INSERT INTO [dbo].[orderTrnHdrs] ([orderTrnHdrIntno], [workIntno], [orderIntno], [episodeNo], [priority], [orderReceivedDate], [expectedDeliveryDate], [allowFirstDubbing], [startTranslation], [endTranslation], [startAdaptation], [endAdaptation], [startDischarge], [endDischarge], [plannedDubbing], [startDubbing], [endDubbing], [startMixage], [endMixage], [startMontage], [endMontage], [plannedUpload], [shipmentLowRes], [plannedShipment], [shipmentFinal], [status]) VALUES (42, 3, 4, 2, NULL, N'2016-01-27 00:00:00', NULL, NULL, NULL, NULL, NULL, NULL, NULL, NULL, NULL, NULL, NULL, NULL, NULL, NULL, NULL, NULL, NULL, NULL, NULL, N'04')
INSERT INTO [dbo].[orderTrnHdrs] ([orderTrnHdrIntno], [workIntno], [orderIntno], [episodeNo], [priority], [orderReceivedDate], [expectedDeliveryDate], [allowFirstDubbing], [startTranslation], [endTranslation], [startAdaptation], [endAdaptation], [startDischarge], [endDischarge], [plannedDubbing], [startDubbing], [endDubbing], [startMixage], [endMixage], [startMontage], [endMontage], [plannedUpload], [shipmentLowRes], [plannedShipment], [shipmentFinal], [status]) VALUES (43, 3, 4, 3, NULL, N'2016-01-27 00:00:00', NULL, NULL, NULL, NULL, NULL, NULL, NULL, NULL, NULL, NULL, NULL, NULL, NULL, NULL, NULL, NULL, NULL, NULL, NULL, N'04')
INSERT INTO [dbo].[orderTrnHdrs] ([orderTrnHdrIntno], [workIntno], [orderIntno], [episodeNo], [priority], [orderReceivedDate], [expectedDeliveryDate], [allowFirstDubbing], [startTranslation], [endTranslation], [startAdaptation], [endAdaptation], [startDischarge], [endDischarge], [plannedDubbing], [startDubbing], [endDubbing], [startMixage], [endMixage], [startMontage], [endMontage], [plannedUpload], [shipmentLowRes], [plannedShipment], [shipmentFinal], [status]) VALUES (44, 3, 4, 4, NULL, N'2016-01-27 00:00:00', NULL, NULL, NULL, NULL, NULL, NULL, NULL, NULL, NULL, NULL, NULL, NULL, NULL, NULL, NULL, NULL, NULL, NULL, NULL, N'04')
INSERT INTO [dbo].[orderTrnHdrs] ([orderTrnHdrIntno], [workIntno], [orderIntno], [episodeNo], [priority], [orderReceivedDate], [expectedDeliveryDate], [allowFirstDubbing], [startTranslation], [endTranslation], [startAdaptation], [endAdaptation], [startDischarge], [endDischarge], [plannedDubbing], [startDubbing], [endDubbing], [startMixage], [endMixage], [startMontage], [endMontage], [plannedUpload], [shipmentLowRes], [plannedShipment], [shipmentFinal], [status]) VALUES (45, 3, 4, 5, NULL, N'2016-01-27 00:00:00', NULL, NULL, NULL, NULL, NULL, NULL, NULL, NULL, NULL, NULL, NULL, NULL, NULL, NULL, NULL, NULL, NULL, NULL, NULL, N'04')
INSERT INTO [dbo].[orderTrnHdrs] ([orderTrnHdrIntno], [workIntno], [orderIntno], [episodeNo], [priority], [orderReceivedDate], [expectedDeliveryDate], [allowFirstDubbing], [startTranslation], [endTranslation], [startAdaptation], [endAdaptation], [startDischarge], [endDischarge], [plannedDubbing], [startDubbing], [endDubbing], [startMixage], [endMixage], [startMontage], [endMontage], [plannedUpload], [shipmentLowRes], [plannedShipment], [shipmentFinal], [status]) VALUES (46, 3, 4, 6, NULL, N'2016-01-27 00:00:00', NULL, NULL, NULL, NULL, NULL, NULL, NULL, NULL, NULL, NULL, NULL, NULL, NULL, NULL, NULL, NULL, NULL, NULL, NULL, N'04')
INSERT INTO [dbo].[orderTrnHdrs] ([orderTrnHdrIntno], [workIntno], [orderIntno], [episodeNo], [priority], [orderReceivedDate], [expectedDeliveryDate], [allowFirstDubbing], [startTranslation], [endTranslation], [startAdaptation], [endAdaptation], [startDischarge], [endDischarge], [plannedDubbing], [startDubbing], [endDubbing], [startMixage], [endMixage], [startMontage], [endMontage], [plannedUpload], [shipmentLowRes], [plannedShipment], [shipmentFinal], [status]) VALUES (47, 3, 4, 7, NULL, N'2016-01-27 00:00:00', NULL, NULL, NULL, NULL, NULL, NULL, NULL, NULL, NULL, NULL, NULL, NULL, NULL, NULL, NULL, NULL, NULL, NULL, NULL, N'04')
INSERT INTO [dbo].[orderTrnHdrs] ([orderTrnHdrIntno], [workIntno], [orderIntno], [episodeNo], [priority], [orderReceivedDate], [expectedDeliveryDate], [allowFirstDubbing], [startTranslation], [endTranslation], [startAdaptation], [endAdaptation], [startDischarge], [endDischarge], [plannedDubbing], [startDubbing], [endDubbing], [startMixage], [endMixage], [startMontage], [endMontage], [plannedUpload], [shipmentLowRes], [plannedShipment], [shipmentFinal], [status]) VALUES (48, 3, 4, 8, NULL, N'2016-01-27 00:00:00', NULL, NULL, NULL, NULL, NULL, NULL, NULL, NULL, NULL, NULL, NULL, NULL, NULL, NULL, NULL, NULL, NULL, NULL, NULL, N'04')
INSERT INTO [dbo].[orderTrnHdrs] ([orderTrnHdrIntno], [workIntno], [orderIntno], [episodeNo], [priority], [orderReceivedDate], [expectedDeliveryDate], [allowFirstDubbing], [startTranslation], [endTranslation], [startAdaptation], [endAdaptation], [startDischarge], [endDischarge], [plannedDubbing], [startDubbing], [endDubbing], [startMixage], [endMixage], [startMontage], [endMontage], [plannedUpload], [shipmentLowRes], [plannedShipment], [shipmentFinal], [status]) VALUES (49, 3, 4, 9, NULL, N'2016-01-27 00:00:00', NULL, NULL, NULL, NULL, NULL, NULL, NULL, NULL, NULL, NULL, NULL, NULL, NULL, NULL, NULL, NULL, NULL, NULL, NULL, N'04')
INSERT INTO [dbo].[orderTrnHdrs] ([orderTrnHdrIntno], [workIntno], [orderIntno], [episodeNo], [priority], [orderReceivedDate], [expectedDeliveryDate], [allowFirstDubbing], [startTranslation], [endTranslation], [startAdaptation], [endAdaptation], [startDischarge], [endDischarge], [plannedDubbing], [startDubbing], [endDubbing], [startMixage], [endMixage], [startMontage], [endMontage], [plannedUpload], [shipmentLowRes], [plannedShipment], [shipmentFinal], [status]) VALUES (50, 3, 4, 10, NULL, N'2016-01-27 00:00:00', NULL, NULL, NULL, NULL, NULL, NULL, NULL, NULL, NULL, NULL, NULL, NULL, NULL, NULL, NULL, NULL, NULL, NULL, NULL, N'04')
INSERT INTO [dbo].[orderTrnHdrs] ([orderTrnHdrIntno], [workIntno], [orderIntno], [episodeNo], [priority], [orderReceivedDate], [expectedDeliveryDate], [allowFirstDubbing], [startTranslation], [endTranslation], [startAdaptation], [endAdaptation], [startDischarge], [endDischarge], [plannedDubbing], [startDubbing], [endDubbing], [startMixage], [endMixage], [startMontage], [endMontage], [plannedUpload], [shipmentLowRes], [plannedShipment], [shipmentFinal], [status]) VALUES (51, 3, 4, 11, NULL, N'2016-01-27 00:00:00', NULL, NULL, NULL, NULL, NULL, NULL, NULL, NULL, NULL, NULL, NULL, NULL, NULL, NULL, NULL, NULL, NULL, NULL, NULL, N'04')
INSERT INTO [dbo].[orderTrnHdrs] ([orderTrnHdrIntno], [workIntno], [orderIntno], [episodeNo], [priority], [orderReceivedDate], [expectedDeliveryDate], [allowFirstDubbing], [startTranslation], [endTranslation], [startAdaptation], [endAdaptation], [startDischarge], [endDischarge], [plannedDubbing], [startDubbing], [endDubbing], [startMixage], [endMixage], [startMontage], [endMontage], [plannedUpload], [shipmentLowRes], [plannedShipment], [shipmentFinal], [status]) VALUES (52, 3, 4, 12, NULL, N'2016-01-27 00:00:00', NULL, NULL, NULL, NULL, NULL, NULL, NULL, NULL, NULL, NULL, NULL, NULL, NULL, NULL, NULL, NULL, NULL, NULL, NULL, N'04')
INSERT INTO [dbo].[orderTrnHdrs] ([orderTrnHdrIntno], [workIntno], [orderIntno], [episodeNo], [priority], [orderReceivedDate], [expectedDeliveryDate], [allowFirstDubbing], [startTranslation], [endTranslation], [startAdaptation], [endAdaptation], [startDischarge], [endDischarge], [plannedDubbing], [startDubbing], [endDubbing], [startMixage], [endMixage], [startMontage], [endMontage], [plannedUpload], [shipmentLowRes], [plannedShipment], [shipmentFinal], [status]) VALUES (53, 3, 4, 13, NULL, N'2016-01-27 00:00:00', NULL, NULL, NULL, NULL, NULL, NULL, NULL, NULL, NULL, NULL, NULL, NULL, NULL, NULL, NULL, NULL, NULL, NULL, NULL, N'04')
INSERT INTO [dbo].[orderTrnHdrs] ([orderTrnHdrIntno], [workIntno], [orderIntno], [episodeNo], [priority], [orderReceivedDate], [expectedDeliveryDate], [allowFirstDubbing], [startTranslation], [endTranslation], [startAdaptation], [endAdaptation], [startDischarge], [endDischarge], [plannedDubbing], [startDubbing], [endDubbing], [startMixage], [endMixage], [startMontage], [endMontage], [plannedUpload], [shipmentLowRes], [plannedShipment], [shipmentFinal], [status]) VALUES (54, 3, 4, 14, NULL, N'2016-01-27 00:00:00', NULL, NULL, NULL, NULL, NULL, NULL, NULL, NULL, NULL, NULL, NULL, NULL, NULL, NULL, NULL, NULL, NULL, NULL, NULL, N'04')
INSERT INTO [dbo].[orderTrnHdrs] ([orderTrnHdrIntno], [workIntno], [orderIntno], [episodeNo], [priority], [orderReceivedDate], [expectedDeliveryDate], [allowFirstDubbing], [startTranslation], [endTranslation], [startAdaptation], [endAdaptation], [startDischarge], [endDischarge], [plannedDubbing], [startDubbing], [endDubbing], [startMixage], [endMixage], [startMontage], [endMontage], [plannedUpload], [shipmentLowRes], [plannedShipment], [shipmentFinal], [status]) VALUES (55, 3, 4, 15, NULL, N'2016-01-27 00:00:00', NULL, NULL, NULL, NULL, NULL, NULL, NULL, NULL, NULL, NULL, NULL, NULL, NULL, NULL, NULL, NULL, NULL, NULL, NULL, N'04')
INSERT INTO [dbo].[orderTrnHdrs] ([orderTrnHdrIntno], [workIntno], [orderIntno], [episodeNo], [priority], [orderReceivedDate], [expectedDeliveryDate], [allowFirstDubbing], [startTranslation], [endTranslation], [startAdaptation], [endAdaptation], [startDischarge], [endDischarge], [plannedDubbing], [startDubbing], [endDubbing], [startMixage], [endMixage], [startMontage], [endMontage], [plannedUpload], [shipmentLowRes], [plannedShipment], [shipmentFinal], [status]) VALUES (56, 3, 4, 16, NULL, N'2016-01-27 00:00:00', NULL, NULL, NULL, NULL, NULL, NULL, NULL, NULL, NULL, NULL, NULL, NULL, NULL, NULL, NULL, NULL, NULL, NULL, NULL, N'04')
INSERT INTO [dbo].[orderTrnHdrs] ([orderTrnHdrIntno], [workIntno], [orderIntno], [episodeNo], [priority], [orderReceivedDate], [expectedDeliveryDate], [allowFirstDubbing], [startTranslation], [endTranslation], [startAdaptation], [endAdaptation], [startDischarge], [endDischarge], [plannedDubbing], [startDubbing], [endDubbing], [startMixage], [endMixage], [startMontage], [endMontage], [plannedUpload], [shipmentLowRes], [plannedShipment], [shipmentFinal], [status]) VALUES (57, 3, 4, 17, NULL, N'2016-01-27 00:00:00', NULL, NULL, NULL, NULL, NULL, NULL, NULL, NULL, NULL, NULL, NULL, NULL, NULL, NULL, NULL, NULL, NULL, NULL, NULL, N'04')
INSERT INTO [dbo].[orderTrnHdrs] ([orderTrnHdrIntno], [workIntno], [orderIntno], [episodeNo], [priority], [orderReceivedDate], [expectedDeliveryDate], [allowFirstDubbing], [startTranslation], [endTranslation], [startAdaptation], [endAdaptation], [startDischarge], [endDischarge], [plannedDubbing], [startDubbing], [endDubbing], [startMixage], [endMixage], [startMontage], [endMontage], [plannedUpload], [shipmentLowRes], [plannedShipment], [shipmentFinal], [status]) VALUES (58, 3, 4, 18, NULL, N'2016-01-27 00:00:00', NULL, NULL, NULL, NULL, NULL, NULL, NULL, NULL, NULL, NULL, NULL, NULL, NULL, NULL, NULL, NULL, NULL, NULL, NULL, N'04')
INSERT INTO [dbo].[orderTrnHdrs] ([orderTrnHdrIntno], [workIntno], [orderIntno], [episodeNo], [priority], [orderReceivedDate], [expectedDeliveryDate], [allowFirstDubbing], [startTranslation], [endTranslation], [startAdaptation], [endAdaptation], [startDischarge], [endDischarge], [plannedDubbing], [startDubbing], [endDubbing], [startMixage], [endMixage], [startMontage], [endMontage], [plannedUpload], [shipmentLowRes], [plannedShipment], [shipmentFinal], [status]) VALUES (59, 3, 4, 19, NULL, N'2016-01-27 00:00:00', NULL, NULL, NULL, NULL, NULL, NULL, NULL, NULL, NULL, NULL, NULL, NULL, NULL, NULL, NULL, NULL, NULL, NULL, NULL, N'04')
INSERT INTO [dbo].[orderTrnHdrs] ([orderTrnHdrIntno], [workIntno], [orderIntno], [episodeNo], [priority], [orderReceivedDate], [expectedDeliveryDate], [allowFirstDubbing], [startTranslation], [endTranslation], [startAdaptation], [endAdaptation], [startDischarge], [endDischarge], [plannedDubbing], [startDubbing], [endDubbing], [startMixage], [endMixage], [startMontage], [endMontage], [plannedUpload], [shipmentLowRes], [plannedShipment], [shipmentFinal], [status]) VALUES (60, 3, 4, 20, NULL, N'2016-01-27 00:00:00', NULL, NULL, NULL, NULL, NULL, NULL, NULL, NULL, NULL, NULL, NULL, NULL, NULL, NULL, NULL, NULL, NULL, NULL, NULL, N'04')
INSERT INTO [dbo].[orderTrnHdrs] ([orderTrnHdrIntno], [workIntno], [orderIntno], [episodeNo], [priority], [orderReceivedDate], [expectedDeliveryDate], [allowFirstDubbing], [startTranslation], [endTranslation], [startAdaptation], [endAdaptation], [startDischarge], [endDischarge], [plannedDubbing], [startDubbing], [endDubbing], [startMixage], [endMixage], [startMontage], [endMontage], [plannedUpload], [shipmentLowRes], [plannedShipment], [shipmentFinal], [status]) VALUES (61, 5, 5, 1, NULL, N'2016-01-27 00:00:00', NULL, NULL, NULL, NULL, NULL, NULL, NULL, NULL, NULL, NULL, NULL, NULL, NULL, NULL, NULL, NULL, NULL, NULL, NULL, N'04')
INSERT INTO [dbo].[orderTrnHdrs] ([orderTrnHdrIntno], [workIntno], [orderIntno], [episodeNo], [priority], [orderReceivedDate], [expectedDeliveryDate], [allowFirstDubbing], [startTranslation], [endTranslation], [startAdaptation], [endAdaptation], [startDischarge], [endDischarge], [plannedDubbing], [startDubbing], [endDubbing], [startMixage], [endMixage], [startMontage], [endMontage], [plannedUpload], [shipmentLowRes], [plannedShipment], [shipmentFinal], [status]) VALUES (62, 5, 5, 2, NULL, N'2016-01-27 00:00:00', NULL, NULL, NULL, NULL, NULL, NULL, NULL, NULL, NULL, NULL, NULL, NULL, NULL, NULL, NULL, NULL, NULL, NULL, NULL, N'04')
INSERT INTO [dbo].[orderTrnHdrs] ([orderTrnHdrIntno], [workIntno], [orderIntno], [episodeNo], [priority], [orderReceivedDate], [expectedDeliveryDate], [allowFirstDubbing], [startTranslation], [endTranslation], [startAdaptation], [endAdaptation], [startDischarge], [endDischarge], [plannedDubbing], [startDubbing], [endDubbing], [startMixage], [endMixage], [startMontage], [endMontage], [plannedUpload], [shipmentLowRes], [plannedShipment], [shipmentFinal], [status]) VALUES (63, 3, 6, 21, NULL, N'2016-02-25 00:00:00', NULL, NULL, NULL, NULL, NULL, NULL, NULL, NULL, NULL, NULL, NULL, NULL, NULL, NULL, NULL, NULL, NULL, NULL, NULL, N'04')
INSERT INTO [dbo].[orderTrnHdrs] ([orderTrnHdrIntno], [workIntno], [orderIntno], [episodeNo], [priority], [orderReceivedDate], [expectedDeliveryDate], [allowFirstDubbing], [startTranslation], [endTranslation], [startAdaptation], [endAdaptation], [startDischarge], [endDischarge], [plannedDubbing], [startDubbing], [endDubbing], [startMixage], [endMixage], [startMontage], [endMontage], [plannedUpload], [shipmentLowRes], [plannedShipment], [shipmentFinal], [status]) VALUES (64, 3, 6, 22, NULL, N'2016-02-25 00:00:00', NULL, NULL, NULL, NULL, NULL, NULL, NULL, NULL, NULL, NULL, NULL, NULL, NULL, NULL, NULL, NULL, NULL, NULL, NULL, N'04')
INSERT INTO [dbo].[orderTrnHdrs] ([orderTrnHdrIntno], [workIntno], [orderIntno], [episodeNo], [priority], [orderReceivedDate], [expectedDeliveryDate], [allowFirstDubbing], [startTranslation], [endTranslation], [startAdaptation], [endAdaptation], [startDischarge], [endDischarge], [plannedDubbing], [startDubbing], [endDubbing], [startMixage], [endMixage], [startMontage], [endMontage], [plannedUpload], [shipmentLowRes], [plannedShipment], [shipmentFinal], [status]) VALUES (65, 3, 6, 23, NULL, N'2016-02-25 00:00:00', NULL, NULL, NULL, NULL, NULL, NULL, NULL, NULL, NULL, NULL, NULL, NULL, NULL, NULL, NULL, NULL, NULL, NULL, NULL, N'04')
INSERT INTO [dbo].[orderTrnHdrs] ([orderTrnHdrIntno], [workIntno], [orderIntno], [episodeNo], [priority], [orderReceivedDate], [expectedDeliveryDate], [allowFirstDubbing], [startTranslation], [endTranslation], [startAdaptation], [endAdaptation], [startDischarge], [endDischarge], [plannedDubbing], [startDubbing], [endDubbing], [startMixage], [endMixage], [startMontage], [endMontage], [plannedUpload], [shipmentLowRes], [plannedShipment], [shipmentFinal], [status]) VALUES (66, 3, 6, 24, NULL, N'2016-02-25 00:00:00', NULL, NULL, NULL, NULL, NULL, NULL, NULL, NULL, NULL, NULL, NULL, NULL, NULL, NULL, NULL, NULL, NULL, NULL, NULL, N'04')
INSERT INTO [dbo].[orderTrnHdrs] ([orderTrnHdrIntno], [workIntno], [orderIntno], [episodeNo], [priority], [orderReceivedDate], [expectedDeliveryDate], [allowFirstDubbing], [startTranslation], [endTranslation], [startAdaptation], [endAdaptation], [startDischarge], [endDischarge], [plannedDubbing], [startDubbing], [endDubbing], [startMixage], [endMixage], [startMontage], [endMontage], [plannedUpload], [shipmentLowRes], [plannedShipment], [shipmentFinal], [status]) VALUES (67, 3, 6, 25, NULL, N'2016-02-25 00:00:00', NULL, NULL, NULL, NULL, NULL, NULL, NULL, NULL, NULL, NULL, NULL, NULL, NULL, NULL, NULL, NULL, NULL, NULL, NULL, N'04')
INSERT INTO [dbo].[orderTrnHdrs] ([orderTrnHdrIntno], [workIntno], [orderIntno], [episodeNo], [priority], [orderReceivedDate], [expectedDeliveryDate], [allowFirstDubbing], [startTranslation], [endTranslation], [startAdaptation], [endAdaptation], [startDischarge], [endDischarge], [plannedDubbing], [startDubbing], [endDubbing], [startMixage], [endMixage], [startMontage], [endMontage], [plannedUpload], [shipmentLowRes], [plannedShipment], [shipmentFinal], [status]) VALUES (68, 3, 6, 26, NULL, N'2016-02-25 00:00:00', NULL, NULL, NULL, NULL, NULL, NULL, NULL, NULL, NULL, NULL, NULL, NULL, NULL, NULL, NULL, NULL, NULL, NULL, NULL, N'04')
INSERT INTO [dbo].[orderTrnHdrs] ([orderTrnHdrIntno], [workIntno], [orderIntno], [episodeNo], [priority], [orderReceivedDate], [expectedDeliveryDate], [allowFirstDubbing], [startTranslation], [endTranslation], [startAdaptation], [endAdaptation], [startDischarge], [endDischarge], [plannedDubbing], [startDubbing], [endDubbing], [startMixage], [endMixage], [startMontage], [endMontage], [plannedUpload], [shipmentLowRes], [plannedShipment], [shipmentFinal], [status]) VALUES (69, 3, 6, 27, NULL, N'2016-02-25 00:00:00', NULL, NULL, NULL, NULL, NULL, NULL, NULL, NULL, NULL, NULL, NULL, NULL, NULL, NULL, NULL, NULL, NULL, NULL, NULL, N'04')
INSERT INTO [dbo].[orderTrnHdrs] ([orderTrnHdrIntno], [workIntno], [orderIntno], [episodeNo], [priority], [orderReceivedDate], [expectedDeliveryDate], [allowFirstDubbing], [startTranslation], [endTranslation], [startAdaptation], [endAdaptation], [startDischarge], [endDischarge], [plannedDubbing], [startDubbing], [endDubbing], [startMixage], [endMixage], [startMontage], [endMontage], [plannedUpload], [shipmentLowRes], [plannedShipment], [shipmentFinal], [status]) VALUES (70, 3, 6, 28, NULL, N'2016-02-25 00:00:00', NULL, NULL, NULL, NULL, NULL, NULL, NULL, NULL, NULL, NULL, NULL, NULL, NULL, NULL, NULL, NULL, NULL, NULL, NULL, N'04')
INSERT INTO [dbo].[orderTrnHdrs] ([orderTrnHdrIntno], [workIntno], [orderIntno], [episodeNo], [priority], [orderReceivedDate], [expectedDeliveryDate], [allowFirstDubbing], [startTranslation], [endTranslation], [startAdaptation], [endAdaptation], [startDischarge], [endDischarge], [plannedDubbing], [startDubbing], [endDubbing], [startMixage], [endMixage], [startMontage], [endMontage], [plannedUpload], [shipmentLowRes], [plannedShipment], [shipmentFinal], [status]) VALUES (71, 3, 6, 29, NULL, N'2016-02-25 00:00:00', NULL, NULL, NULL, NULL, NULL, NULL, NULL, NULL, NULL, NULL, NULL, NULL, NULL, NULL, NULL, NULL, NULL, NULL, NULL, N'04')
INSERT INTO [dbo].[orderTrnHdrs] ([orderTrnHdrIntno], [workIntno], [orderIntno], [episodeNo], [priority], [orderReceivedDate], [expectedDeliveryDate], [allowFirstDubbing], [startTranslation], [endTranslation], [startAdaptation], [endAdaptation], [startDischarge], [endDischarge], [plannedDubbing], [startDubbing], [endDubbing], [startMixage], [endMixage], [startMontage], [endMontage], [plannedUpload], [shipmentLowRes], [plannedShipment], [shipmentFinal], [status]) VALUES (72, 3, 6, 30, NULL, N'2016-02-25 00:00:00', NULL, NULL, NULL, NULL, NULL, NULL, NULL, NULL, NULL, NULL, NULL, NULL, NULL, NULL, NULL, NULL, NULL, NULL, NULL, N'04')
INSERT INTO [dbo].[orderTrnHdrs] ([orderTrnHdrIntno], [workIntno], [orderIntno], [episodeNo], [priority], [orderReceivedDate], [expectedDeliveryDate], [allowFirstDubbing], [startTranslation], [endTranslation], [startAdaptation], [endAdaptation], [startDischarge], [endDischarge], [plannedDubbing], [startDubbing], [endDubbing], [startMixage], [endMixage], [startMontage], [endMontage], [plannedUpload], [shipmentLowRes], [plannedShipment], [shipmentFinal], [status]) VALUES (73, 3, 6, 31, NULL, N'2016-02-25 00:00:00', NULL, NULL, NULL, NULL, NULL, NULL, NULL, NULL, NULL, NULL, NULL, NULL, NULL, NULL, NULL, NULL, NULL, NULL, NULL, N'04')
INSERT INTO [dbo].[orderTrnHdrs] ([orderTrnHdrIntno], [workIntno], [orderIntno], [episodeNo], [priority], [orderReceivedDate], [expectedDeliveryDate], [allowFirstDubbing], [startTranslation], [endTranslation], [startAdaptation], [endAdaptation], [startDischarge], [endDischarge], [plannedDubbing], [startDubbing], [endDubbing], [startMixage], [endMixage], [startMontage], [endMontage], [plannedUpload], [shipmentLowRes], [plannedShipment], [shipmentFinal], [status]) VALUES (74, 3, 6, 32, NULL, N'2016-02-25 00:00:00', NULL, NULL, NULL, NULL, NULL, NULL, NULL, NULL, NULL, NULL, NULL, NULL, NULL, NULL, NULL, NULL, NULL, NULL, NULL, N'04')
INSERT INTO [dbo].[orderTrnHdrs] ([orderTrnHdrIntno], [workIntno], [orderIntno], [episodeNo], [priority], [orderReceivedDate], [expectedDeliveryDate], [allowFirstDubbing], [startTranslation], [endTranslation], [startAdaptation], [endAdaptation], [startDischarge], [endDischarge], [plannedDubbing], [startDubbing], [endDubbing], [startMixage], [endMixage], [startMontage], [endMontage], [plannedUpload], [shipmentLowRes], [plannedShipment], [shipmentFinal], [status]) VALUES (75, 3, 6, 33, NULL, N'2016-02-25 00:00:00', NULL, NULL, NULL, NULL, NULL, NULL, NULL, NULL, NULL, NULL, NULL, NULL, NULL, NULL, NULL, NULL, NULL, NULL, NULL, N'04')
INSERT INTO [dbo].[orderTrnHdrs] ([orderTrnHdrIntno], [workIntno], [orderIntno], [episodeNo], [priority], [orderReceivedDate], [expectedDeliveryDate], [allowFirstDubbing], [startTranslation], [endTranslation], [startAdaptation], [endAdaptation], [startDischarge], [endDischarge], [plannedDubbing], [startDubbing], [endDubbing], [startMixage], [endMixage], [startMontage], [endMontage], [plannedUpload], [shipmentLowRes], [plannedShipment], [shipmentFinal], [status]) VALUES (76, 3, 6, 34, NULL, N'2016-02-25 00:00:00', NULL, NULL, NULL, NULL, NULL, NULL, NULL, NULL, NULL, NULL, NULL, NULL, NULL, NULL, NULL, NULL, NULL, NULL, NULL, N'04')
INSERT INTO [dbo].[orderTrnHdrs] ([orderTrnHdrIntno], [workIntno], [orderIntno], [episodeNo], [priority], [orderReceivedDate], [expectedDeliveryDate], [allowFirstDubbing], [startTranslation], [endTranslation], [startAdaptation], [endAdaptation], [startDischarge], [endDischarge], [plannedDubbing], [startDubbing], [endDubbing], [startMixage], [endMixage], [startMontage], [endMontage], [plannedUpload], [shipmentLowRes], [plannedShipment], [shipmentFinal], [status]) VALUES (77, 3, 6, 35, NULL, N'2016-02-25 00:00:00', NULL, NULL, NULL, NULL, NULL, NULL, NULL, NULL, NULL, NULL, NULL, NULL, NULL, NULL, NULL, NULL, NULL, NULL, NULL, N'04')
INSERT INTO [dbo].[orderTrnHdrs] ([orderTrnHdrIntno], [workIntno], [orderIntno], [episodeNo], [priority], [orderReceivedDate], [expectedDeliveryDate], [allowFirstDubbing], [startTranslation], [endTranslation], [startAdaptation], [endAdaptation], [startDischarge], [endDischarge], [plannedDubbing], [startDubbing], [endDubbing], [startMixage], [endMixage], [startMontage], [endMontage], [plannedUpload], [shipmentLowRes], [plannedShipment], [shipmentFinal], [status]) VALUES (78, 3, 6, 36, NULL, N'2016-02-25 00:00:00', NULL, NULL, NULL, NULL, NULL, NULL, NULL, NULL, NULL, NULL, NULL, NULL, NULL, NULL, NULL, NULL, NULL, NULL, NULL, N'04')
INSERT INTO [dbo].[orderTrnHdrs] ([orderTrnHdrIntno], [workIntno], [orderIntno], [episodeNo], [priority], [orderReceivedDate], [expectedDeliveryDate], [allowFirstDubbing], [startTranslation], [endTranslation], [startAdaptation], [endAdaptation], [startDischarge], [endDischarge], [plannedDubbing], [startDubbing], [endDubbing], [startMixage], [endMixage], [startMontage], [endMontage], [plannedUpload], [shipmentLowRes], [plannedShipment], [shipmentFinal], [status]) VALUES (79, 3, 6, 37, NULL, N'2016-02-25 00:00:00', NULL, NULL, NULL, NULL, NULL, NULL, NULL, NULL, NULL, NULL, NULL, NULL, NULL, NULL, NULL, NULL, NULL, NULL, NULL, N'04')
INSERT INTO [dbo].[orderTrnHdrs] ([orderTrnHdrIntno], [workIntno], [orderIntno], [episodeNo], [priority], [orderReceivedDate], [expectedDeliveryDate], [allowFirstDubbing], [startTranslation], [endTranslation], [startAdaptation], [endAdaptation], [startDischarge], [endDischarge], [plannedDubbing], [startDubbing], [endDubbing], [startMixage], [endMixage], [startMontage], [endMontage], [plannedUpload], [shipmentLowRes], [plannedShipment], [shipmentFinal], [status]) VALUES (80, 3, 6, 38, NULL, N'2016-02-25 00:00:00', NULL, NULL, NULL, NULL, NULL, NULL, NULL, NULL, NULL, NULL, NULL, NULL, NULL, NULL, NULL, NULL, NULL, NULL, NULL, N'04')
INSERT INTO [dbo].[orderTrnHdrs] ([orderTrnHdrIntno], [workIntno], [orderIntno], [episodeNo], [priority], [orderReceivedDate], [expectedDeliveryDate], [allowFirstDubbing], [startTranslation], [endTranslation], [startAdaptation], [endAdaptation], [startDischarge], [endDischarge], [plannedDubbing], [startDubbing], [endDubbing], [startMixage], [endMixage], [startMontage], [endMontage], [plannedUpload], [shipmentLowRes], [plannedShipment], [shipmentFinal], [status]) VALUES (81, 3, 6, 39, NULL, N'2016-02-25 00:00:00', NULL, NULL, NULL, NULL, NULL, NULL, NULL, NULL, NULL, NULL, NULL, NULL, NULL, NULL, NULL, NULL, NULL, NULL, NULL, N'04')
INSERT INTO [dbo].[orderTrnHdrs] ([orderTrnHdrIntno], [workIntno], [orderIntno], [episodeNo], [priority], [orderReceivedDate], [expectedDeliveryDate], [allowFirstDubbing], [startTranslation], [endTranslation], [startAdaptation], [endAdaptation], [startDischarge], [endDischarge], [plannedDubbing], [startDubbing], [endDubbing], [startMixage], [endMixage], [startMontage], [endMontage], [plannedUpload], [shipmentLowRes], [plannedShipment], [shipmentFinal], [status]) VALUES (82, 3, 6, 40, NULL, N'2016-02-25 00:00:00', NULL, NULL, NULL, NULL, NULL, NULL, NULL, NULL, NULL, NULL, NULL, NULL, NULL, NULL, NULL, NULL, NULL, NULL, NULL, N'04')
INSERT INTO [dbo].[orderTrnHdrs] ([orderTrnHdrIntno], [workIntno], [orderIntno], [episodeNo], [priority], [orderReceivedDate], [expectedDeliveryDate], [allowFirstDubbing], [startTranslation], [endTranslation], [startAdaptation], [endAdaptation], [startDischarge], [endDischarge], [plannedDubbing], [startDubbing], [endDubbing], [startMixage], [endMixage], [startMontage], [endMontage], [plannedUpload], [shipmentLowRes], [plannedShipment], [shipmentFinal], [status]) VALUES (83, 2, 8, 41, N'02', N'2015-04-01 00:00:00', N'2016-03-13 00:00:00', 0, NULL, NULL, NULL, N'2016-04-06 00:00:00', NULL, N'2016-04-06 00:00:00', N'2016-04-02 00:00:00', NULL, NULL, NULL, NULL, NULL, NULL, N'2016-04-09 00:00:00', NULL, N'2016-04-14 00:00:00', NULL, N'04')
INSERT INTO [dbo].[orderTrnHdrs] ([orderTrnHdrIntno], [workIntno], [orderIntno], [episodeNo], [priority], [orderReceivedDate], [expectedDeliveryDate], [allowFirstDubbing], [startTranslation], [endTranslation], [startAdaptation], [endAdaptation], [startDischarge], [endDischarge], [plannedDubbing], [startDubbing], [endDubbing], [startMixage], [endMixage], [startMontage], [endMontage], [plannedUpload], [shipmentLowRes], [plannedShipment], [shipmentFinal], [status]) VALUES (84, 2, 8, 42, N'02', N'2015-04-01 00:00:00', N'2016-03-14 00:00:00', 0, NULL, NULL, NULL, NULL, NULL, NULL, N'2016-04-02 00:00:00', NULL, NULL, NULL, NULL, NULL, NULL, N'2016-04-09 00:00:00', NULL, N'2016-04-14 00:00:00', NULL, N'04')
INSERT INTO [dbo].[orderTrnHdrs] ([orderTrnHdrIntno], [workIntno], [orderIntno], [episodeNo], [priority], [orderReceivedDate], [expectedDeliveryDate], [allowFirstDubbing], [startTranslation], [endTranslation], [startAdaptation], [endAdaptation], [startDischarge], [endDischarge], [plannedDubbing], [startDubbing], [endDubbing], [startMixage], [endMixage], [startMontage], [endMontage], [plannedUpload], [shipmentLowRes], [plannedShipment], [shipmentFinal], [status]) VALUES (85, 2, 8, 43, N'02', N'2015-04-01 00:00:00', N'2016-03-15 00:00:00', 0, NULL, NULL, NULL, NULL, NULL, NULL, N'2016-04-02 00:00:00', NULL, NULL, NULL, NULL, NULL, NULL, N'2016-04-09 00:00:00', NULL, N'2016-04-14 00:00:00', NULL, N'04')
INSERT INTO [dbo].[orderTrnHdrs] ([orderTrnHdrIntno], [workIntno], [orderIntno], [episodeNo], [priority], [orderReceivedDate], [expectedDeliveryDate], [allowFirstDubbing], [startTranslation], [endTranslation], [startAdaptation], [endAdaptation], [startDischarge], [endDischarge], [plannedDubbing], [startDubbing], [endDubbing], [startMixage], [endMixage], [startMontage], [endMontage], [plannedUpload], [shipmentLowRes], [plannedShipment], [shipmentFinal], [status]) VALUES (86, 2, 8, 44, N'02', N'2015-04-01 00:00:00', N'2016-03-16 00:00:00', 0, NULL, NULL, NULL, NULL, NULL, NULL, N'2016-04-02 00:00:00', NULL, NULL, NULL, NULL, NULL, NULL, N'2016-04-09 00:00:00', NULL, N'2016-04-14 00:00:00', NULL, N'04')
INSERT INTO [dbo].[orderTrnHdrs] ([orderTrnHdrIntno], [workIntno], [orderIntno], [episodeNo], [priority], [orderReceivedDate], [expectedDeliveryDate], [allowFirstDubbing], [startTranslation], [endTranslation], [startAdaptation], [endAdaptation], [startDischarge], [endDischarge], [plannedDubbing], [startDubbing], [endDubbing], [startMixage], [endMixage], [startMontage], [endMontage], [plannedUpload], [shipmentLowRes], [plannedShipment], [shipmentFinal], [status]) VALUES (87, 2, 8, 45, N'02', N'2015-04-01 00:00:00', N'2016-03-17 00:00:00', 0, NULL, NULL, NULL, NULL, NULL, NULL, N'2016-04-02 00:00:00', NULL, NULL, NULL, NULL, NULL, NULL, N'2016-04-09 00:00:00', NULL, N'2016-04-14 00:00:00', NULL, N'04')
INSERT INTO [dbo].[orderTrnHdrs] ([orderTrnHdrIntno], [workIntno], [orderIntno], [episodeNo], [priority], [orderReceivedDate], [expectedDeliveryDate], [allowFirstDubbing], [startTranslation], [endTranslation], [startAdaptation], [endAdaptation], [startDischarge], [endDischarge], [plannedDubbing], [startDubbing], [endDubbing], [startMixage], [endMixage], [startMontage], [endMontage], [plannedUpload], [shipmentLowRes], [plannedShipment], [shipmentFinal], [status]) VALUES (88, 2, 8, 46, N'02', N'2015-04-01 00:00:00', N'2016-03-18 00:00:00', 0, NULL, NULL, NULL, NULL, NULL, NULL, N'2016-04-02 00:00:00', NULL, NULL, NULL, NULL, NULL, NULL, NULL, NULL, NULL, NULL, N'04')
INSERT INTO [dbo].[orderTrnHdrs] ([orderTrnHdrIntno], [workIntno], [orderIntno], [episodeNo], [priority], [orderReceivedDate], [expectedDeliveryDate], [allowFirstDubbing], [startTranslation], [endTranslation], [startAdaptation], [endAdaptation], [startDischarge], [endDischarge], [plannedDubbing], [startDubbing], [endDubbing], [startMixage], [endMixage], [startMontage], [endMontage], [plannedUpload], [shipmentLowRes], [plannedShipment], [shipmentFinal], [status]) VALUES (89, 2, 8, 47, N'02', N'2015-04-01 00:00:00', N'2016-03-19 00:00:00', 0, NULL, NULL, NULL, NULL, NULL, NULL, N'2016-04-02 00:00:00', NULL, NULL, NULL, NULL, NULL, NULL, NULL, NULL, NULL, NULL, N'04')
INSERT INTO [dbo].[orderTrnHdrs] ([orderTrnHdrIntno], [workIntno], [orderIntno], [episodeNo], [priority], [orderReceivedDate], [expectedDeliveryDate], [allowFirstDubbing], [startTranslation], [endTranslation], [startAdaptation], [endAdaptation], [startDischarge], [endDischarge], [plannedDubbing], [startDubbing], [endDubbing], [startMixage], [endMixage], [startMontage], [endMontage], [plannedUpload], [shipmentLowRes], [plannedShipment], [shipmentFinal], [status]) VALUES (90, 2, 8, 48, N'02', N'2015-04-01 00:00:00', N'2016-03-20 00:00:00', 0, NULL, NULL, NULL, NULL, NULL, NULL, N'2016-04-02 00:00:00', NULL, NULL, NULL, NULL, NULL, NULL, NULL, NULL, NULL, NULL, N'04')
INSERT INTO [dbo].[orderTrnHdrs] ([orderTrnHdrIntno], [workIntno], [orderIntno], [episodeNo], [priority], [orderReceivedDate], [expectedDeliveryDate], [allowFirstDubbing], [startTranslation], [endTranslation], [startAdaptation], [endAdaptation], [startDischarge], [endDischarge], [plannedDubbing], [startDubbing], [endDubbing], [startMixage], [endMixage], [startMontage], [endMontage], [plannedUpload], [shipmentLowRes], [plannedShipment], [shipmentFinal], [status]) VALUES (91, 2, 8, 49, N'02', N'2015-04-01 00:00:00', N'2016-03-21 00:00:00', 0, NULL, NULL, NULL, NULL, NULL, NULL, N'2016-04-02 00:00:00', NULL, NULL, NULL, NULL, NULL, NULL, NULL, NULL, NULL, NULL, N'04')
INSERT INTO [dbo].[orderTrnHdrs] ([orderTrnHdrIntno], [workIntno], [orderIntno], [episodeNo], [priority], [orderReceivedDate], [expectedDeliveryDate], [allowFirstDubbing], [startTranslation], [endTranslation], [startAdaptation], [endAdaptation], [startDischarge], [endDischarge], [plannedDubbing], [startDubbing], [endDubbing], [startMixage], [endMixage], [startMontage], [endMontage], [plannedUpload], [shipmentLowRes], [plannedShipment], [shipmentFinal], [status]) VALUES (92, 2, 8, 50, N'02', N'2015-04-01 00:00:00', N'2016-03-22 00:00:00', 0, NULL, NULL, NULL, NULL, NULL, NULL, N'2016-04-02 00:00:00', NULL, NULL, NULL, NULL, NULL, NULL, NULL, NULL, NULL, NULL, N'04')
INSERT INTO [dbo].[orderTrnHdrs] ([orderTrnHdrIntno], [workIntno], [orderIntno], [episodeNo], [priority], [orderReceivedDate], [expectedDeliveryDate], [allowFirstDubbing], [startTranslation], [endTranslation], [startAdaptation], [endAdaptation], [startDischarge], [endDischarge], [plannedDubbing], [startDubbing], [endDubbing], [startMixage], [endMixage], [startMontage], [endMontage], [plannedUpload], [shipmentLowRes], [plannedShipment], [shipmentFinal], [status]) VALUES (93, 2, 8, 51, N'02', N'2015-04-01 00:00:00', N'2016-03-23 00:00:00', 0, NULL, NULL, NULL, NULL, NULL, NULL, N'2016-04-02 00:00:00', NULL, NULL, NULL, NULL, NULL, NULL, NULL, NULL, NULL, NULL, N'04')
INSERT INTO [dbo].[orderTrnHdrs] ([orderTrnHdrIntno], [workIntno], [orderIntno], [episodeNo], [priority], [orderReceivedDate], [expectedDeliveryDate], [allowFirstDubbing], [startTranslation], [endTranslation], [startAdaptation], [endAdaptation], [startDischarge], [endDischarge], [plannedDubbing], [startDubbing], [endDubbing], [startMixage], [endMixage], [startMontage], [endMontage], [plannedUpload], [shipmentLowRes], [plannedShipment], [shipmentFinal], [status]) VALUES (94, 3, 9, 41, NULL, N'2016-04-18 00:00:00', NULL, NULL, NULL, NULL, NULL, NULL, NULL, NULL, NULL, NULL, NULL, NULL, NULL, NULL, NULL, NULL, NULL, NULL, NULL, N'04')
INSERT INTO [dbo].[orderTrnHdrs] ([orderTrnHdrIntno], [workIntno], [orderIntno], [episodeNo], [priority], [orderReceivedDate], [expectedDeliveryDate], [allowFirstDubbing], [startTranslation], [endTranslation], [startAdaptation], [endAdaptation], [startDischarge], [endDischarge], [plannedDubbing], [startDubbing], [endDubbing], [startMixage], [endMixage], [startMontage], [endMontage], [plannedUpload], [shipmentLowRes], [plannedShipment], [shipmentFinal], [status]) VALUES (95, 3, 9, 42, NULL, N'2016-04-18 00:00:00', NULL, NULL, NULL, NULL, NULL, NULL, NULL, NULL, NULL, NULL, NULL, NULL, NULL, NULL, NULL, NULL, NULL, NULL, NULL, N'04')
INSERT INTO [dbo].[orderTrnHdrs] ([orderTrnHdrIntno], [workIntno], [orderIntno], [episodeNo], [priority], [orderReceivedDate], [expectedDeliveryDate], [allowFirstDubbing], [startTranslation], [endTranslation], [startAdaptation], [endAdaptation], [startDischarge], [endDischarge], [plannedDubbing], [startDubbing], [endDubbing], [startMixage], [endMixage], [startMontage], [endMontage], [plannedUpload], [shipmentLowRes], [plannedShipment], [shipmentFinal], [status]) VALUES (96, 3, 9, 43, NULL, N'2016-04-18 00:00:00', NULL, NULL, NULL, NULL, NULL, NULL, NULL, NULL, NULL, NULL, NULL, NULL, NULL, NULL, NULL, NULL, NULL, NULL, NULL, N'04')
INSERT INTO [dbo].[orderTrnHdrs] ([orderTrnHdrIntno], [workIntno], [orderIntno], [episodeNo], [priority], [orderReceivedDate], [expectedDeliveryDate], [allowFirstDubbing], [startTranslation], [endTranslation], [startAdaptation], [endAdaptation], [startDischarge], [endDischarge], [plannedDubbing], [startDubbing], [endDubbing], [startMixage], [endMixage], [startMontage], [endMontage], [plannedUpload], [shipmentLowRes], [plannedShipment], [shipmentFinal], [status]) VALUES (97, 3, 9, 44, NULL, N'2016-04-18 00:00:00', NULL, NULL, NULL, NULL, NULL, NULL, NULL, NULL, NULL, NULL, NULL, NULL, NULL, NULL, NULL, NULL, NULL, NULL, NULL, N'04')
INSERT INTO [dbo].[orderTrnHdrs] ([orderTrnHdrIntno], [workIntno], [orderIntno], [episodeNo], [priority], [orderReceivedDate], [expectedDeliveryDate], [allowFirstDubbing], [startTranslation], [endTranslation], [startAdaptation], [endAdaptation], [startDischarge], [endDischarge], [plannedDubbing], [startDubbing], [endDubbing], [startMixage], [endMixage], [startMontage], [endMontage], [plannedUpload], [shipmentLowRes], [plannedShipment], [shipmentFinal], [status]) VALUES (98, 3, 9, 45, NULL, N'2016-04-18 00:00:00', NULL, NULL, NULL, NULL, NULL, NULL, NULL, NULL, NULL, NULL, NULL, NULL, NULL, NULL, NULL, NULL, NULL, NULL, NULL, N'04')
INSERT INTO [dbo].[orderTrnHdrs] ([orderTrnHdrIntno], [workIntno], [orderIntno], [episodeNo], [priority], [orderReceivedDate], [expectedDeliveryDate], [allowFirstDubbing], [startTranslation], [endTranslation], [startAdaptation], [endAdaptation], [startDischarge], [endDischarge], [plannedDubbing], [startDubbing], [endDubbing], [startMixage], [endMixage], [startMontage], [endMontage], [plannedUpload], [shipmentLowRes], [plannedShipment], [shipmentFinal], [status]) VALUES (99, 3, 9, 46, NULL, N'2016-04-18 00:00:00', NULL, NULL, NULL, NULL, NULL, NULL, NULL, NULL, NULL, NULL, NULL, NULL, NULL, NULL, NULL, NULL, NULL, NULL, NULL, N'04')
INSERT INTO [dbo].[orderTrnHdrs] ([orderTrnHdrIntno], [workIntno], [orderIntno], [episodeNo], [priority], [orderReceivedDate], [expectedDeliveryDate], [allowFirstDubbing], [startTranslation], [endTranslation], [startAdaptation], [endAdaptation], [startDischarge], [endDischarge], [plannedDubbing], [startDubbing], [endDubbing], [startMixage], [endMixage], [startMontage], [endMontage], [plannedUpload], [shipmentLowRes], [plannedShipment], [shipmentFinal], [status]) VALUES (100, 3, 9, 47, NULL, N'2016-04-18 00:00:00', NULL, NULL, NULL, NULL, NULL, NULL, NULL, NULL, NULL, NULL, NULL, NULL, NULL, NULL, NULL, NULL, NULL, NULL, NULL, N'04')
INSERT INTO [dbo].[orderTrnHdrs] ([orderTrnHdrIntno], [workIntno], [orderIntno], [episodeNo], [priority], [orderReceivedDate], [expectedDeliveryDate], [allowFirstDubbing], [startTranslation], [endTranslation], [startAdaptation], [endAdaptation], [startDischarge], [endDischarge], [plannedDubbing], [startDubbing], [endDubbing], [startMixage], [endMixage], [startMontage], [endMontage], [plannedUpload], [shipmentLowRes], [plannedShipment], [shipmentFinal], [status]) VALUES (101, 3, 9, 48, NULL, N'2016-04-18 00:00:00', NULL, NULL, NULL, NULL, NULL, NULL, NULL, NULL, NULL, NULL, NULL, NULL, NULL, NULL, NULL, NULL, NULL, NULL, NULL, N'04')
INSERT INTO [dbo].[orderTrnHdrs] ([orderTrnHdrIntno], [workIntno], [orderIntno], [episodeNo], [priority], [orderReceivedDate], [expectedDeliveryDate], [allowFirstDubbing], [startTranslation], [endTranslation], [startAdaptation], [endAdaptation], [startDischarge], [endDischarge], [plannedDubbing], [startDubbing], [endDubbing], [startMixage], [endMixage], [startMontage], [endMontage], [plannedUpload], [shipmentLowRes], [plannedShipment], [shipmentFinal], [status]) VALUES (102, 3, 9, 49, NULL, N'2016-04-18 00:00:00', NULL, NULL, NULL, NULL, NULL, NULL, NULL, NULL, NULL, NULL, NULL, NULL, NULL, NULL, NULL, NULL, NULL, NULL, NULL, N'04')
INSERT INTO [dbo].[orderTrnHdrs] ([orderTrnHdrIntno], [workIntno], [orderIntno], [episodeNo], [priority], [orderReceivedDate], [expectedDeliveryDate], [allowFirstDubbing], [startTranslation], [endTranslation], [startAdaptation], [endAdaptation], [startDischarge], [endDischarge], [plannedDubbing], [startDubbing], [endDubbing], [startMixage], [endMixage], [startMontage], [endMontage], [plannedUpload], [shipmentLowRes], [plannedShipment], [shipmentFinal], [status]) VALUES (103, 3, 9, 50, NULL, N'2016-04-18 00:00:00', NULL, NULL, NULL, NULL, NULL, NULL, NULL, NULL, NULL, NULL, NULL, NULL, NULL, NULL, NULL, NULL, NULL, NULL, NULL, N'04')
INSERT INTO [dbo].[orderTrnHdrs] ([orderTrnHdrIntno], [workIntno], [orderIntno], [episodeNo], [priority], [orderReceivedDate], [expectedDeliveryDate], [allowFirstDubbing], [startTranslation], [endTranslation], [startAdaptation], [endAdaptation], [startDischarge], [endDischarge], [plannedDubbing], [startDubbing], [endDubbing], [startMixage], [endMixage], [startMontage], [endMontage], [plannedUpload], [shipmentLowRes], [plannedShipment], [shipmentFinal], [status]) VALUES (104, 3, 9, 51, NULL, N'2016-04-18 00:00:00', NULL, NULL, NULL, NULL, NULL, NULL, NULL, NULL, NULL, NULL, NULL, NULL, NULL, NULL, NULL, NULL, NULL, NULL, NULL, N'04')
INSERT INTO [dbo].[orderTrnHdrs] ([orderTrnHdrIntno], [workIntno], [orderIntno], [episodeNo], [priority], [orderReceivedDate], [expectedDeliveryDate], [allowFirstDubbing], [startTranslation], [endTranslation], [startAdaptation], [endAdaptation], [startDischarge], [endDischarge], [plannedDubbing], [startDubbing], [endDubbing], [startMixage], [endMixage], [startMontage], [endMontage], [plannedUpload], [shipmentLowRes], [plannedShipment], [shipmentFinal], [status]) VALUES (105, 3, 9, 52, NULL, N'2016-04-18 00:00:00', NULL, NULL, NULL, NULL, NULL, NULL, NULL, NULL, NULL, NULL, NULL, NULL, NULL, NULL, NULL, NULL, NULL, NULL, NULL, N'04')
INSERT INTO [dbo].[orderTrnHdrs] ([orderTrnHdrIntno], [workIntno], [orderIntno], [episodeNo], [priority], [orderReceivedDate], [expectedDeliveryDate], [allowFirstDubbing], [startTranslation], [endTranslation], [startAdaptation], [endAdaptation], [startDischarge], [endDischarge], [plannedDubbing], [startDubbing], [endDubbing], [startMixage], [endMixage], [startMontage], [endMontage], [plannedUpload], [shipmentLowRes], [plannedShipment], [shipmentFinal], [status]) VALUES (106, 3, 9, 53, NULL, N'2016-04-18 00:00:00', NULL, NULL, NULL, NULL, NULL, NULL, NULL, NULL, NULL, NULL, NULL, NULL, NULL, NULL, NULL, NULL, NULL, NULL, NULL, N'04')
INSERT INTO [dbo].[orderTrnHdrs] ([orderTrnHdrIntno], [workIntno], [orderIntno], [episodeNo], [priority], [orderReceivedDate], [expectedDeliveryDate], [allowFirstDubbing], [startTranslation], [endTranslation], [startAdaptation], [endAdaptation], [startDischarge], [endDischarge], [plannedDubbing], [startDubbing], [endDubbing], [startMixage], [endMixage], [startMontage], [endMontage], [plannedUpload], [shipmentLowRes], [plannedShipment], [shipmentFinal], [status]) VALUES (107, 3, 9, 54, NULL, N'2016-04-18 00:00:00', NULL, NULL, NULL, NULL, NULL, NULL, NULL, NULL, NULL, NULL, NULL, NULL, NULL, NULL, NULL, NULL, NULL, NULL, NULL, N'04')
INSERT INTO [dbo].[orderTrnHdrs] ([orderTrnHdrIntno], [workIntno], [orderIntno], [episodeNo], [priority], [orderReceivedDate], [expectedDeliveryDate], [allowFirstDubbing], [startTranslation], [endTranslation], [startAdaptation], [endAdaptation], [startDischarge], [endDischarge], [plannedDubbing], [startDubbing], [endDubbing], [startMixage], [endMixage], [startMontage], [endMontage], [plannedUpload], [shipmentLowRes], [plannedShipment], [shipmentFinal], [status]) VALUES (108, 3, 9, 55, NULL, N'2016-04-18 00:00:00', NULL, NULL, NULL, NULL, NULL, NULL, NULL, NULL, NULL, NULL, NULL, NULL, NULL, NULL, NULL, NULL, NULL, NULL, NULL, N'04')
INSERT INTO [dbo].[orderTrnHdrs] ([orderTrnHdrIntno], [workIntno], [orderIntno], [episodeNo], [priority], [orderReceivedDate], [expectedDeliveryDate], [allowFirstDubbing], [startTranslation], [endTranslation], [startAdaptation], [endAdaptation], [startDischarge], [endDischarge], [plannedDubbing], [startDubbing], [endDubbing], [startMixage], [endMixage], [startMontage], [endMontage], [plannedUpload], [shipmentLowRes], [plannedShipment], [shipmentFinal], [status]) VALUES (109, 3, 9, 56, NULL, N'2016-04-18 00:00:00', NULL, NULL, NULL, NULL, NULL, NULL, NULL, NULL, NULL, NULL, NULL, NULL, NULL, NULL, NULL, NULL, NULL, NULL, NULL, N'04')
INSERT INTO [dbo].[orderTrnHdrs] ([orderTrnHdrIntno], [workIntno], [orderIntno], [episodeNo], [priority], [orderReceivedDate], [expectedDeliveryDate], [allowFirstDubbing], [startTranslation], [endTranslation], [startAdaptation], [endAdaptation], [startDischarge], [endDischarge], [plannedDubbing], [startDubbing], [endDubbing], [startMixage], [endMixage], [startMontage], [endMontage], [plannedUpload], [shipmentLowRes], [plannedShipment], [shipmentFinal], [status]) VALUES (110, 3, 9, 57, NULL, N'2016-04-18 00:00:00', NULL, NULL, NULL, NULL, NULL, NULL, NULL, NULL, NULL, NULL, NULL, NULL, NULL, NULL, NULL, NULL, NULL, NULL, NULL, N'04')
INSERT INTO [dbo].[orderTrnHdrs] ([orderTrnHdrIntno], [workIntno], [orderIntno], [episodeNo], [priority], [orderReceivedDate], [expectedDeliveryDate], [allowFirstDubbing], [startTranslation], [endTranslation], [startAdaptation], [endAdaptation], [startDischarge], [endDischarge], [plannedDubbing], [startDubbing], [endDubbing], [startMixage], [endMixage], [startMontage], [endMontage], [plannedUpload], [shipmentLowRes], [plannedShipment], [shipmentFinal], [status]) VALUES (111, 3, 9, 58, NULL, N'2016-04-18 00:00:00', NULL, NULL, NULL, NULL, NULL, NULL, NULL, NULL, NULL, NULL, NULL, NULL, NULL, NULL, NULL, NULL, NULL, NULL, NULL, N'04')
INSERT INTO [dbo].[orderTrnHdrs] ([orderTrnHdrIntno], [workIntno], [orderIntno], [episodeNo], [priority], [orderReceivedDate], [expectedDeliveryDate], [allowFirstDubbing], [startTranslation], [endTranslation], [startAdaptation], [endAdaptation], [startDischarge], [endDischarge], [plannedDubbing], [startDubbing], [endDubbing], [startMixage], [endMixage], [startMontage], [endMontage], [plannedUpload], [shipmentLowRes], [plannedShipment], [shipmentFinal], [status]) VALUES (112, 3, 9, 59, NULL, N'2016-04-18 00:00:00', NULL, NULL, NULL, NULL, NULL, NULL, NULL, NULL, NULL, NULL, NULL, NULL, NULL, NULL, NULL, NULL, NULL, NULL, NULL, N'04')
INSERT INTO [dbo].[orderTrnHdrs] ([orderTrnHdrIntno], [workIntno], [orderIntno], [episodeNo], [priority], [orderReceivedDate], [expectedDeliveryDate], [allowFirstDubbing], [startTranslation], [endTranslation], [startAdaptation], [endAdaptation], [startDischarge], [endDischarge], [plannedDubbing], [startDubbing], [endDubbing], [startMixage], [endMixage], [startMontage], [endMontage], [plannedUpload], [shipmentLowRes], [plannedShipment], [shipmentFinal], [status]) VALUES (113, 3, 9, 60, NULL, N'2016-04-18 00:00:00', NULL, NULL, NULL, NULL, NULL, NULL, NULL, NULL, NULL, NULL, NULL, NULL, NULL, NULL, NULL, NULL, NULL, NULL, NULL, N'04')
INSERT INTO [dbo].[orderTrnHdrs] ([orderTrnHdrIntno], [workIntno], [orderIntno], [episodeNo], [priority], [orderReceivedDate], [expectedDeliveryDate], [allowFirstDubbing], [startTranslation], [endTranslation], [startAdaptation], [endAdaptation], [startDischarge], [endDischarge], [plannedDubbing], [startDubbing], [endDubbing], [startMixage], [endMixage], [startMontage], [endMontage], [plannedUpload], [shipmentLowRes], [plannedShipment], [shipmentFinal], [status]) VALUES (114, 3, 10, 61, NULL, N'2016-04-27 00:00:00', NULL, NULL, NULL, NULL, NULL, NULL, NULL, NULL, NULL, NULL, NULL, NULL, NULL, NULL, NULL, NULL, NULL, NULL, NULL, N'04')
INSERT INTO [dbo].[orderTrnHdrs] ([orderTrnHdrIntno], [workIntno], [orderIntno], [episodeNo], [priority], [orderReceivedDate], [expectedDeliveryDate], [allowFirstDubbing], [startTranslation], [endTranslation], [startAdaptation], [endAdaptation], [startDischarge], [endDischarge], [plannedDubbing], [startDubbing], [endDubbing], [startMixage], [endMixage], [startMontage], [endMontage], [plannedUpload], [shipmentLowRes], [plannedShipment], [shipmentFinal], [status]) VALUES (115, 3, 10, 62, NULL, N'2016-04-27 00:00:00', NULL, NULL, NULL, NULL, NULL, NULL, NULL, NULL, NULL, NULL, NULL, NULL, NULL, NULL, NULL, NULL, NULL, NULL, NULL, N'04')
INSERT INTO [dbo].[orderTrnHdrs] ([orderTrnHdrIntno], [workIntno], [orderIntno], [episodeNo], [priority], [orderReceivedDate], [expectedDeliveryDate], [allowFirstDubbing], [startTranslation], [endTranslation], [startAdaptation], [endAdaptation], [startDischarge], [endDischarge], [plannedDubbing], [startDubbing], [endDubbing], [startMixage], [endMixage], [startMontage], [endMontage], [plannedUpload], [shipmentLowRes], [plannedShipment], [shipmentFinal], [status]) VALUES (116, 3, 10, 63, NULL, N'2016-04-27 00:00:00', NULL, NULL, NULL, NULL, NULL, NULL, NULL, NULL, NULL, NULL, NULL, NULL, NULL, NULL, NULL, NULL, NULL, NULL, NULL, N'04')
INSERT INTO [dbo].[orderTrnHdrs] ([orderTrnHdrIntno], [workIntno], [orderIntno], [episodeNo], [priority], [orderReceivedDate], [expectedDeliveryDate], [allowFirstDubbing], [startTranslation], [endTranslation], [startAdaptation], [endAdaptation], [startDischarge], [endDischarge], [plannedDubbing], [startDubbing], [endDubbing], [startMixage], [endMixage], [startMontage], [endMontage], [plannedUpload], [shipmentLowRes], [plannedShipment], [shipmentFinal], [status]) VALUES (117, 3, 10, 64, NULL, N'2016-04-27 00:00:00', NULL, NULL, NULL, NULL, NULL, NULL, NULL, NULL, NULL, NULL, NULL, NULL, NULL, NULL, NULL, NULL, NULL, NULL, NULL, N'04')
INSERT INTO [dbo].[orderTrnHdrs] ([orderTrnHdrIntno], [workIntno], [orderIntno], [episodeNo], [priority], [orderReceivedDate], [expectedDeliveryDate], [allowFirstDubbing], [startTranslation], [endTranslation], [startAdaptation], [endAdaptation], [startDischarge], [endDischarge], [plannedDubbing], [startDubbing], [endDubbing], [startMixage], [endMixage], [startMontage], [endMontage], [plannedUpload], [shipmentLowRes], [plannedShipment], [shipmentFinal], [status]) VALUES (118, 3, 10, 65, NULL, N'2016-04-27 00:00:00', NULL, NULL, NULL, NULL, NULL, NULL, NULL, NULL, NULL, NULL, NULL, NULL, NULL, NULL, NULL, NULL, NULL, NULL, NULL, N'04')
INSERT INTO [dbo].[orderTrnHdrs] ([orderTrnHdrIntno], [workIntno], [orderIntno], [episodeNo], [priority], [orderReceivedDate], [expectedDeliveryDate], [allowFirstDubbing], [startTranslation], [endTranslation], [startAdaptation], [endAdaptation], [startDischarge], [endDischarge], [plannedDubbing], [startDubbing], [endDubbing], [startMixage], [endMixage], [startMontage], [endMontage], [plannedUpload], [shipmentLowRes], [plannedShipment], [shipmentFinal], [status]) VALUES (119, 3, 10, 66, NULL, N'2016-04-27 00:00:00', NULL, NULL, NULL, NULL, NULL, NULL, NULL, NULL, NULL, NULL, NULL, NULL, NULL, NULL, NULL, NULL, NULL, NULL, NULL, N'04')
INSERT INTO [dbo].[orderTrnHdrs] ([orderTrnHdrIntno], [workIntno], [orderIntno], [episodeNo], [priority], [orderReceivedDate], [expectedDeliveryDate], [allowFirstDubbing], [startTranslation], [endTranslation], [startAdaptation], [endAdaptation], [startDischarge], [endDischarge], [plannedDubbing], [startDubbing], [endDubbing], [startMixage], [endMixage], [startMontage], [endMontage], [plannedUpload], [shipmentLowRes], [plannedShipment], [shipmentFinal], [status]) VALUES (120, 3, 10, 67, NULL, N'2016-04-27 00:00:00', NULL, NULL, NULL, NULL, NULL, NULL, NULL, NULL, NULL, NULL, NULL, NULL, NULL, NULL, NULL, NULL, NULL, NULL, NULL, N'04')
INSERT INTO [dbo].[orderTrnHdrs] ([orderTrnHdrIntno], [workIntno], [orderIntno], [episodeNo], [priority], [orderReceivedDate], [expectedDeliveryDate], [allowFirstDubbing], [startTranslation], [endTranslation], [startAdaptation], [endAdaptation], [startDischarge], [endDischarge], [plannedDubbing], [startDubbing], [endDubbing], [startMixage], [endMixage], [startMontage], [endMontage], [plannedUpload], [shipmentLowRes], [plannedShipment], [shipmentFinal], [status]) VALUES (121, 3, 10, 68, NULL, N'2016-04-27 00:00:00', NULL, NULL, NULL, NULL, NULL, NULL, NULL, NULL, NULL, NULL, NULL, NULL, NULL, NULL, NULL, NULL, NULL, NULL, NULL, N'04')
INSERT INTO [dbo].[orderTrnHdrs] ([orderTrnHdrIntno], [workIntno], [orderIntno], [episodeNo], [priority], [orderReceivedDate], [expectedDeliveryDate], [allowFirstDubbing], [startTranslation], [endTranslation], [startAdaptation], [endAdaptation], [startDischarge], [endDischarge], [plannedDubbing], [startDubbing], [endDubbing], [startMixage], [endMixage], [startMontage], [endMontage], [plannedUpload], [shipmentLowRes], [plannedShipment], [shipmentFinal], [status]) VALUES (122, 3, 10, 69, NULL, N'2016-04-27 00:00:00', NULL, NULL, NULL, NULL, NULL, NULL, NULL, NULL, NULL, NULL, NULL, NULL, NULL, NULL, NULL, NULL, NULL, NULL, NULL, N'04')
INSERT INTO [dbo].[orderTrnHdrs] ([orderTrnHdrIntno], [workIntno], [orderIntno], [episodeNo], [priority], [orderReceivedDate], [expectedDeliveryDate], [allowFirstDubbing], [startTranslation], [endTranslation], [startAdaptation], [endAdaptation], [startDischarge], [endDischarge], [plannedDubbing], [startDubbing], [endDubbing], [startMixage], [endMixage], [startMontage], [endMontage], [plannedUpload], [shipmentLowRes], [plannedShipment], [shipmentFinal], [status]) VALUES (123, 3, 10, 70, NULL, N'2016-04-27 00:00:00', NULL, NULL, NULL, NULL, NULL, NULL, NULL, NULL, NULL, NULL, NULL, NULL, NULL, NULL, NULL, NULL, NULL, NULL, NULL, N'04')
INSERT INTO [dbo].[orderTrnHdrs] ([orderTrnHdrIntno], [workIntno], [orderIntno], [episodeNo], [priority], [orderReceivedDate], [expectedDeliveryDate], [allowFirstDubbing], [startTranslation], [endTranslation], [startAdaptation], [endAdaptation], [startDischarge], [endDischarge], [plannedDubbing], [startDubbing], [endDubbing], [startMixage], [endMixage], [startMontage], [endMontage], [plannedUpload], [shipmentLowRes], [plannedShipment], [shipmentFinal], [status]) VALUES (124, 3, 10, 71, NULL, N'2016-04-27 00:00:00', NULL, NULL, NULL, NULL, NULL, NULL, NULL, NULL, NULL, NULL, NULL, NULL, NULL, NULL, NULL, NULL, NULL, NULL, NULL, N'04')
INSERT INTO [dbo].[orderTrnHdrs] ([orderTrnHdrIntno], [workIntno], [orderIntno], [episodeNo], [priority], [orderReceivedDate], [expectedDeliveryDate], [allowFirstDubbing], [startTranslation], [endTranslation], [startAdaptation], [endAdaptation], [startDischarge], [endDischarge], [plannedDubbing], [startDubbing], [endDubbing], [startMixage], [endMixage], [startMontage], [endMontage], [plannedUpload], [shipmentLowRes], [plannedShipment], [shipmentFinal], [status]) VALUES (125, 3, 10, 72, NULL, N'2016-04-27 00:00:00', NULL, NULL, NULL, NULL, NULL, NULL, NULL, NULL, NULL, NULL, NULL, NULL, NULL, NULL, NULL, NULL, NULL, NULL, NULL, N'04')
INSERT INTO [dbo].[orderTrnHdrs] ([orderTrnHdrIntno], [workIntno], [orderIntno], [episodeNo], [priority], [orderReceivedDate], [expectedDeliveryDate], [allowFirstDubbing], [startTranslation], [endTranslation], [startAdaptation], [endAdaptation], [startDischarge], [endDischarge], [plannedDubbing], [startDubbing], [endDubbing], [startMixage], [endMixage], [startMontage], [endMontage], [plannedUpload], [shipmentLowRes], [plannedShipment], [shipmentFinal], [status]) VALUES (126, 3, 10, 73, NULL, N'2016-04-27 00:00:00', NULL, NULL, NULL, NULL, NULL, NULL, NULL, NULL, NULL, NULL, NULL, NULL, NULL, NULL, NULL, NULL, NULL, NULL, NULL, N'04')
INSERT INTO [dbo].[orderTrnHdrs] ([orderTrnHdrIntno], [workIntno], [orderIntno], [episodeNo], [priority], [orderReceivedDate], [expectedDeliveryDate], [allowFirstDubbing], [startTranslation], [endTranslation], [startAdaptation], [endAdaptation], [startDischarge], [endDischarge], [plannedDubbing], [startDubbing], [endDubbing], [startMixage], [endMixage], [startMontage], [endMontage], [plannedUpload], [shipmentLowRes], [plannedShipment], [shipmentFinal], [status]) VALUES (127, 3, 10, 74, NULL, N'2016-04-27 00:00:00', NULL, NULL, NULL, NULL, NULL, NULL, NULL, NULL, NULL, NULL, NULL, NULL, NULL, NULL, NULL, NULL, NULL, NULL, NULL, N'04')
INSERT INTO [dbo].[orderTrnHdrs] ([orderTrnHdrIntno], [workIntno], [orderIntno], [episodeNo], [priority], [orderReceivedDate], [expectedDeliveryDate], [allowFirstDubbing], [startTranslation], [endTranslation], [startAdaptation], [endAdaptation], [startDischarge], [endDischarge], [plannedDubbing], [startDubbing], [endDubbing], [startMixage], [endMixage], [startMontage], [endMontage], [plannedUpload], [shipmentLowRes], [plannedShipment], [shipmentFinal], [status]) VALUES (128, 3, 10, 75, NULL, N'2016-04-27 00:00:00', NULL, NULL, NULL, NULL, NULL, NULL, NULL, NULL, NULL, NULL, NULL, NULL, NULL, NULL, NULL, NULL, NULL, NULL, NULL, N'04')
INSERT INTO [dbo].[orderTrnHdrs] ([orderTrnHdrIntno], [workIntno], [orderIntno], [episodeNo], [priority], [orderReceivedDate], [expectedDeliveryDate], [allowFirstDubbing], [startTranslation], [endTranslation], [startAdaptation], [endAdaptation], [startDischarge], [endDischarge], [plannedDubbing], [startDubbing], [endDubbing], [startMixage], [endMixage], [startMontage], [endMontage], [plannedUpload], [shipmentLowRes], [plannedShipment], [shipmentFinal], [status]) VALUES (129, 3, 10, 76, NULL, N'2016-04-27 00:00:00', NULL, NULL, NULL, NULL, NULL, NULL, NULL, NULL, NULL, NULL, NULL, NULL, NULL, NULL, NULL, NULL, NULL, NULL, NULL, N'04')
INSERT INTO [dbo].[orderTrnHdrs] ([orderTrnHdrIntno], [workIntno], [orderIntno], [episodeNo], [priority], [orderReceivedDate], [expectedDeliveryDate], [allowFirstDubbing], [startTranslation], [endTranslation], [startAdaptation], [endAdaptation], [startDischarge], [endDischarge], [plannedDubbing], [startDubbing], [endDubbing], [startMixage], [endMixage], [startMontage], [endMontage], [plannedUpload], [shipmentLowRes], [plannedShipment], [shipmentFinal], [status]) VALUES (130, 3, 10, 77, NULL, N'2016-04-27 00:00:00', NULL, NULL, NULL, NULL, NULL, NULL, NULL, NULL, NULL, NULL, NULL, NULL, NULL, NULL, NULL, NULL, NULL, NULL, NULL, N'04')
INSERT INTO [dbo].[orderTrnHdrs] ([orderTrnHdrIntno], [workIntno], [orderIntno], [episodeNo], [priority], [orderReceivedDate], [expectedDeliveryDate], [allowFirstDubbing], [startTranslation], [endTranslation], [startAdaptation], [endAdaptation], [startDischarge], [endDischarge], [plannedDubbing], [startDubbing], [endDubbing], [startMixage], [endMixage], [startMontage], [endMontage], [plannedUpload], [shipmentLowRes], [plannedShipment], [shipmentFinal], [status]) VALUES (131, 3, 10, 78, NULL, N'2016-04-27 00:00:00', NULL, NULL, NULL, NULL, NULL, NULL, NULL, NULL, NULL, NULL, NULL, NULL, NULL, NULL, NULL, NULL, NULL, NULL, NULL, N'04')
INSERT INTO [dbo].[orderTrnHdrs] ([orderTrnHdrIntno], [workIntno], [orderIntno], [episodeNo], [priority], [orderReceivedDate], [expectedDeliveryDate], [allowFirstDubbing], [startTranslation], [endTranslation], [startAdaptation], [endAdaptation], [startDischarge], [endDischarge], [plannedDubbing], [startDubbing], [endDubbing], [startMixage], [endMixage], [startMontage], [endMontage], [plannedUpload], [shipmentLowRes], [plannedShipment], [shipmentFinal], [status]) VALUES (132, 3, 10, 79, NULL, N'2016-04-27 00:00:00', NULL, NULL, NULL, NULL, NULL, NULL, NULL, NULL, NULL, NULL, NULL, NULL, NULL, NULL, NULL, NULL, NULL, NULL, NULL, N'04')
INSERT INTO [dbo].[orderTrnHdrs] ([orderTrnHdrIntno], [workIntno], [orderIntno], [episodeNo], [priority], [orderReceivedDate], [expectedDeliveryDate], [allowFirstDubbing], [startTranslation], [endTranslation], [startAdaptation], [endAdaptation], [startDischarge], [endDischarge], [plannedDubbing], [startDubbing], [endDubbing], [startMixage], [endMixage], [startMontage], [endMontage], [plannedUpload], [shipmentLowRes], [plannedShipment], [shipmentFinal], [status]) VALUES (133, 3, 10, 80, NULL, N'2016-04-27 00:00:00', NULL, NULL, NULL, NULL, NULL, NULL, NULL, NULL, NULL, NULL, NULL, NULL, NULL, NULL, NULL, NULL, NULL, NULL, NULL, N'04')
INSERT INTO [dbo].[orderTrnHdrs] ([orderTrnHdrIntno], [workIntno], [orderIntno], [episodeNo], [priority], [orderReceivedDate], [expectedDeliveryDate], [allowFirstDubbing], [startTranslation], [endTranslation], [startAdaptation], [endAdaptation], [startDischarge], [endDischarge], [plannedDubbing], [startDubbing], [endDubbing], [startMixage], [endMixage], [startMontage], [endMontage], [plannedUpload], [shipmentLowRes], [plannedShipment], [shipmentFinal], [status]) VALUES (134, 7, 12, 1, NULL, N'2016-04-28 00:00:00', NULL, NULL, NULL, NULL, NULL, NULL, NULL, NULL, NULL, NULL, NULL, NULL, NULL, NULL, NULL, NULL, NULL, NULL, NULL, N'04')
INSERT INTO [dbo].[orderTrnHdrs] ([orderTrnHdrIntno], [workIntno], [orderIntno], [episodeNo], [priority], [orderReceivedDate], [expectedDeliveryDate], [allowFirstDubbing], [startTranslation], [endTranslation], [startAdaptation], [endAdaptation], [startDischarge], [endDischarge], [plannedDubbing], [startDubbing], [endDubbing], [startMixage], [endMixage], [startMontage], [endMontage], [plannedUpload], [shipmentLowRes], [plannedShipment], [shipmentFinal], [status]) VALUES (135, 7, 12, 2, NULL, N'2016-04-28 00:00:00', NULL, NULL, NULL, NULL, NULL, NULL, NULL, NULL, NULL, NULL, NULL, NULL, NULL, NULL, NULL, NULL, NULL, NULL, NULL, N'04')
INSERT INTO [dbo].[orderTrnHdrs] ([orderTrnHdrIntno], [workIntno], [orderIntno], [episodeNo], [priority], [orderReceivedDate], [expectedDeliveryDate], [allowFirstDubbing], [startTranslation], [endTranslation], [startAdaptation], [endAdaptation], [startDischarge], [endDischarge], [plannedDubbing], [startDubbing], [endDubbing], [startMixage], [endMixage], [startMontage], [endMontage], [plannedUpload], [shipmentLowRes], [plannedShipment], [shipmentFinal], [status]) VALUES (136, 7, 12, 3, NULL, N'2016-04-28 00:00:00', NULL, NULL, NULL, NULL, NULL, NULL, NULL, NULL, NULL, NULL, NULL, NULL, NULL, NULL, NULL, NULL, NULL, NULL, NULL, N'04')
INSERT INTO [dbo].[orderTrnHdrs] ([orderTrnHdrIntno], [workIntno], [orderIntno], [episodeNo], [priority], [orderReceivedDate], [expectedDeliveryDate], [allowFirstDubbing], [startTranslation], [endTranslation], [startAdaptation], [endAdaptation], [startDischarge], [endDischarge], [plannedDubbing], [startDubbing], [endDubbing], [startMixage], [endMixage], [startMontage], [endMontage], [plannedUpload], [shipmentLowRes], [plannedShipment], [shipmentFinal], [status]) VALUES (137, 7, 12, 4, NULL, N'2016-04-28 00:00:00', NULL, NULL, NULL, NULL, NULL, NULL, NULL, NULL, NULL, NULL, NULL, NULL, NULL, NULL, NULL, NULL, NULL, NULL, NULL, N'04')
INSERT INTO [dbo].[orderTrnHdrs] ([orderTrnHdrIntno], [workIntno], [orderIntno], [episodeNo], [priority], [orderReceivedDate], [expectedDeliveryDate], [allowFirstDubbing], [startTranslation], [endTranslation], [startAdaptation], [endAdaptation], [startDischarge], [endDischarge], [plannedDubbing], [startDubbing], [endDubbing], [startMixage], [endMixage], [startMontage], [endMontage], [plannedUpload], [shipmentLowRes], [plannedShipment], [shipmentFinal], [status]) VALUES (138, 7, 12, 5, NULL, N'2016-04-28 00:00:00', NULL, NULL, NULL, NULL, NULL, NULL, NULL, NULL, NULL, NULL, NULL, NULL, NULL, NULL, NULL, NULL, NULL, NULL, NULL, N'04')
INSERT INTO [dbo].[orderTrnHdrs] ([orderTrnHdrIntno], [workIntno], [orderIntno], [episodeNo], [priority], [orderReceivedDate], [expectedDeliveryDate], [allowFirstDubbing], [startTranslation], [endTranslation], [startAdaptation], [endAdaptation], [startDischarge], [endDischarge], [plannedDubbing], [startDubbing], [endDubbing], [startMixage], [endMixage], [startMontage], [endMontage], [plannedUpload], [shipmentLowRes], [plannedShipment], [shipmentFinal], [status]) VALUES (139, 7, 12, 6, NULL, N'2016-04-28 00:00:00', NULL, NULL, NULL, NULL, NULL, NULL, NULL, NULL, NULL, NULL, NULL, NULL, NULL, NULL, NULL, NULL, NULL, NULL, NULL, N'04')
INSERT INTO [dbo].[orderTrnHdrs] ([orderTrnHdrIntno], [workIntno], [orderIntno], [episodeNo], [priority], [orderReceivedDate], [expectedDeliveryDate], [allowFirstDubbing], [startTranslation], [endTranslation], [startAdaptation], [endAdaptation], [startDischarge], [endDischarge], [plannedDubbing], [startDubbing], [endDubbing], [startMixage], [endMixage], [startMontage], [endMontage], [plannedUpload], [shipmentLowRes], [plannedShipment], [shipmentFinal], [status]) VALUES (140, 7, 12, 7, NULL, N'2016-04-28 00:00:00', NULL, NULL, NULL, NULL, NULL, NULL, NULL, NULL, NULL, NULL, NULL, NULL, NULL, NULL, NULL, NULL, NULL, NULL, NULL, N'04')
INSERT INTO [dbo].[orderTrnHdrs] ([orderTrnHdrIntno], [workIntno], [orderIntno], [episodeNo], [priority], [orderReceivedDate], [expectedDeliveryDate], [allowFirstDubbing], [startTranslation], [endTranslation], [startAdaptation], [endAdaptation], [startDischarge], [endDischarge], [plannedDubbing], [startDubbing], [endDubbing], [startMixage], [endMixage], [startMontage], [endMontage], [plannedUpload], [shipmentLowRes], [plannedShipment], [shipmentFinal], [status]) VALUES (141, 7, 12, 8, NULL, N'2016-04-28 00:00:00', NULL, NULL, NULL, NULL, NULL, NULL, NULL, NULL, NULL, NULL, NULL, NULL, NULL, NULL, NULL, NULL, NULL, NULL, NULL, N'04')
INSERT INTO [dbo].[orderTrnHdrs] ([orderTrnHdrIntno], [workIntno], [orderIntno], [episodeNo], [priority], [orderReceivedDate], [expectedDeliveryDate], [allowFirstDubbing], [startTranslation], [endTranslation], [startAdaptation], [endAdaptation], [startDischarge], [endDischarge], [plannedDubbing], [startDubbing], [endDubbing], [startMixage], [endMixage], [startMontage], [endMontage], [plannedUpload], [shipmentLowRes], [plannedShipment], [shipmentFinal], [status]) VALUES (142, 7, 12, 9, NULL, N'2016-04-28 00:00:00', NULL, NULL, NULL, NULL, NULL, NULL, NULL, NULL, NULL, NULL, NULL, NULL, NULL, NULL, NULL, NULL, NULL, NULL, NULL, N'04')
INSERT INTO [dbo].[orderTrnHdrs] ([orderTrnHdrIntno], [workIntno], [orderIntno], [episodeNo], [priority], [orderReceivedDate], [expectedDeliveryDate], [allowFirstDubbing], [startTranslation], [endTranslation], [startAdaptation], [endAdaptation], [startDischarge], [endDischarge], [plannedDubbing], [startDubbing], [endDubbing], [startMixage], [endMixage], [startMontage], [endMontage], [plannedUpload], [shipmentLowRes], [plannedShipment], [shipmentFinal], [status]) VALUES (143, 7, 12, 10, NULL, N'2016-04-28 00:00:00', NULL, NULL, NULL, NULL, NULL, NULL, NULL, NULL, NULL, NULL, NULL, NULL, NULL, NULL, NULL, NULL, NULL, NULL, NULL, N'04')
INSERT INTO [dbo].[orderTrnHdrs] ([orderTrnHdrIntno], [workIntno], [orderIntno], [episodeNo], [priority], [orderReceivedDate], [expectedDeliveryDate], [allowFirstDubbing], [startTranslation], [endTranslation], [startAdaptation], [endAdaptation], [startDischarge], [endDischarge], [plannedDubbing], [startDubbing], [endDubbing], [startMixage], [endMixage], [startMontage], [endMontage], [plannedUpload], [shipmentLowRes], [plannedShipment], [shipmentFinal], [status]) VALUES (144, 7, 12, 11, NULL, N'2016-04-28 00:00:00', NULL, NULL, NULL, NULL, NULL, NULL, NULL, NULL, NULL, NULL, NULL, NULL, NULL, NULL, NULL, NULL, NULL, NULL, NULL, N'04')
INSERT INTO [dbo].[orderTrnHdrs] ([orderTrnHdrIntno], [workIntno], [orderIntno], [episodeNo], [priority], [orderReceivedDate], [expectedDeliveryDate], [allowFirstDubbing], [startTranslation], [endTranslation], [startAdaptation], [endAdaptation], [startDischarge], [endDischarge], [plannedDubbing], [startDubbing], [endDubbing], [startMixage], [endMixage], [startMontage], [endMontage], [plannedUpload], [shipmentLowRes], [plannedShipment], [shipmentFinal], [status]) VALUES (145, 7, 12, 12, NULL, N'2016-04-28 00:00:00', NULL, NULL, NULL, NULL, NULL, NULL, NULL, NULL, NULL, NULL, NULL, NULL, NULL, NULL, NULL, NULL, NULL, NULL, NULL, N'04')
INSERT INTO [dbo].[orderTrnHdrs] ([orderTrnHdrIntno], [workIntno], [orderIntno], [episodeNo], [priority], [orderReceivedDate], [expectedDeliveryDate], [allowFirstDubbing], [startTranslation], [endTranslation], [startAdaptation], [endAdaptation], [startDischarge], [endDischarge], [plannedDubbing], [startDubbing], [endDubbing], [startMixage], [endMixage], [startMontage], [endMontage], [plannedUpload], [shipmentLowRes], [plannedShipment], [shipmentFinal], [status]) VALUES (146, 7, 12, 13, NULL, N'2016-04-28 00:00:00', NULL, NULL, NULL, NULL, NULL, NULL, NULL, NULL, NULL, NULL, NULL, NULL, NULL, NULL, NULL, NULL, NULL, NULL, NULL, N'04')
INSERT INTO [dbo].[orderTrnHdrs] ([orderTrnHdrIntno], [workIntno], [orderIntno], [episodeNo], [priority], [orderReceivedDate], [expectedDeliveryDate], [allowFirstDubbing], [startTranslation], [endTranslation], [startAdaptation], [endAdaptation], [startDischarge], [endDischarge], [plannedDubbing], [startDubbing], [endDubbing], [startMixage], [endMixage], [startMontage], [endMontage], [plannedUpload], [shipmentLowRes], [plannedShipment], [shipmentFinal], [status]) VALUES (147, 7, 12, 14, NULL, N'2016-04-28 00:00:00', NULL, NULL, NULL, NULL, NULL, NULL, NULL, NULL, NULL, NULL, NULL, NULL, NULL, NULL, NULL, NULL, NULL, NULL, NULL, N'04')
INSERT INTO [dbo].[orderTrnHdrs] ([orderTrnHdrIntno], [workIntno], [orderIntno], [episodeNo], [priority], [orderReceivedDate], [expectedDeliveryDate], [allowFirstDubbing], [startTranslation], [endTranslation], [startAdaptation], [endAdaptation], [startDischarge], [endDischarge], [plannedDubbing], [startDubbing], [endDubbing], [startMixage], [endMixage], [startMontage], [endMontage], [plannedUpload], [shipmentLowRes], [plannedShipment], [shipmentFinal], [status]) VALUES (148, 7, 12, 15, NULL, N'2016-04-28 00:00:00', NULL, NULL, NULL, NULL, NULL, NULL, NULL, NULL, NULL, NULL, NULL, NULL, NULL, NULL, NULL, NULL, NULL, NULL, NULL, N'04')
INSERT INTO [dbo].[orderTrnHdrs] ([orderTrnHdrIntno], [workIntno], [orderIntno], [episodeNo], [priority], [orderReceivedDate], [expectedDeliveryDate], [allowFirstDubbing], [startTranslation], [endTranslation], [startAdaptation], [endAdaptation], [startDischarge], [endDischarge], [plannedDubbing], [startDubbing], [endDubbing], [startMixage], [endMixage], [startMontage], [endMontage], [plannedUpload], [shipmentLowRes], [plannedShipment], [shipmentFinal], [status]) VALUES (149, 7, 12, 16, NULL, N'2016-04-28 00:00:00', NULL, NULL, NULL, NULL, NULL, NULL, NULL, NULL, NULL, NULL, NULL, NULL, NULL, NULL, NULL, NULL, NULL, NULL, NULL, N'04')
INSERT INTO [dbo].[orderTrnHdrs] ([orderTrnHdrIntno], [workIntno], [orderIntno], [episodeNo], [priority], [orderReceivedDate], [expectedDeliveryDate], [allowFirstDubbing], [startTranslation], [endTranslation], [startAdaptation], [endAdaptation], [startDischarge], [endDischarge], [plannedDubbing], [startDubbing], [endDubbing], [startMixage], [endMixage], [startMontage], [endMontage], [plannedUpload], [shipmentLowRes], [plannedShipment], [shipmentFinal], [status]) VALUES (150, 7, 12, 17, NULL, N'2016-04-28 00:00:00', NULL, NULL, NULL, NULL, NULL, NULL, NULL, NULL, NULL, NULL, NULL, NULL, NULL, NULL, NULL, NULL, NULL, NULL, NULL, N'04')
INSERT INTO [dbo].[orderTrnHdrs] ([orderTrnHdrIntno], [workIntno], [orderIntno], [episodeNo], [priority], [orderReceivedDate], [expectedDeliveryDate], [allowFirstDubbing], [startTranslation], [endTranslation], [startAdaptation], [endAdaptation], [startDischarge], [endDischarge], [plannedDubbing], [startDubbing], [endDubbing], [startMixage], [endMixage], [startMontage], [endMontage], [plannedUpload], [shipmentLowRes], [plannedShipment], [shipmentFinal], [status]) VALUES (151, 7, 12, 18, NULL, N'2016-04-28 00:00:00', NULL, NULL, NULL, NULL, NULL, NULL, NULL, NULL, NULL, NULL, NULL, NULL, NULL, NULL, NULL, NULL, NULL, NULL, NULL, N'04')
INSERT INTO [dbo].[orderTrnHdrs] ([orderTrnHdrIntno], [workIntno], [orderIntno], [episodeNo], [priority], [orderReceivedDate], [expectedDeliveryDate], [allowFirstDubbing], [startTranslation], [endTranslation], [startAdaptation], [endAdaptation], [startDischarge], [endDischarge], [plannedDubbing], [startDubbing], [endDubbing], [startMixage], [endMixage], [startMontage], [endMontage], [plannedUpload], [shipmentLowRes], [plannedShipment], [shipmentFinal], [status]) VALUES (152, 7, 12, 19, NULL, N'2016-04-28 00:00:00', NULL, NULL, NULL, NULL, NULL, NULL, NULL, NULL, NULL, NULL, NULL, NULL, NULL, NULL, NULL, NULL, NULL, NULL, NULL, N'04')
INSERT INTO [dbo].[orderTrnHdrs] ([orderTrnHdrIntno], [workIntno], [orderIntno], [episodeNo], [priority], [orderReceivedDate], [expectedDeliveryDate], [allowFirstDubbing], [startTranslation], [endTranslation], [startAdaptation], [endAdaptation], [startDischarge], [endDischarge], [plannedDubbing], [startDubbing], [endDubbing], [startMixage], [endMixage], [startMontage], [endMontage], [plannedUpload], [shipmentLowRes], [plannedShipment], [shipmentFinal], [status]) VALUES (153, 7, 12, 20, NULL, N'2016-04-28 00:00:00', NULL, NULL, NULL, NULL, NULL, NULL, NULL, NULL, NULL, NULL, NULL, NULL, NULL, NULL, NULL, NULL, NULL, NULL, NULL, N'04')
INSERT INTO [dbo].[orderTrnHdrs] ([orderTrnHdrIntno], [workIntno], [orderIntno], [episodeNo], [priority], [orderReceivedDate], [expectedDeliveryDate], [allowFirstDubbing], [startTranslation], [endTranslation], [startAdaptation], [endAdaptation], [startDischarge], [endDischarge], [plannedDubbing], [startDubbing], [endDubbing], [startMixage], [endMixage], [startMontage], [endMontage], [plannedUpload], [shipmentLowRes], [plannedShipment], [shipmentFinal], [status]) VALUES (154, 7, 12, 21, NULL, N'2016-04-28 00:00:00', NULL, NULL, NULL, NULL, NULL, NULL, NULL, NULL, NULL, NULL, NULL, NULL, NULL, NULL, NULL, NULL, NULL, NULL, NULL, N'04')
INSERT INTO [dbo].[orderTrnHdrs] ([orderTrnHdrIntno], [workIntno], [orderIntno], [episodeNo], [priority], [orderReceivedDate], [expectedDeliveryDate], [allowFirstDubbing], [startTranslation], [endTranslation], [startAdaptation], [endAdaptation], [startDischarge], [endDischarge], [plannedDubbing], [startDubbing], [endDubbing], [startMixage], [endMixage], [startMontage], [endMontage], [plannedUpload], [shipmentLowRes], [plannedShipment], [shipmentFinal], [status]) VALUES (155, 7, 12, 22, NULL, N'2016-04-28 00:00:00', NULL, NULL, NULL, NULL, NULL, NULL, NULL, NULL, NULL, NULL, NULL, NULL, NULL, NULL, NULL, NULL, NULL, NULL, NULL, N'04')
INSERT INTO [dbo].[orderTrnHdrs] ([orderTrnHdrIntno], [workIntno], [orderIntno], [episodeNo], [priority], [orderReceivedDate], [expectedDeliveryDate], [allowFirstDubbing], [startTranslation], [endTranslation], [startAdaptation], [endAdaptation], [startDischarge], [endDischarge], [plannedDubbing], [startDubbing], [endDubbing], [startMixage], [endMixage], [startMontage], [endMontage], [plannedUpload], [shipmentLowRes], [plannedShipment], [shipmentFinal], [status]) VALUES (156, 7, 12, 23, NULL, N'2016-04-28 00:00:00', NULL, NULL, NULL, NULL, NULL, NULL, NULL, NULL, NULL, NULL, NULL, NULL, NULL, NULL, NULL, NULL, NULL, NULL, NULL, N'04')
INSERT INTO [dbo].[orderTrnHdrs] ([orderTrnHdrIntno], [workIntno], [orderIntno], [episodeNo], [priority], [orderReceivedDate], [expectedDeliveryDate], [allowFirstDubbing], [startTranslation], [endTranslation], [startAdaptation], [endAdaptation], [startDischarge], [endDischarge], [plannedDubbing], [startDubbing], [endDubbing], [startMixage], [endMixage], [startMontage], [endMontage], [plannedUpload], [shipmentLowRes], [plannedShipment], [shipmentFinal], [status]) VALUES (157, 7, 12, 24, NULL, N'2016-04-28 00:00:00', NULL, NULL, NULL, NULL, NULL, NULL, NULL, NULL, NULL, NULL, NULL, NULL, NULL, NULL, NULL, NULL, NULL, NULL, NULL, N'04')
INSERT INTO [dbo].[orderTrnHdrs] ([orderTrnHdrIntno], [workIntno], [orderIntno], [episodeNo], [priority], [orderReceivedDate], [expectedDeliveryDate], [allowFirstDubbing], [startTranslation], [endTranslation], [startAdaptation], [endAdaptation], [startDischarge], [endDischarge], [plannedDubbing], [startDubbing], [endDubbing], [startMixage], [endMixage], [startMontage], [endMontage], [plannedUpload], [shipmentLowRes], [plannedShipment], [shipmentFinal], [status]) VALUES (158, 7, 12, 25, NULL, N'2016-04-28 00:00:00', NULL, NULL, NULL, NULL, NULL, NULL, NULL, NULL, NULL, NULL, NULL, NULL, NULL, NULL, NULL, NULL, NULL, NULL, NULL, N'04')
INSERT INTO [dbo].[orderTrnHdrs] ([orderTrnHdrIntno], [workIntno], [orderIntno], [episodeNo], [priority], [orderReceivedDate], [expectedDeliveryDate], [allowFirstDubbing], [startTranslation], [endTranslation], [startAdaptation], [endAdaptation], [startDischarge], [endDischarge], [plannedDubbing], [startDubbing], [endDubbing], [startMixage], [endMixage], [startMontage], [endMontage], [plannedUpload], [shipmentLowRes], [plannedShipment], [shipmentFinal], [status]) VALUES (159, 7, 12, 26, NULL, N'2016-04-28 00:00:00', NULL, NULL, NULL, NULL, NULL, NULL, NULL, NULL, NULL, NULL, NULL, NULL, NULL, NULL, NULL, NULL, NULL, NULL, NULL, N'04')
INSERT INTO [dbo].[orderTrnHdrs] ([orderTrnHdrIntno], [workIntno], [orderIntno], [episodeNo], [priority], [orderReceivedDate], [expectedDeliveryDate], [allowFirstDubbing], [startTranslation], [endTranslation], [startAdaptation], [endAdaptation], [startDischarge], [endDischarge], [plannedDubbing], [startDubbing], [endDubbing], [startMixage], [endMixage], [startMontage], [endMontage], [plannedUpload], [shipmentLowRes], [plannedShipment], [shipmentFinal], [status]) VALUES (160, 7, 12, 27, NULL, N'2016-04-28 00:00:00', NULL, NULL, NULL, NULL, NULL, NULL, NULL, NULL, NULL, NULL, NULL, NULL, NULL, NULL, NULL, NULL, NULL, NULL, NULL, N'04')
INSERT INTO [dbo].[orderTrnHdrs] ([orderTrnHdrIntno], [workIntno], [orderIntno], [episodeNo], [priority], [orderReceivedDate], [expectedDeliveryDate], [allowFirstDubbing], [startTranslation], [endTranslation], [startAdaptation], [endAdaptation], [startDischarge], [endDischarge], [plannedDubbing], [startDubbing], [endDubbing], [startMixage], [endMixage], [startMontage], [endMontage], [plannedUpload], [shipmentLowRes], [plannedShipment], [shipmentFinal], [status]) VALUES (161, 7, 12, 28, NULL, N'2016-04-28 00:00:00', NULL, NULL, NULL, NULL, NULL, NULL, NULL, NULL, NULL, NULL, NULL, NULL, NULL, NULL, NULL, NULL, NULL, NULL, NULL, N'04')
INSERT INTO [dbo].[orderTrnHdrs] ([orderTrnHdrIntno], [workIntno], [orderIntno], [episodeNo], [priority], [orderReceivedDate], [expectedDeliveryDate], [allowFirstDubbing], [startTranslation], [endTranslation], [startAdaptation], [endAdaptation], [startDischarge], [endDischarge], [plannedDubbing], [startDubbing], [endDubbing], [startMixage], [endMixage], [startMontage], [endMontage], [plannedUpload], [shipmentLowRes], [plannedShipment], [shipmentFinal], [status]) VALUES (162, 7, 12, 29, NULL, N'2016-04-28 00:00:00', NULL, NULL, NULL, NULL, NULL, NULL, NULL, NULL, NULL, NULL, NULL, NULL, NULL, NULL, NULL, NULL, NULL, NULL, NULL, N'04')
INSERT INTO [dbo].[orderTrnHdrs] ([orderTrnHdrIntno], [workIntno], [orderIntno], [episodeNo], [priority], [orderReceivedDate], [expectedDeliveryDate], [allowFirstDubbing], [startTranslation], [endTranslation], [startAdaptation], [endAdaptation], [startDischarge], [endDischarge], [plannedDubbing], [startDubbing], [endDubbing], [startMixage], [endMixage], [startMontage], [endMontage], [plannedUpload], [shipmentLowRes], [plannedShipment], [shipmentFinal], [status]) VALUES (163, 7, 12, 30, NULL, N'2016-04-28 00:00:00', NULL, NULL, NULL, NULL, NULL, NULL, NULL, NULL, NULL, NULL, NULL, NULL, NULL, NULL, NULL, NULL, NULL, NULL, NULL, N'04')
INSERT INTO [dbo].[orderTrnHdrs] ([orderTrnHdrIntno], [workIntno], [orderIntno], [episodeNo], [priority], [orderReceivedDate], [expectedDeliveryDate], [allowFirstDubbing], [startTranslation], [endTranslation], [startAdaptation], [endAdaptation], [startDischarge], [endDischarge], [plannedDubbing], [startDubbing], [endDubbing], [startMixage], [endMixage], [startMontage], [endMontage], [plannedUpload], [shipmentLowRes], [plannedShipment], [shipmentFinal], [status]) VALUES (164, 7, 12, 31, NULL, N'2016-04-28 00:00:00', NULL, NULL, NULL, NULL, NULL, NULL, NULL, NULL, NULL, NULL, NULL, NULL, NULL, NULL, NULL, NULL, NULL, NULL, NULL, N'04')
INSERT INTO [dbo].[orderTrnHdrs] ([orderTrnHdrIntno], [workIntno], [orderIntno], [episodeNo], [priority], [orderReceivedDate], [expectedDeliveryDate], [allowFirstDubbing], [startTranslation], [endTranslation], [startAdaptation], [endAdaptation], [startDischarge], [endDischarge], [plannedDubbing], [startDubbing], [endDubbing], [startMixage], [endMixage], [startMontage], [endMontage], [plannedUpload], [shipmentLowRes], [plannedShipment], [shipmentFinal], [status]) VALUES (165, 7, 12, 32, NULL, N'2016-04-28 00:00:00', NULL, NULL, NULL, NULL, NULL, NULL, NULL, NULL, NULL, NULL, NULL, NULL, NULL, NULL, NULL, NULL, NULL, NULL, NULL, N'04')
INSERT INTO [dbo].[orderTrnHdrs] ([orderTrnHdrIntno], [workIntno], [orderIntno], [episodeNo], [priority], [orderReceivedDate], [expectedDeliveryDate], [allowFirstDubbing], [startTranslation], [endTranslation], [startAdaptation], [endAdaptation], [startDischarge], [endDischarge], [plannedDubbing], [startDubbing], [endDubbing], [startMixage], [endMixage], [startMontage], [endMontage], [plannedUpload], [shipmentLowRes], [plannedShipment], [shipmentFinal], [status]) VALUES (166, 7, 12, 33, NULL, N'2016-04-28 00:00:00', NULL, NULL, NULL, NULL, NULL, NULL, NULL, NULL, NULL, NULL, NULL, NULL, NULL, NULL, NULL, NULL, NULL, NULL, NULL, N'04')
INSERT INTO [dbo].[orderTrnHdrs] ([orderTrnHdrIntno], [workIntno], [orderIntno], [episodeNo], [priority], [orderReceivedDate], [expectedDeliveryDate], [allowFirstDubbing], [startTranslation], [endTranslation], [startAdaptation], [endAdaptation], [startDischarge], [endDischarge], [plannedDubbing], [startDubbing], [endDubbing], [startMixage], [endMixage], [startMontage], [endMontage], [plannedUpload], [shipmentLowRes], [plannedShipment], [shipmentFinal], [status]) VALUES (167, 7, 12, 34, NULL, N'2016-04-28 00:00:00', NULL, NULL, NULL, NULL, NULL, NULL, NULL, NULL, NULL, NULL, NULL, NULL, NULL, NULL, NULL, NULL, NULL, NULL, NULL, N'04')
INSERT INTO [dbo].[orderTrnHdrs] ([orderTrnHdrIntno], [workIntno], [orderIntno], [episodeNo], [priority], [orderReceivedDate], [expectedDeliveryDate], [allowFirstDubbing], [startTranslation], [endTranslation], [startAdaptation], [endAdaptation], [startDischarge], [endDischarge], [plannedDubbing], [startDubbing], [endDubbing], [startMixage], [endMixage], [startMontage], [endMontage], [plannedUpload], [shipmentLowRes], [plannedShipment], [shipmentFinal], [status]) VALUES (168, 7, 12, 35, NULL, N'2016-04-28 00:00:00', NULL, NULL, NULL, NULL, NULL, NULL, NULL, NULL, NULL, NULL, NULL, NULL, NULL, NULL, NULL, NULL, NULL, NULL, NULL, N'04')
INSERT INTO [dbo].[orderTrnHdrs] ([orderTrnHdrIntno], [workIntno], [orderIntno], [episodeNo], [priority], [orderReceivedDate], [expectedDeliveryDate], [allowFirstDubbing], [startTranslation], [endTranslation], [startAdaptation], [endAdaptation], [startDischarge], [endDischarge], [plannedDubbing], [startDubbing], [endDubbing], [startMixage], [endMixage], [startMontage], [endMontage], [plannedUpload], [shipmentLowRes], [plannedShipment], [shipmentFinal], [status]) VALUES (169, 7, 12, 36, NULL, N'2016-04-28 00:00:00', NULL, NULL, NULL, NULL, NULL, NULL, NULL, NULL, NULL, NULL, NULL, NULL, NULL, NULL, NULL, NULL, NULL, NULL, NULL, N'04')
INSERT INTO [dbo].[orderTrnHdrs] ([orderTrnHdrIntno], [workIntno], [orderIntno], [episodeNo], [priority], [orderReceivedDate], [expectedDeliveryDate], [allowFirstDubbing], [startTranslation], [endTranslation], [startAdaptation], [endAdaptation], [startDischarge], [endDischarge], [plannedDubbing], [startDubbing], [endDubbing], [startMixage], [endMixage], [startMontage], [endMontage], [plannedUpload], [shipmentLowRes], [plannedShipment], [shipmentFinal], [status]) VALUES (170, 7, 12, 37, NULL, N'2016-04-28 00:00:00', NULL, NULL, NULL, NULL, NULL, NULL, NULL, NULL, NULL, NULL, NULL, NULL, NULL, NULL, NULL, NULL, NULL, NULL, NULL, N'04')
INSERT INTO [dbo].[orderTrnHdrs] ([orderTrnHdrIntno], [workIntno], [orderIntno], [episodeNo], [priority], [orderReceivedDate], [expectedDeliveryDate], [allowFirstDubbing], [startTranslation], [endTranslation], [startAdaptation], [endAdaptation], [startDischarge], [endDischarge], [plannedDubbing], [startDubbing], [endDubbing], [startMixage], [endMixage], [startMontage], [endMontage], [plannedUpload], [shipmentLowRes], [plannedShipment], [shipmentFinal], [status]) VALUES (171, 7, 12, 38, NULL, N'2016-04-28 00:00:00', NULL, NULL, NULL, NULL, NULL, NULL, NULL, NULL, NULL, NULL, NULL, NULL, NULL, NULL, NULL, NULL, NULL, NULL, NULL, N'04')
INSERT INTO [dbo].[orderTrnHdrs] ([orderTrnHdrIntno], [workIntno], [orderIntno], [episodeNo], [priority], [orderReceivedDate], [expectedDeliveryDate], [allowFirstDubbing], [startTranslation], [endTranslation], [startAdaptation], [endAdaptation], [startDischarge], [endDischarge], [plannedDubbing], [startDubbing], [endDubbing], [startMixage], [endMixage], [startMontage], [endMontage], [plannedUpload], [shipmentLowRes], [plannedShipment], [shipmentFinal], [status]) VALUES (172, 7, 12, 39, NULL, N'2016-04-28 00:00:00', NULL, NULL, NULL, NULL, NULL, NULL, NULL, NULL, NULL, NULL, NULL, NULL, NULL, NULL, NULL, NULL, NULL, NULL, NULL, N'04')
INSERT INTO [dbo].[orderTrnHdrs] ([orderTrnHdrIntno], [workIntno], [orderIntno], [episodeNo], [priority], [orderReceivedDate], [expectedDeliveryDate], [allowFirstDubbing], [startTranslation], [endTranslation], [startAdaptation], [endAdaptation], [startDischarge], [endDischarge], [plannedDubbing], [startDubbing], [endDubbing], [startMixage], [endMixage], [startMontage], [endMontage], [plannedUpload], [shipmentLowRes], [plannedShipment], [shipmentFinal], [status]) VALUES (173, 7, 12, 40, NULL, N'2016-04-28 00:00:00', NULL, NULL, NULL, NULL, NULL, NULL, NULL, NULL, NULL, NULL, NULL, NULL, NULL, NULL, NULL, NULL, NULL, NULL, NULL, N'04')
INSERT INTO [dbo].[orderTrnHdrs] ([orderTrnHdrIntno], [workIntno], [orderIntno], [episodeNo], [priority], [orderReceivedDate], [expectedDeliveryDate], [allowFirstDubbing], [startTranslation], [endTranslation], [startAdaptation], [endAdaptation], [startDischarge], [endDischarge], [plannedDubbing], [startDubbing], [endDubbing], [startMixage], [endMixage], [startMontage], [endMontage], [plannedUpload], [shipmentLowRes], [plannedShipment], [shipmentFinal], [status]) VALUES (174, 7, 12, 41, NULL, N'2016-04-28 00:00:00', NULL, NULL, NULL, NULL, NULL, NULL, NULL, NULL, NULL, NULL, NULL, NULL, NULL, NULL, NULL, NULL, NULL, NULL, NULL, N'04')
INSERT INTO [dbo].[orderTrnHdrs] ([orderTrnHdrIntno], [workIntno], [orderIntno], [episodeNo], [priority], [orderReceivedDate], [expectedDeliveryDate], [allowFirstDubbing], [startTranslation], [endTranslation], [startAdaptation], [endAdaptation], [startDischarge], [endDischarge], [plannedDubbing], [startDubbing], [endDubbing], [startMixage], [endMixage], [startMontage], [endMontage], [plannedUpload], [shipmentLowRes], [plannedShipment], [shipmentFinal], [status]) VALUES (175, 7, 12, 42, NULL, N'2016-04-28 00:00:00', NULL, NULL, NULL, NULL, NULL, NULL, NULL, NULL, NULL, NULL, NULL, NULL, NULL, NULL, NULL, NULL, NULL, NULL, NULL, N'04')
INSERT INTO [dbo].[orderTrnHdrs] ([orderTrnHdrIntno], [workIntno], [orderIntno], [episodeNo], [priority], [orderReceivedDate], [expectedDeliveryDate], [allowFirstDubbing], [startTranslation], [endTranslation], [startAdaptation], [endAdaptation], [startDischarge], [endDischarge], [plannedDubbing], [startDubbing], [endDubbing], [startMixage], [endMixage], [startMontage], [endMontage], [plannedUpload], [shipmentLowRes], [plannedShipment], [shipmentFinal], [status]) VALUES (176, 7, 12, 43, NULL, N'2016-04-28 00:00:00', NULL, NULL, NULL, NULL, NULL, NULL, NULL, NULL, NULL, NULL, NULL, NULL, NULL, NULL, NULL, NULL, NULL, NULL, NULL, N'04')
INSERT INTO [dbo].[orderTrnHdrs] ([orderTrnHdrIntno], [workIntno], [orderIntno], [episodeNo], [priority], [orderReceivedDate], [expectedDeliveryDate], [allowFirstDubbing], [startTranslation], [endTranslation], [startAdaptation], [endAdaptation], [startDischarge], [endDischarge], [plannedDubbing], [startDubbing], [endDubbing], [startMixage], [endMixage], [startMontage], [endMontage], [plannedUpload], [shipmentLowRes], [plannedShipment], [shipmentFinal], [status]) VALUES (177, 7, 12, 44, NULL, N'2016-04-28 00:00:00', NULL, NULL, NULL, NULL, NULL, NULL, NULL, NULL, NULL, NULL, NULL, NULL, NULL, NULL, NULL, NULL, NULL, NULL, NULL, N'04')
INSERT INTO [dbo].[orderTrnHdrs] ([orderTrnHdrIntno], [workIntno], [orderIntno], [episodeNo], [priority], [orderReceivedDate], [expectedDeliveryDate], [allowFirstDubbing], [startTranslation], [endTranslation], [startAdaptation], [endAdaptation], [startDischarge], [endDischarge], [plannedDubbing], [startDubbing], [endDubbing], [startMixage], [endMixage], [startMontage], [endMontage], [plannedUpload], [shipmentLowRes], [plannedShipment], [shipmentFinal], [status]) VALUES (178, 7, 12, 45, NULL, N'2016-04-28 00:00:00', NULL, NULL, NULL, NULL, NULL, NULL, NULL, NULL, NULL, NULL, NULL, NULL, NULL, NULL, NULL, NULL, NULL, NULL, NULL, N'04')
INSERT INTO [dbo].[orderTrnHdrs] ([orderTrnHdrIntno], [workIntno], [orderIntno], [episodeNo], [priority], [orderReceivedDate], [expectedDeliveryDate], [allowFirstDubbing], [startTranslation], [endTranslation], [startAdaptation], [endAdaptation], [startDischarge], [endDischarge], [plannedDubbing], [startDubbing], [endDubbing], [startMixage], [endMixage], [startMontage], [endMontage], [plannedUpload], [shipmentLowRes], [plannedShipment], [shipmentFinal], [status]) VALUES (179, 7, 12, 46, NULL, N'2016-04-28 00:00:00', NULL, NULL, NULL, NULL, NULL, NULL, NULL, NULL, NULL, NULL, NULL, NULL, NULL, NULL, NULL, NULL, NULL, NULL, NULL, N'04')
INSERT INTO [dbo].[orderTrnHdrs] ([orderTrnHdrIntno], [workIntno], [orderIntno], [episodeNo], [priority], [orderReceivedDate], [expectedDeliveryDate], [allowFirstDubbing], [startTranslation], [endTranslation], [startAdaptation], [endAdaptation], [startDischarge], [endDischarge], [plannedDubbing], [startDubbing], [endDubbing], [startMixage], [endMixage], [startMontage], [endMontage], [plannedUpload], [shipmentLowRes], [plannedShipment], [shipmentFinal], [status]) VALUES (180, 7, 12, 47, NULL, N'2016-04-28 00:00:00', NULL, NULL, NULL, NULL, NULL, NULL, NULL, NULL, NULL, NULL, NULL, NULL, NULL, NULL, NULL, NULL, NULL, NULL, NULL, N'04')
INSERT INTO [dbo].[orderTrnHdrs] ([orderTrnHdrIntno], [workIntno], [orderIntno], [episodeNo], [priority], [orderReceivedDate], [expectedDeliveryDate], [allowFirstDubbing], [startTranslation], [endTranslation], [startAdaptation], [endAdaptation], [startDischarge], [endDischarge], [plannedDubbing], [startDubbing], [endDubbing], [startMixage], [endMixage], [startMontage], [endMontage], [plannedUpload], [shipmentLowRes], [plannedShipment], [shipmentFinal], [status]) VALUES (181, 7, 12, 48, NULL, N'2016-04-28 00:00:00', NULL, NULL, NULL, NULL, NULL, NULL, NULL, NULL, NULL, NULL, NULL, NULL, NULL, NULL, NULL, NULL, NULL, NULL, NULL, N'04')
INSERT INTO [dbo].[orderTrnHdrs] ([orderTrnHdrIntno], [workIntno], [orderIntno], [episodeNo], [priority], [orderReceivedDate], [expectedDeliveryDate], [allowFirstDubbing], [startTranslation], [endTranslation], [startAdaptation], [endAdaptation], [startDischarge], [endDischarge], [plannedDubbing], [startDubbing], [endDubbing], [startMixage], [endMixage], [startMontage], [endMontage], [plannedUpload], [shipmentLowRes], [plannedShipment], [shipmentFinal], [status]) VALUES (182, 7, 12, 49, NULL, N'2016-04-28 00:00:00', NULL, NULL, NULL, NULL, NULL, NULL, NULL, NULL, NULL, NULL, NULL, NULL, NULL, NULL, NULL, NULL, NULL, NULL, NULL, N'04')
INSERT INTO [dbo].[orderTrnHdrs] ([orderTrnHdrIntno], [workIntno], [orderIntno], [episodeNo], [priority], [orderReceivedDate], [expectedDeliveryDate], [allowFirstDubbing], [startTranslation], [endTranslation], [startAdaptation], [endAdaptation], [startDischarge], [endDischarge], [plannedDubbing], [startDubbing], [endDubbing], [startMixage], [endMixage], [startMontage], [endMontage], [plannedUpload], [shipmentLowRes], [plannedShipment], [shipmentFinal], [status]) VALUES (183, 7, 12, 50, NULL, N'2016-04-28 00:00:00', NULL, NULL, NULL, NULL, NULL, NULL, NULL, NULL, NULL, NULL, NULL, NULL, NULL, NULL, NULL, NULL, NULL, NULL, NULL, N'04')
INSERT INTO [dbo].[orderTrnHdrs] ([orderTrnHdrIntno], [workIntno], [orderIntno], [episodeNo], [priority], [orderReceivedDate], [expectedDeliveryDate], [allowFirstDubbing], [startTranslation], [endTranslation], [startAdaptation], [endAdaptation], [startDischarge], [endDischarge], [plannedDubbing], [startDubbing], [endDubbing], [startMixage], [endMixage], [startMontage], [endMontage], [plannedUpload], [shipmentLowRes], [plannedShipment], [shipmentFinal], [status]) VALUES (184, 7, 12, 51, NULL, N'2016-04-28 00:00:00', NULL, NULL, NULL, NULL, NULL, NULL, NULL, NULL, NULL, NULL, NULL, NULL, NULL, NULL, NULL, NULL, NULL, NULL, NULL, N'04')
INSERT INTO [dbo].[orderTrnHdrs] ([orderTrnHdrIntno], [workIntno], [orderIntno], [episodeNo], [priority], [orderReceivedDate], [expectedDeliveryDate], [allowFirstDubbing], [startTranslation], [endTranslation], [startAdaptation], [endAdaptation], [startDischarge], [endDischarge], [plannedDubbing], [startDubbing], [endDubbing], [startMixage], [endMixage], [startMontage], [endMontage], [plannedUpload], [shipmentLowRes], [plannedShipment], [shipmentFinal], [status]) VALUES (185, 7, 12, 52, NULL, N'2016-04-28 00:00:00', NULL, NULL, NULL, NULL, NULL, NULL, NULL, NULL, NULL, NULL, NULL, NULL, NULL, NULL, NULL, NULL, NULL, NULL, NULL, N'04')
INSERT INTO [dbo].[orderTrnHdrs] ([orderTrnHdrIntno], [workIntno], [orderIntno], [episodeNo], [priority], [orderReceivedDate], [expectedDeliveryDate], [allowFirstDubbing], [startTranslation], [endTranslation], [startAdaptation], [endAdaptation], [startDischarge], [endDischarge], [plannedDubbing], [startDubbing], [endDubbing], [startMixage], [endMixage], [startMontage], [endMontage], [plannedUpload], [shipmentLowRes], [plannedShipment], [shipmentFinal], [status]) VALUES (186, 7, 12, 53, NULL, N'2016-04-28 00:00:00', NULL, NULL, NULL, NULL, NULL, NULL, NULL, NULL, NULL, NULL, NULL, NULL, NULL, NULL, NULL, NULL, NULL, NULL, NULL, N'04')
INSERT INTO [dbo].[orderTrnHdrs] ([orderTrnHdrIntno], [workIntno], [orderIntno], [episodeNo], [priority], [orderReceivedDate], [expectedDeliveryDate], [allowFirstDubbing], [startTranslation], [endTranslation], [startAdaptation], [endAdaptation], [startDischarge], [endDischarge], [plannedDubbing], [startDubbing], [endDubbing], [startMixage], [endMixage], [startMontage], [endMontage], [plannedUpload], [shipmentLowRes], [plannedShipment], [shipmentFinal], [status]) VALUES (187, 7, 12, 54, NULL, N'2016-04-28 00:00:00', NULL, NULL, NULL, NULL, NULL, NULL, NULL, NULL, NULL, NULL, NULL, NULL, NULL, NULL, NULL, NULL, NULL, NULL, NULL, N'04')
INSERT INTO [dbo].[orderTrnHdrs] ([orderTrnHdrIntno], [workIntno], [orderIntno], [episodeNo], [priority], [orderReceivedDate], [expectedDeliveryDate], [allowFirstDubbing], [startTranslation], [endTranslation], [startAdaptation], [endAdaptation], [startDischarge], [endDischarge], [plannedDubbing], [startDubbing], [endDubbing], [startMixage], [endMixage], [startMontage], [endMontage], [plannedUpload], [shipmentLowRes], [plannedShipment], [shipmentFinal], [status]) VALUES (188, 7, 12, 55, NULL, N'2016-04-28 00:00:00', NULL, NULL, NULL, NULL, NULL, NULL, NULL, NULL, NULL, NULL, NULL, NULL, NULL, NULL, NULL, NULL, NULL, NULL, NULL, N'04')
INSERT INTO [dbo].[orderTrnHdrs] ([orderTrnHdrIntno], [workIntno], [orderIntno], [episodeNo], [priority], [orderReceivedDate], [expectedDeliveryDate], [allowFirstDubbing], [startTranslation], [endTranslation], [startAdaptation], [endAdaptation], [startDischarge], [endDischarge], [plannedDubbing], [startDubbing], [endDubbing], [startMixage], [endMixage], [startMontage], [endMontage], [plannedUpload], [shipmentLowRes], [plannedShipment], [shipmentFinal], [status]) VALUES (189, 7, 12, 56, NULL, N'2016-04-28 00:00:00', NULL, NULL, NULL, NULL, NULL, NULL, NULL, NULL, NULL, NULL, NULL, NULL, NULL, NULL, NULL, NULL, NULL, NULL, NULL, N'04')
INSERT INTO [dbo].[orderTrnHdrs] ([orderTrnHdrIntno], [workIntno], [orderIntno], [episodeNo], [priority], [orderReceivedDate], [expectedDeliveryDate], [allowFirstDubbing], [startTranslation], [endTranslation], [startAdaptation], [endAdaptation], [startDischarge], [endDischarge], [plannedDubbing], [startDubbing], [endDubbing], [startMixage], [endMixage], [startMontage], [endMontage], [plannedUpload], [shipmentLowRes], [plannedShipment], [shipmentFinal], [status]) VALUES (190, 7, 12, 57, NULL, N'2016-04-28 00:00:00', NULL, NULL, NULL, NULL, NULL, NULL, NULL, NULL, NULL, NULL, NULL, NULL, NULL, NULL, NULL, NULL, NULL, NULL, NULL, N'04')
INSERT INTO [dbo].[orderTrnHdrs] ([orderTrnHdrIntno], [workIntno], [orderIntno], [episodeNo], [priority], [orderReceivedDate], [expectedDeliveryDate], [allowFirstDubbing], [startTranslation], [endTranslation], [startAdaptation], [endAdaptation], [startDischarge], [endDischarge], [plannedDubbing], [startDubbing], [endDubbing], [startMixage], [endMixage], [startMontage], [endMontage], [plannedUpload], [shipmentLowRes], [plannedShipment], [shipmentFinal], [status]) VALUES (191, 7, 12, 58, NULL, N'2016-04-28 00:00:00', NULL, NULL, NULL, NULL, NULL, NULL, NULL, NULL, NULL, NULL, NULL, NULL, NULL, NULL, NULL, NULL, NULL, NULL, NULL, N'04')
INSERT INTO [dbo].[orderTrnHdrs] ([orderTrnHdrIntno], [workIntno], [orderIntno], [episodeNo], [priority], [orderReceivedDate], [expectedDeliveryDate], [allowFirstDubbing], [startTranslation], [endTranslation], [startAdaptation], [endAdaptation], [startDischarge], [endDischarge], [plannedDubbing], [startDubbing], [endDubbing], [startMixage], [endMixage], [startMontage], [endMontage], [plannedUpload], [shipmentLowRes], [plannedShipment], [shipmentFinal], [status]) VALUES (192, 7, 12, 59, NULL, N'2016-04-28 00:00:00', NULL, NULL, NULL, NULL, NULL, NULL, NULL, NULL, NULL, NULL, NULL, NULL, NULL, NULL, NULL, NULL, NULL, NULL, NULL, N'04')
INSERT INTO [dbo].[orderTrnHdrs] ([orderTrnHdrIntno], [workIntno], [orderIntno], [episodeNo], [priority], [orderReceivedDate], [expectedDeliveryDate], [allowFirstDubbing], [startTranslation], [endTranslation], [startAdaptation], [endAdaptation], [startDischarge], [endDischarge], [plannedDubbing], [startDubbing], [endDubbing], [startMixage], [endMixage], [startMontage], [endMontage], [plannedUpload], [shipmentLowRes], [plannedShipment], [shipmentFinal], [status]) VALUES (193, 7, 12, 60, NULL, N'2016-04-28 00:00:00', NULL, NULL, NULL, NULL, NULL, NULL, NULL, NULL, NULL, NULL, NULL, NULL, NULL, NULL, NULL, NULL, NULL, NULL, NULL, N'04')
INSERT INTO [dbo].[orderTrnHdrs] ([orderTrnHdrIntno], [workIntno], [orderIntno], [episodeNo], [priority], [orderReceivedDate], [expectedDeliveryDate], [allowFirstDubbing], [startTranslation], [endTranslation], [startAdaptation], [endAdaptation], [startDischarge], [endDischarge], [plannedDubbing], [startDubbing], [endDubbing], [startMixage], [endMixage], [startMontage], [endMontage], [plannedUpload], [shipmentLowRes], [plannedShipment], [shipmentFinal], [status]) VALUES (194, 7, 12, 61, NULL, N'2016-04-28 00:00:00', NULL, NULL, NULL, NULL, NULL, NULL, NULL, NULL, NULL, NULL, NULL, NULL, NULL, NULL, NULL, NULL, NULL, NULL, NULL, N'04')
INSERT INTO [dbo].[orderTrnHdrs] ([orderTrnHdrIntno], [workIntno], [orderIntno], [episodeNo], [priority], [orderReceivedDate], [expectedDeliveryDate], [allowFirstDubbing], [startTranslation], [endTranslation], [startAdaptation], [endAdaptation], [startDischarge], [endDischarge], [plannedDubbing], [startDubbing], [endDubbing], [startMixage], [endMixage], [startMontage], [endMontage], [plannedUpload], [shipmentLowRes], [plannedShipment], [shipmentFinal], [status]) VALUES (195, 7, 12, 62, NULL, N'2016-04-28 00:00:00', NULL, NULL, NULL, NULL, NULL, NULL, NULL, NULL, NULL, NULL, NULL, NULL, NULL, NULL, NULL, NULL, NULL, NULL, NULL, N'04')
INSERT INTO [dbo].[orderTrnHdrs] ([orderTrnHdrIntno], [workIntno], [orderIntno], [episodeNo], [priority], [orderReceivedDate], [expectedDeliveryDate], [allowFirstDubbing], [startTranslation], [endTranslation], [startAdaptation], [endAdaptation], [startDischarge], [endDischarge], [plannedDubbing], [startDubbing], [endDubbing], [startMixage], [endMixage], [startMontage], [endMontage], [plannedUpload], [shipmentLowRes], [plannedShipment], [shipmentFinal], [status]) VALUES (196, 7, 12, 63, NULL, N'2016-04-28 00:00:00', NULL, NULL, NULL, NULL, NULL, NULL, NULL, NULL, NULL, NULL, NULL, NULL, NULL, NULL, NULL, NULL, NULL, NULL, NULL, N'04')
INSERT INTO [dbo].[orderTrnHdrs] ([orderTrnHdrIntno], [workIntno], [orderIntno], [episodeNo], [priority], [orderReceivedDate], [expectedDeliveryDate], [allowFirstDubbing], [startTranslation], [endTranslation], [startAdaptation], [endAdaptation], [startDischarge], [endDischarge], [plannedDubbing], [startDubbing], [endDubbing], [startMixage], [endMixage], [startMontage], [endMontage], [plannedUpload], [shipmentLowRes], [plannedShipment], [shipmentFinal], [status]) VALUES (197, 7, 12, 64, NULL, N'2016-04-28 00:00:00', NULL, NULL, NULL, NULL, NULL, NULL, NULL, NULL, NULL, NULL, NULL, NULL, NULL, NULL, NULL, NULL, NULL, NULL, NULL, N'04')
INSERT INTO [dbo].[orderTrnHdrs] ([orderTrnHdrIntno], [workIntno], [orderIntno], [episodeNo], [priority], [orderReceivedDate], [expectedDeliveryDate], [allowFirstDubbing], [startTranslation], [endTranslation], [startAdaptation], [endAdaptation], [startDischarge], [endDischarge], [plannedDubbing], [startDubbing], [endDubbing], [startMixage], [endMixage], [startMontage], [endMontage], [plannedUpload], [shipmentLowRes], [plannedShipment], [shipmentFinal], [status]) VALUES (198, 7, 12, 65, NULL, N'2016-04-28 00:00:00', NULL, NULL, NULL, NULL, NULL, NULL, NULL, NULL, NULL, NULL, NULL, NULL, NULL, NULL, NULL, NULL, NULL, NULL, NULL, N'04')
INSERT INTO [dbo].[orderTrnHdrs] ([orderTrnHdrIntno], [workIntno], [orderIntno], [episodeNo], [priority], [orderReceivedDate], [expectedDeliveryDate], [allowFirstDubbing], [startTranslation], [endTranslation], [startAdaptation], [endAdaptation], [startDischarge], [endDischarge], [plannedDubbing], [startDubbing], [endDubbing], [startMixage], [endMixage], [startMontage], [endMontage], [plannedUpload], [shipmentLowRes], [plannedShipment], [shipmentFinal], [status]) VALUES (199, 7, 12, 66, NULL, N'2016-04-28 00:00:00', NULL, NULL, NULL, NULL, NULL, NULL, NULL, NULL, NULL, NULL, NULL, NULL, NULL, NULL, NULL, NULL, NULL, NULL, NULL, N'04')
INSERT INTO [dbo].[orderTrnHdrs] ([orderTrnHdrIntno], [workIntno], [orderIntno], [episodeNo], [priority], [orderReceivedDate], [expectedDeliveryDate], [allowFirstDubbing], [startTranslation], [endTranslation], [startAdaptation], [endAdaptation], [startDischarge], [endDischarge], [plannedDubbing], [startDubbing], [endDubbing], [startMixage], [endMixage], [startMontage], [endMontage], [plannedUpload], [shipmentLowRes], [plannedShipment], [shipmentFinal], [status]) VALUES (200, 6, 13, 1, NULL, N'2016-04-28 00:00:00', NULL, NULL, NULL, NULL, NULL, NULL, NULL, NULL, NULL, NULL, NULL, NULL, NULL, NULL, NULL, NULL, NULL, NULL, NULL, N'04')
INSERT INTO [dbo].[orderTrnHdrs] ([orderTrnHdrIntno], [workIntno], [orderIntno], [episodeNo], [priority], [orderReceivedDate], [expectedDeliveryDate], [allowFirstDubbing], [startTranslation], [endTranslation], [startAdaptation], [endAdaptation], [startDischarge], [endDischarge], [plannedDubbing], [startDubbing], [endDubbing], [startMixage], [endMixage], [startMontage], [endMontage], [plannedUpload], [shipmentLowRes], [plannedShipment], [shipmentFinal], [status]) VALUES (201, 6, 13, 2, NULL, N'2016-04-28 00:00:00', NULL, NULL, NULL, NULL, NULL, NULL, NULL, NULL, NULL, NULL, NULL, NULL, NULL, NULL, NULL, NULL, NULL, NULL, NULL, N'04')
INSERT INTO [dbo].[orderTrnHdrs] ([orderTrnHdrIntno], [workIntno], [orderIntno], [episodeNo], [priority], [orderReceivedDate], [expectedDeliveryDate], [allowFirstDubbing], [startTranslation], [endTranslation], [startAdaptation], [endAdaptation], [startDischarge], [endDischarge], [plannedDubbing], [startDubbing], [endDubbing], [startMixage], [endMixage], [startMontage], [endMontage], [plannedUpload], [shipmentLowRes], [plannedShipment], [shipmentFinal], [status]) VALUES (202, 6, 13, 3, NULL, N'2016-04-28 00:00:00', NULL, NULL, NULL, NULL, NULL, NULL, NULL, NULL, NULL, NULL, NULL, NULL, NULL, NULL, NULL, NULL, NULL, NULL, NULL, N'04')
INSERT INTO [dbo].[orderTrnHdrs] ([orderTrnHdrIntno], [workIntno], [orderIntno], [episodeNo], [priority], [orderReceivedDate], [expectedDeliveryDate], [allowFirstDubbing], [startTranslation], [endTranslation], [startAdaptation], [endAdaptation], [startDischarge], [endDischarge], [plannedDubbing], [startDubbing], [endDubbing], [startMixage], [endMixage], [startMontage], [endMontage], [plannedUpload], [shipmentLowRes], [plannedShipment], [shipmentFinal], [status]) VALUES (203, 6, 13, 4, NULL, N'2016-04-28 00:00:00', NULL, NULL, NULL, NULL, NULL, NULL, NULL, NULL, NULL, NULL, NULL, NULL, NULL, NULL, NULL, NULL, NULL, NULL, NULL, N'04')
INSERT INTO [dbo].[orderTrnHdrs] ([orderTrnHdrIntno], [workIntno], [orderIntno], [episodeNo], [priority], [orderReceivedDate], [expectedDeliveryDate], [allowFirstDubbing], [startTranslation], [endTranslation], [startAdaptation], [endAdaptation], [startDischarge], [endDischarge], [plannedDubbing], [startDubbing], [endDubbing], [startMixage], [endMixage], [startMontage], [endMontage], [plannedUpload], [shipmentLowRes], [plannedShipment], [shipmentFinal], [status]) VALUES (204, 6, 13, 5, NULL, N'2016-04-28 00:00:00', NULL, NULL, NULL, NULL, NULL, NULL, NULL, NULL, NULL, NULL, NULL, NULL, NULL, NULL, NULL, NULL, NULL, NULL, NULL, N'04')
INSERT INTO [dbo].[orderTrnHdrs] ([orderTrnHdrIntno], [workIntno], [orderIntno], [episodeNo], [priority], [orderReceivedDate], [expectedDeliveryDate], [allowFirstDubbing], [startTranslation], [endTranslation], [startAdaptation], [endAdaptation], [startDischarge], [endDischarge], [plannedDubbing], [startDubbing], [endDubbing], [startMixage], [endMixage], [startMontage], [endMontage], [plannedUpload], [shipmentLowRes], [plannedShipment], [shipmentFinal], [status]) VALUES (205, 6, 13, 6, NULL, N'2016-04-28 00:00:00', NULL, NULL, NULL, NULL, NULL, NULL, NULL, NULL, NULL, NULL, NULL, NULL, NULL, NULL, NULL, NULL, NULL, NULL, NULL, N'04')
INSERT INTO [dbo].[orderTrnHdrs] ([orderTrnHdrIntno], [workIntno], [orderIntno], [episodeNo], [priority], [orderReceivedDate], [expectedDeliveryDate], [allowFirstDubbing], [startTranslation], [endTranslation], [startAdaptation], [endAdaptation], [startDischarge], [endDischarge], [plannedDubbing], [startDubbing], [endDubbing], [startMixage], [endMixage], [startMontage], [endMontage], [plannedUpload], [shipmentLowRes], [plannedShipment], [shipmentFinal], [status]) VALUES (206, 6, 13, 7, NULL, N'2016-04-28 00:00:00', NULL, NULL, NULL, NULL, NULL, NULL, NULL, NULL, NULL, NULL, NULL, NULL, NULL, NULL, NULL, NULL, NULL, NULL, NULL, N'04')
INSERT INTO [dbo].[orderTrnHdrs] ([orderTrnHdrIntno], [workIntno], [orderIntno], [episodeNo], [priority], [orderReceivedDate], [expectedDeliveryDate], [allowFirstDubbing], [startTranslation], [endTranslation], [startAdaptation], [endAdaptation], [startDischarge], [endDischarge], [plannedDubbing], [startDubbing], [endDubbing], [startMixage], [endMixage], [startMontage], [endMontage], [plannedUpload], [shipmentLowRes], [plannedShipment], [shipmentFinal], [status]) VALUES (207, 6, 13, 8, NULL, N'2016-04-28 00:00:00', NULL, NULL, NULL, NULL, NULL, NULL, NULL, NULL, NULL, NULL, NULL, NULL, NULL, NULL, NULL, NULL, NULL, NULL, NULL, N'04')
INSERT INTO [dbo].[orderTrnHdrs] ([orderTrnHdrIntno], [workIntno], [orderIntno], [episodeNo], [priority], [orderReceivedDate], [expectedDeliveryDate], [allowFirstDubbing], [startTranslation], [endTranslation], [startAdaptation], [endAdaptation], [startDischarge], [endDischarge], [plannedDubbing], [startDubbing], [endDubbing], [startMixage], [endMixage], [startMontage], [endMontage], [plannedUpload], [shipmentLowRes], [plannedShipment], [shipmentFinal], [status]) VALUES (208, 6, 13, 9, NULL, N'2016-04-28 00:00:00', NULL, NULL, NULL, NULL, NULL, NULL, NULL, NULL, NULL, NULL, NULL, NULL, NULL, NULL, NULL, NULL, NULL, NULL, NULL, N'04')
INSERT INTO [dbo].[orderTrnHdrs] ([orderTrnHdrIntno], [workIntno], [orderIntno], [episodeNo], [priority], [orderReceivedDate], [expectedDeliveryDate], [allowFirstDubbing], [startTranslation], [endTranslation], [startAdaptation], [endAdaptation], [startDischarge], [endDischarge], [plannedDubbing], [startDubbing], [endDubbing], [startMixage], [endMixage], [startMontage], [endMontage], [plannedUpload], [shipmentLowRes], [plannedShipment], [shipmentFinal], [status]) VALUES (209, 6, 13, 10, NULL, N'2016-04-28 00:00:00', NULL, NULL, NULL, NULL, NULL, NULL, NULL, NULL, NULL, NULL, NULL, NULL, NULL, NULL, NULL, NULL, NULL, NULL, NULL, N'04')
INSERT INTO [dbo].[orderTrnHdrs] ([orderTrnHdrIntno], [workIntno], [orderIntno], [episodeNo], [priority], [orderReceivedDate], [expectedDeliveryDate], [allowFirstDubbing], [startTranslation], [endTranslation], [startAdaptation], [endAdaptation], [startDischarge], [endDischarge], [plannedDubbing], [startDubbing], [endDubbing], [startMixage], [endMixage], [startMontage], [endMontage], [plannedUpload], [shipmentLowRes], [plannedShipment], [shipmentFinal], [status]) VALUES (210, 6, 13, 11, NULL, N'2016-04-28 00:00:00', NULL, NULL, NULL, NULL, NULL, NULL, NULL, NULL, NULL, NULL, NULL, NULL, NULL, NULL, NULL, NULL, NULL, NULL, NULL, N'04')
INSERT INTO [dbo].[orderTrnHdrs] ([orderTrnHdrIntno], [workIntno], [orderIntno], [episodeNo], [priority], [orderReceivedDate], [expectedDeliveryDate], [allowFirstDubbing], [startTranslation], [endTranslation], [startAdaptation], [endAdaptation], [startDischarge], [endDischarge], [plannedDubbing], [startDubbing], [endDubbing], [startMixage], [endMixage], [startMontage], [endMontage], [plannedUpload], [shipmentLowRes], [plannedShipment], [shipmentFinal], [status]) VALUES (211, 6, 13, 12, NULL, N'2016-04-28 00:00:00', NULL, NULL, NULL, NULL, NULL, NULL, NULL, NULL, NULL, NULL, NULL, NULL, NULL, NULL, NULL, NULL, NULL, NULL, NULL, N'04')
INSERT INTO [dbo].[orderTrnHdrs] ([orderTrnHdrIntno], [workIntno], [orderIntno], [episodeNo], [priority], [orderReceivedDate], [expectedDeliveryDate], [allowFirstDubbing], [startTranslation], [endTranslation], [startAdaptation], [endAdaptation], [startDischarge], [endDischarge], [plannedDubbing], [startDubbing], [endDubbing], [startMixage], [endMixage], [startMontage], [endMontage], [plannedUpload], [shipmentLowRes], [plannedShipment], [shipmentFinal], [status]) VALUES (212, 6, 13, 13, NULL, N'2016-04-28 00:00:00', NULL, NULL, NULL, NULL, NULL, NULL, NULL, NULL, NULL, NULL, NULL, NULL, NULL, NULL, NULL, NULL, NULL, NULL, NULL, N'04')
INSERT INTO [dbo].[orderTrnHdrs] ([orderTrnHdrIntno], [workIntno], [orderIntno], [episodeNo], [priority], [orderReceivedDate], [expectedDeliveryDate], [allowFirstDubbing], [startTranslation], [endTranslation], [startAdaptation], [endAdaptation], [startDischarge], [endDischarge], [plannedDubbing], [startDubbing], [endDubbing], [startMixage], [endMixage], [startMontage], [endMontage], [plannedUpload], [shipmentLowRes], [plannedShipment], [shipmentFinal], [status]) VALUES (213, 6, 13, 14, NULL, N'2016-04-28 00:00:00', NULL, NULL, NULL, NULL, NULL, NULL, NULL, NULL, NULL, NULL, NULL, NULL, NULL, NULL, NULL, NULL, NULL, NULL, NULL, N'04')
INSERT INTO [dbo].[orderTrnHdrs] ([orderTrnHdrIntno], [workIntno], [orderIntno], [episodeNo], [priority], [orderReceivedDate], [expectedDeliveryDate], [allowFirstDubbing], [startTranslation], [endTranslation], [startAdaptation], [endAdaptation], [startDischarge], [endDischarge], [plannedDubbing], [startDubbing], [endDubbing], [startMixage], [endMixage], [startMontage], [endMontage], [plannedUpload], [shipmentLowRes], [plannedShipment], [shipmentFinal], [status]) VALUES (214, 6, 13, 15, NULL, N'2016-04-28 00:00:00', NULL, NULL, NULL, NULL, NULL, NULL, NULL, NULL, NULL, NULL, NULL, NULL, NULL, NULL, NULL, NULL, NULL, NULL, NULL, N'04')
INSERT INTO [dbo].[orderTrnHdrs] ([orderTrnHdrIntno], [workIntno], [orderIntno], [episodeNo], [priority], [orderReceivedDate], [expectedDeliveryDate], [allowFirstDubbing], [startTranslation], [endTranslation], [startAdaptation], [endAdaptation], [startDischarge], [endDischarge], [plannedDubbing], [startDubbing], [endDubbing], [startMixage], [endMixage], [startMontage], [endMontage], [plannedUpload], [shipmentLowRes], [plannedShipment], [shipmentFinal], [status]) VALUES (215, 6, 13, 16, NULL, N'2016-04-28 00:00:00', NULL, NULL, NULL, NULL, NULL, NULL, NULL, NULL, NULL, NULL, NULL, NULL, NULL, NULL, NULL, NULL, NULL, NULL, NULL, N'04')
INSERT INTO [dbo].[orderTrnHdrs] ([orderTrnHdrIntno], [workIntno], [orderIntno], [episodeNo], [priority], [orderReceivedDate], [expectedDeliveryDate], [allowFirstDubbing], [startTranslation], [endTranslation], [startAdaptation], [endAdaptation], [startDischarge], [endDischarge], [plannedDubbing], [startDubbing], [endDubbing], [startMixage], [endMixage], [startMontage], [endMontage], [plannedUpload], [shipmentLowRes], [plannedShipment], [shipmentFinal], [status]) VALUES (216, 6, 13, 17, NULL, N'2016-04-28 00:00:00', NULL, NULL, NULL, NULL, NULL, NULL, NULL, NULL, NULL, NULL, NULL, NULL, NULL, NULL, NULL, NULL, NULL, NULL, NULL, N'04')
INSERT INTO [dbo].[orderTrnHdrs] ([orderTrnHdrIntno], [workIntno], [orderIntno], [episodeNo], [priority], [orderReceivedDate], [expectedDeliveryDate], [allowFirstDubbing], [startTranslation], [endTranslation], [startAdaptation], [endAdaptation], [startDischarge], [endDischarge], [plannedDubbing], [startDubbing], [endDubbing], [startMixage], [endMixage], [startMontage], [endMontage], [plannedUpload], [shipmentLowRes], [plannedShipment], [shipmentFinal], [status]) VALUES (217, 6, 13, 18, NULL, N'2016-04-28 00:00:00', NULL, NULL, NULL, NULL, NULL, NULL, NULL, NULL, NULL, NULL, NULL, NULL, NULL, NULL, NULL, NULL, NULL, NULL, NULL, N'04')
INSERT INTO [dbo].[orderTrnHdrs] ([orderTrnHdrIntno], [workIntno], [orderIntno], [episodeNo], [priority], [orderReceivedDate], [expectedDeliveryDate], [allowFirstDubbing], [startTranslation], [endTranslation], [startAdaptation], [endAdaptation], [startDischarge], [endDischarge], [plannedDubbing], [startDubbing], [endDubbing], [startMixage], [endMixage], [startMontage], [endMontage], [plannedUpload], [shipmentLowRes], [plannedShipment], [shipmentFinal], [status]) VALUES (218, 6, 13, 19, NULL, N'2016-04-28 00:00:00', NULL, NULL, NULL, NULL, NULL, NULL, NULL, NULL, NULL, NULL, NULL, NULL, NULL, NULL, NULL, NULL, NULL, NULL, NULL, N'04')
INSERT INTO [dbo].[orderTrnHdrs] ([orderTrnHdrIntno], [workIntno], [orderIntno], [episodeNo], [priority], [orderReceivedDate], [expectedDeliveryDate], [allowFirstDubbing], [startTranslation], [endTranslation], [startAdaptation], [endAdaptation], [startDischarge], [endDischarge], [plannedDubbing], [startDubbing], [endDubbing], [startMixage], [endMixage], [startMontage], [endMontage], [plannedUpload], [shipmentLowRes], [plannedShipment], [shipmentFinal], [status]) VALUES (219, 6, 13, 20, NULL, N'2016-04-28 00:00:00', NULL, NULL, NULL, NULL, NULL, NULL, NULL, NULL, NULL, NULL, NULL, NULL, NULL, NULL, NULL, NULL, NULL, NULL, NULL, N'04')
INSERT INTO [dbo].[orderTrnHdrs] ([orderTrnHdrIntno], [workIntno], [orderIntno], [episodeNo], [priority], [orderReceivedDate], [expectedDeliveryDate], [allowFirstDubbing], [startTranslation], [endTranslation], [startAdaptation], [endAdaptation], [startDischarge], [endDischarge], [plannedDubbing], [startDubbing], [endDubbing], [startMixage], [endMixage], [startMontage], [endMontage], [plannedUpload], [shipmentLowRes], [plannedShipment], [shipmentFinal], [status]) VALUES (220, 6, 13, 21, NULL, N'2016-04-28 00:00:00', NULL, NULL, NULL, NULL, NULL, NULL, NULL, NULL, NULL, NULL, NULL, NULL, NULL, NULL, NULL, NULL, NULL, NULL, NULL, N'04')
INSERT INTO [dbo].[orderTrnHdrs] ([orderTrnHdrIntno], [workIntno], [orderIntno], [episodeNo], [priority], [orderReceivedDate], [expectedDeliveryDate], [allowFirstDubbing], [startTranslation], [endTranslation], [startAdaptation], [endAdaptation], [startDischarge], [endDischarge], [plannedDubbing], [startDubbing], [endDubbing], [startMixage], [endMixage], [startMontage], [endMontage], [plannedUpload], [shipmentLowRes], [plannedShipment], [shipmentFinal], [status]) VALUES (221, 6, 13, 22, NULL, N'2016-04-28 00:00:00', NULL, NULL, NULL, NULL, NULL, NULL, NULL, NULL, NULL, NULL, NULL, NULL, NULL, NULL, NULL, NULL, NULL, NULL, NULL, N'04')
INSERT INTO [dbo].[orderTrnHdrs] ([orderTrnHdrIntno], [workIntno], [orderIntno], [episodeNo], [priority], [orderReceivedDate], [expectedDeliveryDate], [allowFirstDubbing], [startTranslation], [endTranslation], [startAdaptation], [endAdaptation], [startDischarge], [endDischarge], [plannedDubbing], [startDubbing], [endDubbing], [startMixage], [endMixage], [startMontage], [endMontage], [plannedUpload], [shipmentLowRes], [plannedShipment], [shipmentFinal], [status]) VALUES (222, 6, 13, 23, NULL, N'2016-04-28 00:00:00', NULL, NULL, NULL, NULL, NULL, NULL, NULL, NULL, NULL, NULL, NULL, NULL, NULL, NULL, NULL, NULL, NULL, NULL, NULL, N'04')
INSERT INTO [dbo].[orderTrnHdrs] ([orderTrnHdrIntno], [workIntno], [orderIntno], [episodeNo], [priority], [orderReceivedDate], [expectedDeliveryDate], [allowFirstDubbing], [startTranslation], [endTranslation], [startAdaptation], [endAdaptation], [startDischarge], [endDischarge], [plannedDubbing], [startDubbing], [endDubbing], [startMixage], [endMixage], [startMontage], [endMontage], [plannedUpload], [shipmentLowRes], [plannedShipment], [shipmentFinal], [status]) VALUES (223, 6, 13, 24, NULL, N'2016-04-28 00:00:00', NULL, NULL, NULL, NULL, NULL, NULL, NULL, NULL, NULL, NULL, NULL, NULL, NULL, NULL, NULL, NULL, NULL, NULL, NULL, N'04')
INSERT INTO [dbo].[orderTrnHdrs] ([orderTrnHdrIntno], [workIntno], [orderIntno], [episodeNo], [priority], [orderReceivedDate], [expectedDeliveryDate], [allowFirstDubbing], [startTranslation], [endTranslation], [startAdaptation], [endAdaptation], [startDischarge], [endDischarge], [plannedDubbing], [startDubbing], [endDubbing], [startMixage], [endMixage], [startMontage], [endMontage], [plannedUpload], [shipmentLowRes], [plannedShipment], [shipmentFinal], [status]) VALUES (224, 6, 13, 25, NULL, N'2016-04-28 00:00:00', NULL, NULL, NULL, NULL, NULL, NULL, NULL, NULL, NULL, NULL, NULL, NULL, NULL, NULL, NULL, NULL, NULL, NULL, NULL, N'04')
INSERT INTO [dbo].[orderTrnHdrs] ([orderTrnHdrIntno], [workIntno], [orderIntno], [episodeNo], [priority], [orderReceivedDate], [expectedDeliveryDate], [allowFirstDubbing], [startTranslation], [endTranslation], [startAdaptation], [endAdaptation], [startDischarge], [endDischarge], [plannedDubbing], [startDubbing], [endDubbing], [startMixage], [endMixage], [startMontage], [endMontage], [plannedUpload], [shipmentLowRes], [plannedShipment], [shipmentFinal], [status]) VALUES (225, 6, 13, 26, NULL, N'2016-04-28 00:00:00', NULL, NULL, NULL, NULL, NULL, NULL, NULL, NULL, NULL, NULL, NULL, NULL, NULL, NULL, NULL, NULL, NULL, NULL, NULL, N'04')
INSERT INTO [dbo].[orderTrnHdrs] ([orderTrnHdrIntno], [workIntno], [orderIntno], [episodeNo], [priority], [orderReceivedDate], [expectedDeliveryDate], [allowFirstDubbing], [startTranslation], [endTranslation], [startAdaptation], [endAdaptation], [startDischarge], [endDischarge], [plannedDubbing], [startDubbing], [endDubbing], [startMixage], [endMixage], [startMontage], [endMontage], [plannedUpload], [shipmentLowRes], [plannedShipment], [shipmentFinal], [status]) VALUES (226, 6, 13, 27, NULL, N'2016-04-28 00:00:00', NULL, NULL, NULL, NULL, NULL, NULL, NULL, NULL, NULL, NULL, NULL, NULL, NULL, NULL, NULL, NULL, NULL, NULL, NULL, N'04')
INSERT INTO [dbo].[orderTrnHdrs] ([orderTrnHdrIntno], [workIntno], [orderIntno], [episodeNo], [priority], [orderReceivedDate], [expectedDeliveryDate], [allowFirstDubbing], [startTranslation], [endTranslation], [startAdaptation], [endAdaptation], [startDischarge], [endDischarge], [plannedDubbing], [startDubbing], [endDubbing], [startMixage], [endMixage], [startMontage], [endMontage], [plannedUpload], [shipmentLowRes], [plannedShipment], [shipmentFinal], [status]) VALUES (227, 6, 13, 28, NULL, N'2016-04-28 00:00:00', NULL, NULL, NULL, NULL, NULL, NULL, NULL, NULL, NULL, NULL, NULL, NULL, NULL, NULL, NULL, NULL, NULL, NULL, NULL, N'04')
INSERT INTO [dbo].[orderTrnHdrs] ([orderTrnHdrIntno], [workIntno], [orderIntno], [episodeNo], [priority], [orderReceivedDate], [expectedDeliveryDate], [allowFirstDubbing], [startTranslation], [endTranslation], [startAdaptation], [endAdaptation], [startDischarge], [endDischarge], [plannedDubbing], [startDubbing], [endDubbing], [startMixage], [endMixage], [startMontage], [endMontage], [plannedUpload], [shipmentLowRes], [plannedShipment], [shipmentFinal], [status]) VALUES (228, 6, 13, 29, NULL, N'2016-04-28 00:00:00', NULL, NULL, NULL, NULL, NULL, NULL, NULL, NULL, NULL, NULL, NULL, NULL, NULL, NULL, NULL, NULL, NULL, NULL, NULL, N'04')
INSERT INTO [dbo].[orderTrnHdrs] ([orderTrnHdrIntno], [workIntno], [orderIntno], [episodeNo], [priority], [orderReceivedDate], [expectedDeliveryDate], [allowFirstDubbing], [startTranslation], [endTranslation], [startAdaptation], [endAdaptation], [startDischarge], [endDischarge], [plannedDubbing], [startDubbing], [endDubbing], [startMixage], [endMixage], [startMontage], [endMontage], [plannedUpload], [shipmentLowRes], [plannedShipment], [shipmentFinal], [status]) VALUES (229, 6, 13, 30, NULL, N'2016-04-28 00:00:00', NULL, NULL, NULL, NULL, NULL, NULL, NULL, NULL, NULL, NULL, NULL, NULL, NULL, NULL, NULL, NULL, NULL, NULL, NULL, N'04')
INSERT INTO [dbo].[orderTrnHdrs] ([orderTrnHdrIntno], [workIntno], [orderIntno], [episodeNo], [priority], [orderReceivedDate], [expectedDeliveryDate], [allowFirstDubbing], [startTranslation], [endTranslation], [startAdaptation], [endAdaptation], [startDischarge], [endDischarge], [plannedDubbing], [startDubbing], [endDubbing], [startMixage], [endMixage], [startMontage], [endMontage], [plannedUpload], [shipmentLowRes], [plannedShipment], [shipmentFinal], [status]) VALUES (230, 6, 13, 31, NULL, N'2016-04-28 00:00:00', NULL, NULL, NULL, NULL, NULL, NULL, NULL, NULL, NULL, NULL, NULL, NULL, NULL, NULL, NULL, NULL, NULL, NULL, NULL, N'04')
INSERT INTO [dbo].[orderTrnHdrs] ([orderTrnHdrIntno], [workIntno], [orderIntno], [episodeNo], [priority], [orderReceivedDate], [expectedDeliveryDate], [allowFirstDubbing], [startTranslation], [endTranslation], [startAdaptation], [endAdaptation], [startDischarge], [endDischarge], [plannedDubbing], [startDubbing], [endDubbing], [startMixage], [endMixage], [startMontage], [endMontage], [plannedUpload], [shipmentLowRes], [plannedShipment], [shipmentFinal], [status]) VALUES (231, 6, 13, 32, NULL, N'2016-04-28 00:00:00', NULL, NULL, NULL, NULL, NULL, NULL, NULL, NULL, NULL, NULL, NULL, NULL, NULL, NULL, NULL, NULL, NULL, NULL, NULL, N'04')
INSERT INTO [dbo].[orderTrnHdrs] ([orderTrnHdrIntno], [workIntno], [orderIntno], [episodeNo], [priority], [orderReceivedDate], [expectedDeliveryDate], [allowFirstDubbing], [startTranslation], [endTranslation], [startAdaptation], [endAdaptation], [startDischarge], [endDischarge], [plannedDubbing], [startDubbing], [endDubbing], [startMixage], [endMixage], [startMontage], [endMontage], [plannedUpload], [shipmentLowRes], [plannedShipment], [shipmentFinal], [status]) VALUES (232, 6, 13, 33, NULL, N'2016-04-28 00:00:00', NULL, NULL, NULL, NULL, NULL, NULL, NULL, NULL, NULL, NULL, NULL, NULL, NULL, NULL, NULL, NULL, NULL, NULL, NULL, N'04')
INSERT INTO [dbo].[orderTrnHdrs] ([orderTrnHdrIntno], [workIntno], [orderIntno], [episodeNo], [priority], [orderReceivedDate], [expectedDeliveryDate], [allowFirstDubbing], [startTranslation], [endTranslation], [startAdaptation], [endAdaptation], [startDischarge], [endDischarge], [plannedDubbing], [startDubbing], [endDubbing], [startMixage], [endMixage], [startMontage], [endMontage], [plannedUpload], [shipmentLowRes], [plannedShipment], [shipmentFinal], [status]) VALUES (233, 6, 13, 34, NULL, N'2016-04-28 00:00:00', NULL, NULL, NULL, NULL, NULL, NULL, NULL, NULL, NULL, NULL, NULL, NULL, NULL, NULL, NULL, NULL, NULL, NULL, NULL, N'04')
INSERT INTO [dbo].[orderTrnHdrs] ([orderTrnHdrIntno], [workIntno], [orderIntno], [episodeNo], [priority], [orderReceivedDate], [expectedDeliveryDate], [allowFirstDubbing], [startTranslation], [endTranslation], [startAdaptation], [endAdaptation], [startDischarge], [endDischarge], [plannedDubbing], [startDubbing], [endDubbing], [startMixage], [endMixage], [startMontage], [endMontage], [plannedUpload], [shipmentLowRes], [plannedShipment], [shipmentFinal], [status]) VALUES (234, 6, 13, 35, NULL, N'2016-04-28 00:00:00', NULL, NULL, NULL, NULL, NULL, NULL, NULL, NULL, NULL, NULL, NULL, NULL, NULL, NULL, NULL, NULL, NULL, NULL, NULL, N'04')
INSERT INTO [dbo].[orderTrnHdrs] ([orderTrnHdrIntno], [workIntno], [orderIntno], [episodeNo], [priority], [orderReceivedDate], [expectedDeliveryDate], [allowFirstDubbing], [startTranslation], [endTranslation], [startAdaptation], [endAdaptation], [startDischarge], [endDischarge], [plannedDubbing], [startDubbing], [endDubbing], [startMixage], [endMixage], [startMontage], [endMontage], [plannedUpload], [shipmentLowRes], [plannedShipment], [shipmentFinal], [status]) VALUES (235, 6, 13, 36, NULL, N'2016-04-28 00:00:00', NULL, NULL, NULL, NULL, NULL, NULL, NULL, NULL, NULL, NULL, NULL, NULL, NULL, NULL, NULL, NULL, NULL, NULL, NULL, N'04')
INSERT INTO [dbo].[orderTrnHdrs] ([orderTrnHdrIntno], [workIntno], [orderIntno], [episodeNo], [priority], [orderReceivedDate], [expectedDeliveryDate], [allowFirstDubbing], [startTranslation], [endTranslation], [startAdaptation], [endAdaptation], [startDischarge], [endDischarge], [plannedDubbing], [startDubbing], [endDubbing], [startMixage], [endMixage], [startMontage], [endMontage], [plannedUpload], [shipmentLowRes], [plannedShipment], [shipmentFinal], [status]) VALUES (236, 6, 13, 37, NULL, N'2016-04-28 00:00:00', NULL, NULL, NULL, NULL, NULL, NULL, NULL, NULL, NULL, NULL, NULL, NULL, NULL, NULL, NULL, NULL, NULL, NULL, NULL, N'04')
INSERT INTO [dbo].[orderTrnHdrs] ([orderTrnHdrIntno], [workIntno], [orderIntno], [episodeNo], [priority], [orderReceivedDate], [expectedDeliveryDate], [allowFirstDubbing], [startTranslation], [endTranslation], [startAdaptation], [endAdaptation], [startDischarge], [endDischarge], [plannedDubbing], [startDubbing], [endDubbing], [startMixage], [endMixage], [startMontage], [endMontage], [plannedUpload], [shipmentLowRes], [plannedShipment], [shipmentFinal], [status]) VALUES (237, 6, 13, 38, NULL, N'2016-04-28 00:00:00', NULL, NULL, NULL, NULL, NULL, NULL, NULL, NULL, NULL, NULL, NULL, NULL, NULL, NULL, NULL, NULL, NULL, NULL, NULL, N'04')
INSERT INTO [dbo].[orderTrnHdrs] ([orderTrnHdrIntno], [workIntno], [orderIntno], [episodeNo], [priority], [orderReceivedDate], [expectedDeliveryDate], [allowFirstDubbing], [startTranslation], [endTranslation], [startAdaptation], [endAdaptation], [startDischarge], [endDischarge], [plannedDubbing], [startDubbing], [endDubbing], [startMixage], [endMixage], [startMontage], [endMontage], [plannedUpload], [shipmentLowRes], [plannedShipment], [shipmentFinal], [status]) VALUES (238, 6, 13, 39, NULL, N'2016-04-28 00:00:00', NULL, NULL, NULL, NULL, NULL, NULL, NULL, NULL, NULL, NULL, NULL, NULL, NULL, NULL, NULL, NULL, NULL, NULL, NULL, N'04')
INSERT INTO [dbo].[orderTrnHdrs] ([orderTrnHdrIntno], [workIntno], [orderIntno], [episodeNo], [priority], [orderReceivedDate], [expectedDeliveryDate], [allowFirstDubbing], [startTranslation], [endTranslation], [startAdaptation], [endAdaptation], [startDischarge], [endDischarge], [plannedDubbing], [startDubbing], [endDubbing], [startMixage], [endMixage], [startMontage], [endMontage], [plannedUpload], [shipmentLowRes], [plannedShipment], [shipmentFinal], [status]) VALUES (239, 6, 13, 40, NULL, N'2016-04-28 00:00:00', NULL, NULL, NULL, NULL, NULL, NULL, NULL, NULL, NULL, NULL, NULL, NULL, NULL, NULL, NULL, NULL, NULL, NULL, NULL, N'04')
INSERT INTO [dbo].[orderTrnHdrs] ([orderTrnHdrIntno], [workIntno], [orderIntno], [episodeNo], [priority], [orderReceivedDate], [expectedDeliveryDate], [allowFirstDubbing], [startTranslation], [endTranslation], [startAdaptation], [endAdaptation], [startDischarge], [endDischarge], [plannedDubbing], [startDubbing], [endDubbing], [startMixage], [endMixage], [startMontage], [endMontage], [plannedUpload], [shipmentLowRes], [plannedShipment], [shipmentFinal], [status]) VALUES (240, 6, 13, 41, NULL, N'2016-04-28 00:00:00', NULL, NULL, NULL, NULL, NULL, NULL, NULL, NULL, NULL, NULL, NULL, NULL, NULL, NULL, NULL, NULL, NULL, NULL, NULL, N'04')
INSERT INTO [dbo].[orderTrnHdrs] ([orderTrnHdrIntno], [workIntno], [orderIntno], [episodeNo], [priority], [orderReceivedDate], [expectedDeliveryDate], [allowFirstDubbing], [startTranslation], [endTranslation], [startAdaptation], [endAdaptation], [startDischarge], [endDischarge], [plannedDubbing], [startDubbing], [endDubbing], [startMixage], [endMixage], [startMontage], [endMontage], [plannedUpload], [shipmentLowRes], [plannedShipment], [shipmentFinal], [status]) VALUES (241, 6, 13, 42, NULL, N'2016-04-28 00:00:00', NULL, NULL, NULL, NULL, NULL, NULL, NULL, NULL, NULL, NULL, NULL, NULL, NULL, NULL, NULL, NULL, NULL, NULL, NULL, N'04')
INSERT INTO [dbo].[orderTrnHdrs] ([orderTrnHdrIntno], [workIntno], [orderIntno], [episodeNo], [priority], [orderReceivedDate], [expectedDeliveryDate], [allowFirstDubbing], [startTranslation], [endTranslation], [startAdaptation], [endAdaptation], [startDischarge], [endDischarge], [plannedDubbing], [startDubbing], [endDubbing], [startMixage], [endMixage], [startMontage], [endMontage], [plannedUpload], [shipmentLowRes], [plannedShipment], [shipmentFinal], [status]) VALUES (242, 6, 13, 43, NULL, N'2016-04-28 00:00:00', NULL, NULL, NULL, NULL, NULL, NULL, NULL, NULL, NULL, NULL, NULL, NULL, NULL, NULL, NULL, NULL, NULL, NULL, NULL, N'04')
INSERT INTO [dbo].[orderTrnHdrs] ([orderTrnHdrIntno], [workIntno], [orderIntno], [episodeNo], [priority], [orderReceivedDate], [expectedDeliveryDate], [allowFirstDubbing], [startTranslation], [endTranslation], [startAdaptation], [endAdaptation], [startDischarge], [endDischarge], [plannedDubbing], [startDubbing], [endDubbing], [startMixage], [endMixage], [startMontage], [endMontage], [plannedUpload], [shipmentLowRes], [plannedShipment], [shipmentFinal], [status]) VALUES (243, 6, 13, 44, NULL, N'2016-04-28 00:00:00', NULL, NULL, NULL, NULL, NULL, NULL, NULL, NULL, NULL, NULL, NULL, NULL, NULL, NULL, NULL, NULL, NULL, NULL, NULL, N'04')
INSERT INTO [dbo].[orderTrnHdrs] ([orderTrnHdrIntno], [workIntno], [orderIntno], [episodeNo], [priority], [orderReceivedDate], [expectedDeliveryDate], [allowFirstDubbing], [startTranslation], [endTranslation], [startAdaptation], [endAdaptation], [startDischarge], [endDischarge], [plannedDubbing], [startDubbing], [endDubbing], [startMixage], [endMixage], [startMontage], [endMontage], [plannedUpload], [shipmentLowRes], [plannedShipment], [shipmentFinal], [status]) VALUES (244, 6, 13, 45, NULL, N'2016-04-28 00:00:00', NULL, NULL, NULL, NULL, NULL, NULL, NULL, NULL, NULL, NULL, NULL, NULL, NULL, NULL, NULL, NULL, NULL, NULL, NULL, N'04')
INSERT INTO [dbo].[orderTrnHdrs] ([orderTrnHdrIntno], [workIntno], [orderIntno], [episodeNo], [priority], [orderReceivedDate], [expectedDeliveryDate], [allowFirstDubbing], [startTranslation], [endTranslation], [startAdaptation], [endAdaptation], [startDischarge], [endDischarge], [plannedDubbing], [startDubbing], [endDubbing], [startMixage], [endMixage], [startMontage], [endMontage], [plannedUpload], [shipmentLowRes], [plannedShipment], [shipmentFinal], [status]) VALUES (245, 6, 13, 46, NULL, N'2016-04-28 00:00:00', NULL, NULL, NULL, NULL, NULL, NULL, NULL, NULL, NULL, NULL, NULL, NULL, NULL, NULL, NULL, NULL, NULL, NULL, NULL, N'04')
INSERT INTO [dbo].[orderTrnHdrs] ([orderTrnHdrIntno], [workIntno], [orderIntno], [episodeNo], [priority], [orderReceivedDate], [expectedDeliveryDate], [allowFirstDubbing], [startTranslation], [endTranslation], [startAdaptation], [endAdaptation], [startDischarge], [endDischarge], [plannedDubbing], [startDubbing], [endDubbing], [startMixage], [endMixage], [startMontage], [endMontage], [plannedUpload], [shipmentLowRes], [plannedShipment], [shipmentFinal], [status]) VALUES (246, 6, 13, 47, NULL, N'2016-04-28 00:00:00', NULL, NULL, NULL, NULL, NULL, NULL, NULL, NULL, NULL, NULL, NULL, NULL, NULL, NULL, NULL, NULL, NULL, NULL, NULL, N'04')
INSERT INTO [dbo].[orderTrnHdrs] ([orderTrnHdrIntno], [workIntno], [orderIntno], [episodeNo], [priority], [orderReceivedDate], [expectedDeliveryDate], [allowFirstDubbing], [startTranslation], [endTranslation], [startAdaptation], [endAdaptation], [startDischarge], [endDischarge], [plannedDubbing], [startDubbing], [endDubbing], [startMixage], [endMixage], [startMontage], [endMontage], [plannedUpload], [shipmentLowRes], [plannedShipment], [shipmentFinal], [status]) VALUES (247, 6, 13, 48, NULL, N'2016-04-28 00:00:00', NULL, NULL, NULL, NULL, NULL, NULL, NULL, NULL, NULL, NULL, NULL, NULL, NULL, NULL, NULL, NULL, NULL, NULL, NULL, N'04')
INSERT INTO [dbo].[orderTrnHdrs] ([orderTrnHdrIntno], [workIntno], [orderIntno], [episodeNo], [priority], [orderReceivedDate], [expectedDeliveryDate], [allowFirstDubbing], [startTranslation], [endTranslation], [startAdaptation], [endAdaptation], [startDischarge], [endDischarge], [plannedDubbing], [startDubbing], [endDubbing], [startMixage], [endMixage], [startMontage], [endMontage], [plannedUpload], [shipmentLowRes], [plannedShipment], [shipmentFinal], [status]) VALUES (248, 6, 13, 49, NULL, N'2016-04-28 00:00:00', NULL, NULL, NULL, NULL, NULL, NULL, NULL, NULL, NULL, NULL, NULL, NULL, NULL, NULL, NULL, NULL, NULL, NULL, NULL, N'04')
INSERT INTO [dbo].[orderTrnHdrs] ([orderTrnHdrIntno], [workIntno], [orderIntno], [episodeNo], [priority], [orderReceivedDate], [expectedDeliveryDate], [allowFirstDubbing], [startTranslation], [endTranslation], [startAdaptation], [endAdaptation], [startDischarge], [endDischarge], [plannedDubbing], [startDubbing], [endDubbing], [startMixage], [endMixage], [startMontage], [endMontage], [plannedUpload], [shipmentLowRes], [plannedShipment], [shipmentFinal], [status]) VALUES (249, 6, 13, 50, NULL, N'2016-04-28 00:00:00', NULL, NULL, NULL, NULL, NULL, NULL, NULL, NULL, NULL, NULL, NULL, NULL, NULL, NULL, NULL, NULL, NULL, NULL, NULL, N'04')
INSERT INTO [dbo].[orderTrnHdrs] ([orderTrnHdrIntno], [workIntno], [orderIntno], [episodeNo], [priority], [orderReceivedDate], [expectedDeliveryDate], [allowFirstDubbing], [startTranslation], [endTranslation], [startAdaptation], [endAdaptation], [startDischarge], [endDischarge], [plannedDubbing], [startDubbing], [endDubbing], [startMixage], [endMixage], [startMontage], [endMontage], [plannedUpload], [shipmentLowRes], [plannedShipment], [shipmentFinal], [status]) VALUES (250, 6, 13, 51, NULL, N'2016-04-28 00:00:00', NULL, NULL, NULL, NULL, NULL, NULL, NULL, NULL, NULL, NULL, NULL, NULL, NULL, NULL, NULL, NULL, NULL, NULL, NULL, N'04')
INSERT INTO [dbo].[orderTrnHdrs] ([orderTrnHdrIntno], [workIntno], [orderIntno], [episodeNo], [priority], [orderReceivedDate], [expectedDeliveryDate], [allowFirstDubbing], [startTranslation], [endTranslation], [startAdaptation], [endAdaptation], [startDischarge], [endDischarge], [plannedDubbing], [startDubbing], [endDubbing], [startMixage], [endMixage], [startMontage], [endMontage], [plannedUpload], [shipmentLowRes], [plannedShipment], [shipmentFinal], [status]) VALUES (251, 6, 13, 52, NULL, N'2016-04-28 00:00:00', NULL, NULL, NULL, NULL, NULL, NULL, NULL, NULL, NULL, NULL, NULL, NULL, NULL, NULL, NULL, NULL, NULL, NULL, NULL, N'04')
INSERT INTO [dbo].[orderTrnHdrs] ([orderTrnHdrIntno], [workIntno], [orderIntno], [episodeNo], [priority], [orderReceivedDate], [expectedDeliveryDate], [allowFirstDubbing], [startTranslation], [endTranslation], [startAdaptation], [endAdaptation], [startDischarge], [endDischarge], [plannedDubbing], [startDubbing], [endDubbing], [startMixage], [endMixage], [startMontage], [endMontage], [plannedUpload], [shipmentLowRes], [plannedShipment], [shipmentFinal], [status]) VALUES (252, 6, 13, 53, NULL, N'2016-04-28 00:00:00', NULL, NULL, NULL, NULL, NULL, NULL, NULL, NULL, NULL, NULL, NULL, NULL, NULL, NULL, NULL, NULL, NULL, NULL, NULL, N'04')
INSERT INTO [dbo].[orderTrnHdrs] ([orderTrnHdrIntno], [workIntno], [orderIntno], [episodeNo], [priority], [orderReceivedDate], [expectedDeliveryDate], [allowFirstDubbing], [startTranslation], [endTranslation], [startAdaptation], [endAdaptation], [startDischarge], [endDischarge], [plannedDubbing], [startDubbing], [endDubbing], [startMixage], [endMixage], [startMontage], [endMontage], [plannedUpload], [shipmentLowRes], [plannedShipment], [shipmentFinal], [status]) VALUES (253, 6, 13, 54, NULL, N'2016-04-28 00:00:00', NULL, NULL, NULL, NULL, NULL, NULL, NULL, NULL, NULL, NULL, NULL, NULL, NULL, NULL, NULL, NULL, NULL, NULL, NULL, N'04')
INSERT INTO [dbo].[orderTrnHdrs] ([orderTrnHdrIntno], [workIntno], [orderIntno], [episodeNo], [priority], [orderReceivedDate], [expectedDeliveryDate], [allowFirstDubbing], [startTranslation], [endTranslation], [startAdaptation], [endAdaptation], [startDischarge], [endDischarge], [plannedDubbing], [startDubbing], [endDubbing], [startMixage], [endMixage], [startMontage], [endMontage], [plannedUpload], [shipmentLowRes], [plannedShipment], [shipmentFinal], [status]) VALUES (254, 6, 13, 55, NULL, N'2016-04-28 00:00:00', NULL, NULL, NULL, NULL, NULL, NULL, NULL, NULL, NULL, NULL, NULL, NULL, NULL, NULL, NULL, NULL, NULL, NULL, NULL, N'04')
INSERT INTO [dbo].[orderTrnHdrs] ([orderTrnHdrIntno], [workIntno], [orderIntno], [episodeNo], [priority], [orderReceivedDate], [expectedDeliveryDate], [allowFirstDubbing], [startTranslation], [endTranslation], [startAdaptation], [endAdaptation], [startDischarge], [endDischarge], [plannedDubbing], [startDubbing], [endDubbing], [startMixage], [endMixage], [startMontage], [endMontage], [plannedUpload], [shipmentLowRes], [plannedShipment], [shipmentFinal], [status]) VALUES (255, 7, 14, 76, NULL, N'2016-05-07 00:00:00', NULL, NULL, NULL, NULL, NULL, NULL, NULL, NULL, NULL, NULL, NULL, NULL, NULL, NULL, NULL, NULL, NULL, NULL, NULL, N'04')
INSERT INTO [dbo].[orderTrnHdrs] ([orderTrnHdrIntno], [workIntno], [orderIntno], [episodeNo], [priority], [orderReceivedDate], [expectedDeliveryDate], [allowFirstDubbing], [startTranslation], [endTranslation], [startAdaptation], [endAdaptation], [startDischarge], [endDischarge], [plannedDubbing], [startDubbing], [endDubbing], [startMixage], [endMixage], [startMontage], [endMontage], [plannedUpload], [shipmentLowRes], [plannedShipment], [shipmentFinal], [status]) VALUES (256, 7, 14, 77, NULL, N'2016-05-07 00:00:00', NULL, NULL, NULL, NULL, NULL, NULL, NULL, NULL, NULL, NULL, NULL, NULL, NULL, NULL, NULL, NULL, NULL, NULL, NULL, N'04')
INSERT INTO [dbo].[orderTrnHdrs] ([orderTrnHdrIntno], [workIntno], [orderIntno], [episodeNo], [priority], [orderReceivedDate], [expectedDeliveryDate], [allowFirstDubbing], [startTranslation], [endTranslation], [startAdaptation], [endAdaptation], [startDischarge], [endDischarge], [plannedDubbing], [startDubbing], [endDubbing], [startMixage], [endMixage], [startMontage], [endMontage], [plannedUpload], [shipmentLowRes], [plannedShipment], [shipmentFinal], [status]) VALUES (257, 7, 14, 78, NULL, N'2016-05-07 00:00:00', NULL, NULL, NULL, NULL, NULL, NULL, NULL, NULL, NULL, NULL, NULL, NULL, NULL, NULL, NULL, NULL, NULL, NULL, NULL, N'04')
INSERT INTO [dbo].[orderTrnHdrs] ([orderTrnHdrIntno], [workIntno], [orderIntno], [episodeNo], [priority], [orderReceivedDate], [expectedDeliveryDate], [allowFirstDubbing], [startTranslation], [endTranslation], [startAdaptation], [endAdaptation], [startDischarge], [endDischarge], [plannedDubbing], [startDubbing], [endDubbing], [startMixage], [endMixage], [startMontage], [endMontage], [plannedUpload], [shipmentLowRes], [plannedShipment], [shipmentFinal], [status]) VALUES (258, 7, 14, 79, NULL, N'2016-05-07 00:00:00', NULL, NULL, NULL, NULL, NULL, NULL, NULL, NULL, NULL, NULL, NULL, NULL, NULL, NULL, NULL, NULL, NULL, NULL, NULL, N'04')
INSERT INTO [dbo].[orderTrnHdrs] ([orderTrnHdrIntno], [workIntno], [orderIntno], [episodeNo], [priority], [orderReceivedDate], [expectedDeliveryDate], [allowFirstDubbing], [startTranslation], [endTranslation], [startAdaptation], [endAdaptation], [startDischarge], [endDischarge], [plannedDubbing], [startDubbing], [endDubbing], [startMixage], [endMixage], [startMontage], [endMontage], [plannedUpload], [shipmentLowRes], [plannedShipment], [shipmentFinal], [status]) VALUES (259, 7, 14, 80, NULL, N'2016-05-07 00:00:00', NULL, NULL, NULL, NULL, NULL, NULL, NULL, NULL, NULL, NULL, NULL, NULL, NULL, NULL, NULL, NULL, NULL, NULL, NULL, N'04')
INSERT INTO [dbo].[orderTrnHdrs] ([orderTrnHdrIntno], [workIntno], [orderIntno], [episodeNo], [priority], [orderReceivedDate], [expectedDeliveryDate], [allowFirstDubbing], [startTranslation], [endTranslation], [startAdaptation], [endAdaptation], [startDischarge], [endDischarge], [plannedDubbing], [startDubbing], [endDubbing], [startMixage], [endMixage], [startMontage], [endMontage], [plannedUpload], [shipmentLowRes], [plannedShipment], [shipmentFinal], [status]) VALUES (260, 7, 14, 81, NULL, N'2016-05-07 00:00:00', NULL, NULL, NULL, NULL, NULL, NULL, NULL, NULL, NULL, NULL, NULL, NULL, NULL, NULL, NULL, NULL, NULL, NULL, NULL, N'04')
INSERT INTO [dbo].[orderTrnHdrs] ([orderTrnHdrIntno], [workIntno], [orderIntno], [episodeNo], [priority], [orderReceivedDate], [expectedDeliveryDate], [allowFirstDubbing], [startTranslation], [endTranslation], [startAdaptation], [endAdaptation], [startDischarge], [endDischarge], [plannedDubbing], [startDubbing], [endDubbing], [startMixage], [endMixage], [startMontage], [endMontage], [plannedUpload], [shipmentLowRes], [plannedShipment], [shipmentFinal], [status]) VALUES (261, 7, 14, 82, NULL, N'2016-05-07 00:00:00', NULL, NULL, NULL, NULL, NULL, NULL, NULL, NULL, NULL, NULL, NULL, NULL, NULL, NULL, NULL, NULL, NULL, NULL, NULL, N'04')
INSERT INTO [dbo].[orderTrnHdrs] ([orderTrnHdrIntno], [workIntno], [orderIntno], [episodeNo], [priority], [orderReceivedDate], [expectedDeliveryDate], [allowFirstDubbing], [startTranslation], [endTranslation], [startAdaptation], [endAdaptation], [startDischarge], [endDischarge], [plannedDubbing], [startDubbing], [endDubbing], [startMixage], [endMixage], [startMontage], [endMontage], [plannedUpload], [shipmentLowRes], [plannedShipment], [shipmentFinal], [status]) VALUES (262, 7, 14, 83, NULL, N'2016-05-07 00:00:00', NULL, NULL, NULL, NULL, NULL, NULL, NULL, NULL, NULL, NULL, NULL, NULL, NULL, NULL, NULL, NULL, NULL, NULL, NULL, N'04')
INSERT INTO [dbo].[orderTrnHdrs] ([orderTrnHdrIntno], [workIntno], [orderIntno], [episodeNo], [priority], [orderReceivedDate], [expectedDeliveryDate], [allowFirstDubbing], [startTranslation], [endTranslation], [startAdaptation], [endAdaptation], [startDischarge], [endDischarge], [plannedDubbing], [startDubbing], [endDubbing], [startMixage], [endMixage], [startMontage], [endMontage], [plannedUpload], [shipmentLowRes], [plannedShipment], [shipmentFinal], [status]) VALUES (263, 7, 14, 84, NULL, N'2016-05-07 00:00:00', NULL, NULL, NULL, NULL, NULL, NULL, NULL, NULL, NULL, NULL, NULL, NULL, NULL, NULL, NULL, NULL, NULL, NULL, NULL, N'04')
INSERT INTO [dbo].[orderTrnHdrs] ([orderTrnHdrIntno], [workIntno], [orderIntno], [episodeNo], [priority], [orderReceivedDate], [expectedDeliveryDate], [allowFirstDubbing], [startTranslation], [endTranslation], [startAdaptation], [endAdaptation], [startDischarge], [endDischarge], [plannedDubbing], [startDubbing], [endDubbing], [startMixage], [endMixage], [startMontage], [endMontage], [plannedUpload], [shipmentLowRes], [plannedShipment], [shipmentFinal], [status]) VALUES (264, 7, 14, 85, NULL, N'2016-05-07 00:00:00', NULL, NULL, NULL, NULL, NULL, NULL, NULL, NULL, NULL, NULL, NULL, NULL, NULL, NULL, NULL, NULL, NULL, NULL, NULL, N'04')
INSERT INTO [dbo].[orderTrnHdrs] ([orderTrnHdrIntno], [workIntno], [orderIntno], [episodeNo], [priority], [orderReceivedDate], [expectedDeliveryDate], [allowFirstDubbing], [startTranslation], [endTranslation], [startAdaptation], [endAdaptation], [startDischarge], [endDischarge], [plannedDubbing], [startDubbing], [endDubbing], [startMixage], [endMixage], [startMontage], [endMontage], [plannedUpload], [shipmentLowRes], [plannedShipment], [shipmentFinal], [status]) VALUES (265, 7, 14, 86, NULL, N'2016-05-07 00:00:00', NULL, NULL, NULL, NULL, NULL, NULL, NULL, NULL, NULL, NULL, NULL, NULL, NULL, NULL, NULL, NULL, NULL, NULL, NULL, N'04')
INSERT INTO [dbo].[orderTrnHdrs] ([orderTrnHdrIntno], [workIntno], [orderIntno], [episodeNo], [priority], [orderReceivedDate], [expectedDeliveryDate], [allowFirstDubbing], [startTranslation], [endTranslation], [startAdaptation], [endAdaptation], [startDischarge], [endDischarge], [plannedDubbing], [startDubbing], [endDubbing], [startMixage], [endMixage], [startMontage], [endMontage], [plannedUpload], [shipmentLowRes], [plannedShipment], [shipmentFinal], [status]) VALUES (266, 7, 14, 87, NULL, N'2016-05-07 00:00:00', NULL, NULL, NULL, NULL, NULL, NULL, NULL, NULL, NULL, NULL, NULL, NULL, NULL, NULL, NULL, NULL, NULL, NULL, NULL, N'04')
INSERT INTO [dbo].[orderTrnHdrs] ([orderTrnHdrIntno], [workIntno], [orderIntno], [episodeNo], [priority], [orderReceivedDate], [expectedDeliveryDate], [allowFirstDubbing], [startTranslation], [endTranslation], [startAdaptation], [endAdaptation], [startDischarge], [endDischarge], [plannedDubbing], [startDubbing], [endDubbing], [startMixage], [endMixage], [startMontage], [endMontage], [plannedUpload], [shipmentLowRes], [plannedShipment], [shipmentFinal], [status]) VALUES (267, 7, 14, 88, NULL, N'2016-05-07 00:00:00', NULL, NULL, NULL, NULL, NULL, NULL, NULL, NULL, NULL, NULL, NULL, NULL, NULL, NULL, NULL, NULL, NULL, NULL, NULL, N'04')
INSERT INTO [dbo].[orderTrnHdrs] ([orderTrnHdrIntno], [workIntno], [orderIntno], [episodeNo], [priority], [orderReceivedDate], [expectedDeliveryDate], [allowFirstDubbing], [startTranslation], [endTranslation], [startAdaptation], [endAdaptation], [startDischarge], [endDischarge], [plannedDubbing], [startDubbing], [endDubbing], [startMixage], [endMixage], [startMontage], [endMontage], [plannedUpload], [shipmentLowRes], [plannedShipment], [shipmentFinal], [status]) VALUES (268, 7, 14, 89, NULL, N'2016-05-07 00:00:00', NULL, NULL, NULL, NULL, NULL, NULL, NULL, NULL, NULL, NULL, NULL, NULL, NULL, NULL, NULL, NULL, NULL, NULL, NULL, N'04')
INSERT INTO [dbo].[orderTrnHdrs] ([orderTrnHdrIntno], [workIntno], [orderIntno], [episodeNo], [priority], [orderReceivedDate], [expectedDeliveryDate], [allowFirstDubbing], [startTranslation], [endTranslation], [startAdaptation], [endAdaptation], [startDischarge], [endDischarge], [plannedDubbing], [startDubbing], [endDubbing], [startMixage], [endMixage], [startMontage], [endMontage], [plannedUpload], [shipmentLowRes], [plannedShipment], [shipmentFinal], [status]) VALUES (269, 7, 14, 90, NULL, N'2016-05-07 00:00:00', NULL, NULL, NULL, NULL, NULL, NULL, NULL, NULL, NULL, NULL, NULL, NULL, NULL, NULL, NULL, NULL, NULL, NULL, NULL, N'04')
INSERT INTO [dbo].[orderTrnHdrs] ([orderTrnHdrIntno], [workIntno], [orderIntno], [episodeNo], [priority], [orderReceivedDate], [expectedDeliveryDate], [allowFirstDubbing], [startTranslation], [endTranslation], [startAdaptation], [endAdaptation], [startDischarge], [endDischarge], [plannedDubbing], [startDubbing], [endDubbing], [startMixage], [endMixage], [startMontage], [endMontage], [plannedUpload], [shipmentLowRes], [plannedShipment], [shipmentFinal], [status]) VALUES (270, 7, 14, 91, NULL, N'2016-05-07 00:00:00', NULL, NULL, NULL, NULL, NULL, NULL, NULL, NULL, NULL, NULL, NULL, NULL, NULL, NULL, NULL, NULL, NULL, NULL, NULL, N'04')
INSERT INTO [dbo].[orderTrnHdrs] ([orderTrnHdrIntno], [workIntno], [orderIntno], [episodeNo], [priority], [orderReceivedDate], [expectedDeliveryDate], [allowFirstDubbing], [startTranslation], [endTranslation], [startAdaptation], [endAdaptation], [startDischarge], [endDischarge], [plannedDubbing], [startDubbing], [endDubbing], [startMixage], [endMixage], [startMontage], [endMontage], [plannedUpload], [shipmentLowRes], [plannedShipment], [shipmentFinal], [status]) VALUES (271, 7, 14, 92, NULL, N'2016-05-07 00:00:00', NULL, NULL, NULL, NULL, NULL, NULL, NULL, NULL, NULL, NULL, NULL, NULL, NULL, NULL, NULL, NULL, NULL, NULL, NULL, N'04')
INSERT INTO [dbo].[orderTrnHdrs] ([orderTrnHdrIntno], [workIntno], [orderIntno], [episodeNo], [priority], [orderReceivedDate], [expectedDeliveryDate], [allowFirstDubbing], [startTranslation], [endTranslation], [startAdaptation], [endAdaptation], [startDischarge], [endDischarge], [plannedDubbing], [startDubbing], [endDubbing], [startMixage], [endMixage], [startMontage], [endMontage], [plannedUpload], [shipmentLowRes], [plannedShipment], [shipmentFinal], [status]) VALUES (272, 7, 14, 93, NULL, N'2016-05-07 00:00:00', NULL, NULL, NULL, NULL, NULL, NULL, NULL, NULL, NULL, NULL, NULL, NULL, NULL, NULL, NULL, NULL, NULL, NULL, NULL, N'04')
INSERT INTO [dbo].[orderTrnHdrs] ([orderTrnHdrIntno], [workIntno], [orderIntno], [episodeNo], [priority], [orderReceivedDate], [expectedDeliveryDate], [allowFirstDubbing], [startTranslation], [endTranslation], [startAdaptation], [endAdaptation], [startDischarge], [endDischarge], [plannedDubbing], [startDubbing], [endDubbing], [startMixage], [endMixage], [startMontage], [endMontage], [plannedUpload], [shipmentLowRes], [plannedShipment], [shipmentFinal], [status]) VALUES (273, 7, 15, 76, NULL, N'2016-05-07 00:00:00', NULL, NULL, NULL, NULL, NULL, NULL, NULL, NULL, NULL, NULL, NULL, NULL, NULL, NULL, NULL, NULL, NULL, NULL, NULL, N'04')
INSERT INTO [dbo].[orderTrnHdrs] ([orderTrnHdrIntno], [workIntno], [orderIntno], [episodeNo], [priority], [orderReceivedDate], [expectedDeliveryDate], [allowFirstDubbing], [startTranslation], [endTranslation], [startAdaptation], [endAdaptation], [startDischarge], [endDischarge], [plannedDubbing], [startDubbing], [endDubbing], [startMixage], [endMixage], [startMontage], [endMontage], [plannedUpload], [shipmentLowRes], [plannedShipment], [shipmentFinal], [status]) VALUES (274, 7, 15, 77, NULL, N'2016-05-07 00:00:00', NULL, NULL, NULL, NULL, NULL, NULL, NULL, NULL, NULL, NULL, NULL, NULL, NULL, NULL, NULL, NULL, NULL, NULL, NULL, N'04')
INSERT INTO [dbo].[orderTrnHdrs] ([orderTrnHdrIntno], [workIntno], [orderIntno], [episodeNo], [priority], [orderReceivedDate], [expectedDeliveryDate], [allowFirstDubbing], [startTranslation], [endTranslation], [startAdaptation], [endAdaptation], [startDischarge], [endDischarge], [plannedDubbing], [startDubbing], [endDubbing], [startMixage], [endMixage], [startMontage], [endMontage], [plannedUpload], [shipmentLowRes], [plannedShipment], [shipmentFinal], [status]) VALUES (275, 7, 15, 78, NULL, N'2016-05-07 00:00:00', NULL, NULL, NULL, NULL, NULL, NULL, NULL, NULL, NULL, NULL, NULL, NULL, NULL, NULL, NULL, NULL, NULL, NULL, NULL, N'04')
INSERT INTO [dbo].[orderTrnHdrs] ([orderTrnHdrIntno], [workIntno], [orderIntno], [episodeNo], [priority], [orderReceivedDate], [expectedDeliveryDate], [allowFirstDubbing], [startTranslation], [endTranslation], [startAdaptation], [endAdaptation], [startDischarge], [endDischarge], [plannedDubbing], [startDubbing], [endDubbing], [startMixage], [endMixage], [startMontage], [endMontage], [plannedUpload], [shipmentLowRes], [plannedShipment], [shipmentFinal], [status]) VALUES (276, 7, 15, 79, NULL, N'2016-05-07 00:00:00', NULL, NULL, NULL, NULL, NULL, NULL, NULL, NULL, NULL, NULL, NULL, NULL, NULL, NULL, NULL, NULL, NULL, NULL, NULL, N'04')
INSERT INTO [dbo].[orderTrnHdrs] ([orderTrnHdrIntno], [workIntno], [orderIntno], [episodeNo], [priority], [orderReceivedDate], [expectedDeliveryDate], [allowFirstDubbing], [startTranslation], [endTranslation], [startAdaptation], [endAdaptation], [startDischarge], [endDischarge], [plannedDubbing], [startDubbing], [endDubbing], [startMixage], [endMixage], [startMontage], [endMontage], [plannedUpload], [shipmentLowRes], [plannedShipment], [shipmentFinal], [status]) VALUES (277, 7, 15, 80, NULL, N'2016-05-07 00:00:00', NULL, NULL, NULL, NULL, NULL, NULL, NULL, NULL, NULL, NULL, NULL, NULL, NULL, NULL, NULL, NULL, NULL, NULL, NULL, N'04')
INSERT INTO [dbo].[orderTrnHdrs] ([orderTrnHdrIntno], [workIntno], [orderIntno], [episodeNo], [priority], [orderReceivedDate], [expectedDeliveryDate], [allowFirstDubbing], [startTranslation], [endTranslation], [startAdaptation], [endAdaptation], [startDischarge], [endDischarge], [plannedDubbing], [startDubbing], [endDubbing], [startMixage], [endMixage], [startMontage], [endMontage], [plannedUpload], [shipmentLowRes], [plannedShipment], [shipmentFinal], [status]) VALUES (278, 7, 15, 81, NULL, N'2016-05-07 00:00:00', NULL, NULL, NULL, NULL, NULL, NULL, NULL, NULL, NULL, NULL, NULL, NULL, NULL, NULL, NULL, NULL, NULL, NULL, NULL, N'04')
INSERT INTO [dbo].[orderTrnHdrs] ([orderTrnHdrIntno], [workIntno], [orderIntno], [episodeNo], [priority], [orderReceivedDate], [expectedDeliveryDate], [allowFirstDubbing], [startTranslation], [endTranslation], [startAdaptation], [endAdaptation], [startDischarge], [endDischarge], [plannedDubbing], [startDubbing], [endDubbing], [startMixage], [endMixage], [startMontage], [endMontage], [plannedUpload], [shipmentLowRes], [plannedShipment], [shipmentFinal], [status]) VALUES (279, 7, 15, 82, NULL, N'2016-05-07 00:00:00', NULL, NULL, NULL, NULL, NULL, NULL, NULL, NULL, NULL, NULL, NULL, NULL, NULL, NULL, NULL, NULL, NULL, NULL, NULL, N'04')
INSERT INTO [dbo].[orderTrnHdrs] ([orderTrnHdrIntno], [workIntno], [orderIntno], [episodeNo], [priority], [orderReceivedDate], [expectedDeliveryDate], [allowFirstDubbing], [startTranslation], [endTranslation], [startAdaptation], [endAdaptation], [startDischarge], [endDischarge], [plannedDubbing], [startDubbing], [endDubbing], [startMixage], [endMixage], [startMontage], [endMontage], [plannedUpload], [shipmentLowRes], [plannedShipment], [shipmentFinal], [status]) VALUES (280, 7, 15, 83, NULL, N'2016-05-07 00:00:00', NULL, NULL, NULL, NULL, NULL, NULL, NULL, NULL, NULL, NULL, NULL, NULL, NULL, NULL, NULL, NULL, NULL, NULL, NULL, N'04')
INSERT INTO [dbo].[orderTrnHdrs] ([orderTrnHdrIntno], [workIntno], [orderIntno], [episodeNo], [priority], [orderReceivedDate], [expectedDeliveryDate], [allowFirstDubbing], [startTranslation], [endTranslation], [startAdaptation], [endAdaptation], [startDischarge], [endDischarge], [plannedDubbing], [startDubbing], [endDubbing], [startMixage], [endMixage], [startMontage], [endMontage], [plannedUpload], [shipmentLowRes], [plannedShipment], [shipmentFinal], [status]) VALUES (281, 7, 15, 84, NULL, N'2016-05-07 00:00:00', NULL, NULL, NULL, NULL, NULL, NULL, NULL, NULL, NULL, NULL, NULL, NULL, NULL, NULL, NULL, NULL, NULL, NULL, NULL, N'04')
INSERT INTO [dbo].[orderTrnHdrs] ([orderTrnHdrIntno], [workIntno], [orderIntno], [episodeNo], [priority], [orderReceivedDate], [expectedDeliveryDate], [allowFirstDubbing], [startTranslation], [endTranslation], [startAdaptation], [endAdaptation], [startDischarge], [endDischarge], [plannedDubbing], [startDubbing], [endDubbing], [startMixage], [endMixage], [startMontage], [endMontage], [plannedUpload], [shipmentLowRes], [plannedShipment], [shipmentFinal], [status]) VALUES (282, 7, 15, 85, NULL, N'2016-05-07 00:00:00', NULL, NULL, NULL, NULL, NULL, NULL, NULL, NULL, NULL, NULL, NULL, NULL, NULL, NULL, NULL, NULL, NULL, NULL, NULL, N'04')
INSERT INTO [dbo].[orderTrnHdrs] ([orderTrnHdrIntno], [workIntno], [orderIntno], [episodeNo], [priority], [orderReceivedDate], [expectedDeliveryDate], [allowFirstDubbing], [startTranslation], [endTranslation], [startAdaptation], [endAdaptation], [startDischarge], [endDischarge], [plannedDubbing], [startDubbing], [endDubbing], [startMixage], [endMixage], [startMontage], [endMontage], [plannedUpload], [shipmentLowRes], [plannedShipment], [shipmentFinal], [status]) VALUES (283, 7, 15, 86, NULL, N'2016-05-07 00:00:00', NULL, NULL, NULL, NULL, NULL, NULL, NULL, NULL, NULL, NULL, NULL, NULL, NULL, NULL, NULL, NULL, NULL, NULL, NULL, N'04')
INSERT INTO [dbo].[orderTrnHdrs] ([orderTrnHdrIntno], [workIntno], [orderIntno], [episodeNo], [priority], [orderReceivedDate], [expectedDeliveryDate], [allowFirstDubbing], [startTranslation], [endTranslation], [startAdaptation], [endAdaptation], [startDischarge], [endDischarge], [plannedDubbing], [startDubbing], [endDubbing], [startMixage], [endMixage], [startMontage], [endMontage], [plannedUpload], [shipmentLowRes], [plannedShipment], [shipmentFinal], [status]) VALUES (284, 7, 15, 87, NULL, N'2016-05-07 00:00:00', NULL, NULL, NULL, NULL, NULL, NULL, NULL, NULL, NULL, NULL, NULL, NULL, NULL, NULL, NULL, NULL, NULL, NULL, NULL, N'04')
INSERT INTO [dbo].[orderTrnHdrs] ([orderTrnHdrIntno], [workIntno], [orderIntno], [episodeNo], [priority], [orderReceivedDate], [expectedDeliveryDate], [allowFirstDubbing], [startTranslation], [endTranslation], [startAdaptation], [endAdaptation], [startDischarge], [endDischarge], [plannedDubbing], [startDubbing], [endDubbing], [startMixage], [endMixage], [startMontage], [endMontage], [plannedUpload], [shipmentLowRes], [plannedShipment], [shipmentFinal], [status]) VALUES (285, 7, 15, 88, NULL, N'2016-05-07 00:00:00', NULL, NULL, NULL, NULL, NULL, NULL, NULL, NULL, NULL, NULL, NULL, NULL, NULL, NULL, NULL, NULL, NULL, NULL, NULL, N'04')
INSERT INTO [dbo].[orderTrnHdrs] ([orderTrnHdrIntno], [workIntno], [orderIntno], [episodeNo], [priority], [orderReceivedDate], [expectedDeliveryDate], [allowFirstDubbing], [startTranslation], [endTranslation], [startAdaptation], [endAdaptation], [startDischarge], [endDischarge], [plannedDubbing], [startDubbing], [endDubbing], [startMixage], [endMixage], [startMontage], [endMontage], [plannedUpload], [shipmentLowRes], [plannedShipment], [shipmentFinal], [status]) VALUES (286, 7, 15, 89, NULL, N'2016-05-07 00:00:00', NULL, NULL, NULL, NULL, NULL, NULL, NULL, NULL, NULL, NULL, NULL, NULL, NULL, NULL, NULL, NULL, NULL, NULL, NULL, N'04')
INSERT INTO [dbo].[orderTrnHdrs] ([orderTrnHdrIntno], [workIntno], [orderIntno], [episodeNo], [priority], [orderReceivedDate], [expectedDeliveryDate], [allowFirstDubbing], [startTranslation], [endTranslation], [startAdaptation], [endAdaptation], [startDischarge], [endDischarge], [plannedDubbing], [startDubbing], [endDubbing], [startMixage], [endMixage], [startMontage], [endMontage], [plannedUpload], [shipmentLowRes], [plannedShipment], [shipmentFinal], [status]) VALUES (287, 7, 15, 90, NULL, N'2016-05-07 00:00:00', NULL, NULL, NULL, NULL, NULL, NULL, NULL, NULL, NULL, NULL, NULL, NULL, NULL, NULL, NULL, NULL, NULL, NULL, NULL, N'04')
INSERT INTO [dbo].[orderTrnHdrs] ([orderTrnHdrIntno], [workIntno], [orderIntno], [episodeNo], [priority], [orderReceivedDate], [expectedDeliveryDate], [allowFirstDubbing], [startTranslation], [endTranslation], [startAdaptation], [endAdaptation], [startDischarge], [endDischarge], [plannedDubbing], [startDubbing], [endDubbing], [startMixage], [endMixage], [startMontage], [endMontage], [plannedUpload], [shipmentLowRes], [plannedShipment], [shipmentFinal], [status]) VALUES (288, 7, 15, 91, NULL, N'2016-05-07 00:00:00', NULL, NULL, NULL, NULL, NULL, NULL, NULL, NULL, NULL, NULL, NULL, NULL, NULL, NULL, NULL, NULL, NULL, NULL, NULL, N'04')
INSERT INTO [dbo].[orderTrnHdrs] ([orderTrnHdrIntno], [workIntno], [orderIntno], [episodeNo], [priority], [orderReceivedDate], [expectedDeliveryDate], [allowFirstDubbing], [startTranslation], [endTranslation], [startAdaptation], [endAdaptation], [startDischarge], [endDischarge], [plannedDubbing], [startDubbing], [endDubbing], [startMixage], [endMixage], [startMontage], [endMontage], [plannedUpload], [shipmentLowRes], [plannedShipment], [shipmentFinal], [status]) VALUES (289, 7, 15, 92, NULL, N'2016-05-07 00:00:00', NULL, NULL, NULL, NULL, NULL, NULL, NULL, NULL, NULL, NULL, NULL, NULL, NULL, NULL, NULL, NULL, NULL, NULL, NULL, N'04')
INSERT INTO [dbo].[orderTrnHdrs] ([orderTrnHdrIntno], [workIntno], [orderIntno], [episodeNo], [priority], [orderReceivedDate], [expectedDeliveryDate], [allowFirstDubbing], [startTranslation], [endTranslation], [startAdaptation], [endAdaptation], [startDischarge], [endDischarge], [plannedDubbing], [startDubbing], [endDubbing], [startMixage], [endMixage], [startMontage], [endMontage], [plannedUpload], [shipmentLowRes], [plannedShipment], [shipmentFinal], [status]) VALUES (290, 7, 15, 93, NULL, N'2016-05-07 00:00:00', NULL, NULL, NULL, NULL, NULL, NULL, NULL, NULL, NULL, NULL, NULL, NULL, NULL, NULL, NULL, NULL, NULL, NULL, NULL, N'04')
SET IDENTITY_INSERT [dbo].[orderTrnHdrs] OFF

-- Default tag types
INSERT INTO TagTypes (Id, TypeName) VALUES (10, N'Gender');
INSERT INTO TagTypes (Id, TypeName) VALUES (20, N'Genre');
INSERT INTO TagTypes (Id, TypeName) VALUES (30, N'Characterstics');
INSERT INTO TagTypes (Id, TypeName) VALUES (40, N'Roles');
INSERT INTO TagTypes (Id, TypeName) VALUES (50, N'Age');
INSERT INTO TagTypes (Id, TypeName) VALUES (60, N'Language and Accent');
INSERT INTO TagTypes (Id, TypeName) VALUES (90, N'Unclassified');

-- Gender default tags
INSERT INTO Tags (TagTypeId, Name) VALUES (10, N'Male');
INSERT INTO Tags (TagTypeId, Name) VALUES (10, N'Female');

-- Genre default tags
INSERT INTO Tags (TagTypeId, Name) VALUES (20, N'Animation and Character');
INSERT INTO Tags (TagTypeId, Name) VALUES (20, N'Announcement');
INSERT INTO Tags (TagTypeId, Name) VALUES (20, N'Audiobook');
INSERT INTO Tags (TagTypeId, Name) VALUES (20, N'Commercial');
INSERT INTO Tags (TagTypeId, Name) VALUES (20, N'Corporate');
INSERT INTO Tags (TagTypeId, Name) VALUES (20, N'Dialog');
INSERT INTO Tags (TagTypeId, Name) VALUES (20, N'Documentary');
INSERT INTO Tags (TagTypeId, Name) VALUES (20, N'Education');
INSERT INTO Tags (TagTypeId, Name) VALUES (20, N'Dialog');
INSERT INTO Tags (TagTypeId, Name) VALUES (20, N'Film');
INSERT INTO Tags (TagTypeId, Name) VALUES (20, N'Government');
INSERT INTO Tags (TagTypeId, Name) VALUES (20, N'Impressions');
INSERT INTO Tags (TagTypeId, Name) VALUES (20, N'Narration');
INSERT INTO Tags (TagTypeId, Name) VALUES (20, N'Podcast');
INSERT INTO Tags (TagTypeId, Name) VALUES (20, N'Promo and Trailer');
INSERT INTO Tags (TagTypeId, Name) VALUES (20, N'Promotional');
INSERT INTO Tags (TagTypeId, Name) VALUES (20, N'Song');
INSERT INTO Tags (TagTypeId, Name) VALUES (20, N'TV');

-- Characterstics defaults tags
INSERT INTO Tags (TagTypeId, Name) VALUES (30, N'arrogant');
INSERT INTO Tags (TagTypeId, Name) VALUES (30, N'attitude');
INSERT INTO Tags (TagTypeId, Name) VALUES (30, N'believable');
INSERT INTO Tags (TagTypeId, Name) VALUES (30, N'calming');
INSERT INTO Tags (TagTypeId, Name) VALUES (30, N'casual');
INSERT INTO Tags (TagTypeId, Name) VALUES (30, N'charming');
INSERT INTO Tags (TagTypeId, Name) VALUES (30, N'cheerful');
INSERT INTO Tags (TagTypeId, Name) VALUES (30, N'classy');
INSERT INTO Tags (TagTypeId, Name) VALUES (30, N'clear');
INSERT INTO Tags (TagTypeId, Name) VALUES (30, N'cool');
INSERT INTO Tags (TagTypeId, Name) VALUES (30, N'corporate');
INSERT INTO Tags (TagTypeId, Name) VALUES (30, N'cute');
INSERT INTO Tags (TagTypeId, Name) VALUES (30, N'deep');
INSERT INTO Tags (TagTypeId, Name) VALUES (30, N'easy-going');
INSERT INTO Tags (TagTypeId, Name) VALUES (30, N'educational');
INSERT INTO Tags (TagTypeId, Name) VALUES (30, N'elegant');
INSERT INTO Tags (TagTypeId, Name) VALUES (30, N'enthusiastic');
INSERT INTO Tags (TagTypeId, Name) VALUES (30, N'exciting');
INSERT INTO Tags (TagTypeId, Name) VALUES (30, N'friendly');
INSERT INTO Tags (TagTypeId, Name) VALUES (30, N'fun');
INSERT INTO Tags (TagTypeId, Name) VALUES (30, N'gravely');
INSERT INTO Tags (TagTypeId, Name) VALUES (30, N'happy');
INSERT INTO Tags (TagTypeId, Name) VALUES (30, N'informative');
INSERT INTO Tags (TagTypeId, Name) VALUES (30, N'innocent');
INSERT INTO Tags (TagTypeId, Name) VALUES (30, N'inviting');
INSERT INTO Tags (TagTypeId, Name) VALUES (30, N'intelligent');
INSERT INTO Tags (TagTypeId, Name) VALUES (30, N'luxurious');
INSERT INTO Tags (TagTypeId, Name) VALUES (30, N'neighborly');
INSERT INTO Tags (TagTypeId, Name) VALUES (30, N'optimistic');
INSERT INTO Tags (TagTypeId, Name) VALUES (30, N'playful');
INSERT INTO Tags (TagTypeId, Name) VALUES (30, N'powerfull');
INSERT INTO Tags (TagTypeId, Name) VALUES (30, N'raw');
INSERT INTO Tags (TagTypeId, Name) VALUES (30, N'relaxing');
INSERT INTO Tags (TagTypeId, Name) VALUES (30, N'rough');
INSERT INTO Tags (TagTypeId, Name) VALUES (30, N'sarcastic');
INSERT INTO Tags (TagTypeId, Name) VALUES (30, N'sesual');
INSERT INTO Tags (TagTypeId, Name) VALUES (30, N'sexy');
INSERT INTO Tags (TagTypeId, Name) VALUES (30, N'silly');
INSERT INTO Tags (TagTypeId, Name) VALUES (30, N'smooth');
INSERT INTO Tags (TagTypeId, Name) VALUES (30, N'sweet');
INSERT INTO Tags (TagTypeId, Name) VALUES (30, N'tough');
INSERT INTO Tags (TagTypeId, Name) VALUES (30, N'warm');

-- Roles default tags
INSERT INTO Tags (TagTypeId, Name) VALUES (40, N'father');
INSERT INTO Tags (TagTypeId, Name) VALUES (40, N'mother');
INSERT INTO Tags (TagTypeId, Name) VALUES (40, N'grandfather');
INSERT INTO Tags (TagTypeId, Name) VALUES (40, N'grnadmother');
INSERT INTO Tags (TagTypeId, Name) VALUES (40, N'friend');
INSERT INTO Tags (TagTypeId, Name) VALUES (40, N'boss');
INSERT INTO Tags (TagTypeId, Name) VALUES (40, N'son');
INSERT INTO Tags (TagTypeId, Name) VALUES (40, N'daughter');
INSERT INTO Tags (TagTypeId, Name) VALUES (40, N'student');
INSERT INTO Tags (TagTypeId, Name) VALUES (40, N'teacher');
INSERT INTO Tags (TagTypeId, Name) VALUES (40, N'manager');
INSERT INTO Tags (TagTypeId, Name) VALUES (40, N'police');
INSERT INTO Tags (TagTypeId, Name) VALUES (40, N'security');
INSERT INTO Tags (TagTypeId, Name) VALUES (40, N'salesman');
INSERT INTO Tags (TagTypeId, Name) VALUES (40, N'driver');
INSERT INTO Tags (TagTypeId, Name) VALUES (40, N'Father');


-- Age default tags
INSERT INTO Tags (TagTypeId, Name) VALUES (50, N'Child');
INSERT INTO Tags (TagTypeId, Name) VALUES (50, N'Preteen');
INSERT INTO Tags (TagTypeId, Name) VALUES (50, N'Teenager');
INSERT INTO Tags (TagTypeId, Name) VALUES (50, N'20s');
INSERT INTO Tags (TagTypeId, Name) VALUES (50, N'30s');
INSERT INTO Tags (TagTypeId, Name) VALUES (50, N'40s');
INSERT INTO Tags (TagTypeId, Name) VALUES (50, N'50s');
INSERT INTO Tags (TagTypeId, Name) VALUES (50, N'60s');
INSERT INTO Tags (TagTypeId, Name) VALUES (50, N'Senior');

-- Language and Accent
INSERT INTO Tags (TagTypeId, Name) VALUES (60, N'Arabic');
INSERT INTO Tags (TagTypeId, Name) VALUES (60, N'English');
INSERT INTO Tags (TagTypeId, Name) VALUES (60, N'Hindi');
INSERT INTO Tags (TagTypeId, Name) VALUES (60, N'Urdo');